pair,contrast,member_a,member_b,a_series,b_series,verified
P/B,laryngeal,P,B,voiceless,voiced,False
T/D,laryngeal,T,D,voiceless,voiced,False
K/G,laryngeal,K,G,voiceless,voiced,False
F/V,laryngeal,F,V,voiceless,voiced,False
S/Z,laryngeal,S,Z,voiceless,voiced,False
SH/ZH,laryngeal,SH,ZH,voiceless,voiced,False
CH/JH,laryngeal,CH,JH,voiceless,voiced,False
TH/DH,laryngeal,TH,DH,voiceless,voiced,False
P/T,place,P,T,,,False
T/K,place,T,K,,,False
B/D,place,B,D,,,False
D/G,place,D,G,,,False
F/S,place,F,S,,,False
F/TH,place,F,TH,,,False
S/SH,place,S,SH,,,False
V/Z,place,V,Z,,,False
M/N,place,M,N,,,False
