session,partition,modality,per,n_trials,input_layer_from,borrowed
t12.2022.08.18,test,nonvocal,0.2615,40,t12.2022.08.13,True
t12.2022.08.18,train,nonvocal,0.245,440,t12.2022.08.13,True
t12.2022.08.23,test,nonvocal,0.2326,40,t12.2022.08.13,True
t12.2022.04.28,test,vocal,0.3266,20,t12.2022.04.28,False
t12.2022.04.28,train,vocal,0.0136,280,t12.2022.04.28,False
t12.2022.05.05,test,vocal,0.2736,20,t12.2022.05.05,False
t12.2022.05.05,train,vocal,0.0251,360,t12.2022.05.05,False
t12.2022.05.17,test,vocal,0.2316,20,t12.2022.05.17,False
t12.2022.05.17,train,vocal,0.0074,420,t12.2022.05.17,False
t12.2022.05.19,test,vocal,0.3218,20,t12.2022.05.19,False
t12.2022.05.19,train,vocal,0.0005,180,t12.2022.05.19,False
t12.2022.05.24,test,vocal,0.1426,40,t12.2022.05.24,False
t12.2022.05.24,train,vocal,0.0008,360,t12.2022.05.24,False
t12.2022.05.26,test,vocal,0.1412,40,t12.2022.05.26,False
t12.2022.05.26,train,vocal,0.001,360,t12.2022.05.26,False
t12.2022.06.02,test,vocal,0.1495,40,t12.2022.06.02,False
t12.2022.06.02,train,vocal,0.0017,400,t12.2022.06.02,False
t12.2022.06.07,test,vocal,0.2005,40,t12.2022.06.07,False
t12.2022.06.07,train,vocal,0.0013,360,t12.2022.06.07,False
t12.2022.06.14,test,vocal,0.1673,40,t12.2022.06.14,False
t12.2022.06.14,train,vocal,0.0006,320,t12.2022.06.14,False
t12.2022.06.16,test,vocal,0.2075,40,t12.2022.06.16,False
t12.2022.06.28,test,vocal,0.1924,40,t12.2022.06.28,False
t12.2022.06.28,train,vocal,0.0025,360,t12.2022.06.28,False
t12.2022.07.05,test,vocal,0.1597,40,t12.2022.07.05,False
t12.2022.07.05,train,vocal,0.0004,360,t12.2022.07.05,False
t12.2022.07.14,test,vocal,0.1624,40,t12.2022.07.14,False
t12.2022.07.14,train,vocal,0.0016,400,t12.2022.07.14,False
t12.2022.07.21,test,vocal,0.1688,40,t12.2022.07.21,False
t12.2022.07.21,train,vocal,0.001,400,t12.2022.07.21,False
t12.2022.07.27,test,vocal,0.1566,40,t12.2022.07.27,False
t12.2022.07.27,train,vocal,0.0008,400,t12.2022.07.27,False
t12.2022.07.29,test,vocal,0.2053,40,t12.2022.07.27,True
t12.2022.07.29,train,vocal,0.1825,200,t12.2022.07.27,True
t12.2022.08.02,test,vocal,0.1696,40,t12.2022.08.02,False
t12.2022.08.02,train,vocal,0.0015,400,t12.2022.08.02,False
t12.2022.08.11,test,vocal,0.1668,40,t12.2022.08.11,False
t12.2022.08.11,train,vocal,0.0011,320,t12.2022.08.11,False
t12.2022.08.13,test,vocal,0.1487,40,t12.2022.08.13,False
t12.2022.08.13,train,vocal,0.0005,320,t12.2022.08.13,False
