session,partition,modality,n_trials,n_blocks,blocks,total_bins,total_sec,bins_mean,bins_min,bins_max,n_sentences_text
t12.2022.05.24,competitionHoldOut,vocal,80,2,1;2,23455,469.1,293.2,162,503,80
t12.2022.05.26,competitionHoldOut,vocal,80,2,3;4,26310,526.2,328.9,149,594,80
t12.2022.06.02,competitionHoldOut,vocal,80,2,2;3,23190,463.8,289.9,133,507,80
t12.2022.06.07,competitionHoldOut,vocal,80,2,2;3,22873,457.5,285.9,132,576,80
t12.2022.06.14,competitionHoldOut,vocal,80,2,1;2,22212,444.2,277.6,128,553,80
t12.2022.06.16,competitionHoldOut,vocal,80,2,6;7,26649,533.0,333.1,153,587,80
t12.2022.06.21,competitionHoldOut,vocal,80,2,1;2,20847,416.9,260.6,126,460,80
t12.2022.06.28,competitionHoldOut,vocal,80,2,1;2,20822,416.4,260.3,147,408,80
t12.2022.07.05,competitionHoldOut,vocal,80,2,3;4,22057,441.1,275.7,146,412,80
t12.2022.07.14,competitionHoldOut,vocal,80,2,1;2,25549,511.0,319.4,179,492,80
t12.2022.07.21,competitionHoldOut,vocal,80,2,1;2,23735,474.7,296.7,122,460,80
t12.2022.07.27,competitionHoldOut,vocal,80,2,1;2,23897,477.9,298.7,136,454,80
t12.2022.08.02,competitionHoldOut,vocal,80,2,1;2,25445,508.9,318.1,169,501,80
t12.2022.08.11,competitionHoldOut,vocal,80,2,1;2,26744,534.9,334.3,162,511,80
t12.2022.08.13,competitionHoldOut,vocal,80,2,1;2,24253,485.1,303.2,147,472,80
t12.2022.04.28,test,vocal,20,1,17,11414,228.3,570.7,254,919,20
t12.2022.05.05,test,vocal,20,1,19,9718,194.4,485.9,283,772,20
t12.2022.05.17,test,vocal,20,1,25,7560,151.2,378.0,214,482,20
t12.2022.05.19,test,vocal,20,1,16,6672,133.4,333.6,224,453,20
t12.2022.05.24,test,vocal,40,1,14,13729,274.6,343.2,168,522,40
t12.2022.05.26,test,vocal,40,1,14,13495,269.9,337.4,195,551,40
t12.2022.06.02,test,vocal,40,1,15,11461,229.2,286.5,121,474,40
t12.2022.06.07,test,vocal,40,1,13,11409,228.2,285.2,137,430,40
t12.2022.06.14,test,vocal,40,1,13,13212,264.2,330.3,171,563,40
t12.2022.06.16,test,vocal,40,1,18,12860,257.2,321.5,128,515,40
t12.2022.06.21,test,vocal,40,1,12,12126,242.5,303.1,159,557,40
t12.2022.06.23,test,nonvocal,40,1,20,10395,207.9,259.9,160,453,40
t12.2022.06.28,test,vocal,40,1,14,10413,208.3,260.3,140,462,40
t12.2022.07.05,test,vocal,40,1,17,10397,207.9,259.9,158,456,40
t12.2022.07.14,test,vocal,40,1,14,11946,238.9,298.6,164,459,40
t12.2022.07.21,test,vocal,40,1,17,11390,227.8,284.8,145,446,40
t12.2022.07.27,test,vocal,40,1,16,10323,206.5,258.1,115,446,40
t12.2022.07.29,test,vocal,40,1,8,11295,225.9,282.4,163,474,40
t12.2022.08.02,test,vocal,40,1,16,9425,188.5,235.6,139,374,40
t12.2022.08.11,test,vocal,40,1,18,10721,214.4,268.0,155,378,40
t12.2022.08.13,test,vocal,40,1,13,10856,217.1,271.4,162,504,40
t12.2022.08.18,test,nonvocal,40,1,17,12009,240.2,300.2,157,445,40
t12.2022.08.23,test,nonvocal,40,1,17,11861,237.2,296.5,169,438,40
t12.2022.08.25,test,nonvocal,40,1,17,9785,195.7,244.6,137,380,40
t12.2022.04.28,train,vocal,280,14,3;4;5;6;7;8;9;10;11;12;13;14;15;16,158447,3168.9,565.9,227,906,280
t12.2022.05.05,train,vocal,360,18,1;2;3;4;5;6;7;8;9;10;11;12;13;14;15;16;17;18,182625,3652.5,507.3,209,854,360
t12.2022.05.17,train,vocal,420,21,1;2;3;4;5;6;7;8;9;10;11;12;13;16;17;18;19;20;21;23;24,153243,3064.9,364.9,164,720,420
t12.2022.05.19,train,vocal,180,9,5;6;7;8;9;10;11;14;15,63926,1278.5,355.1,183,514,180
t12.2022.05.24,train,vocal,360,9,4;5;7;8;9;10;11;12;13,116065,2321.3,322.4,136,647,360
t12.2022.05.26,train,vocal,360,9,5;6;7;8;9;10;11;12;13,124101,2482.0,344.7,131,642,360
t12.2022.06.02,train,vocal,400,10,4;5;6;7;8;9;10;11;12;14,117818,2356.4,294.5,115,547,400
t12.2022.06.07,train,vocal,360,9,4;5;6;7;8;9;10;11;12,104997,2099.9,291.7,123,655,360
t12.2022.06.14,train,vocal,320,8,3;4;6;7;8;10;11;12,103273,2065.5,322.7,97,606,320
t12.2022.06.16,train,vocal,320,8,8;9;10;11;12;13;14;15,99896,1997.9,312.2,120,729,320
t12.2022.06.21,train,vocal,320,8,3;4;5;6;7;8;9;10,88153,1763.1,275.5,132,573,320
t12.2022.06.23,train,nonvocal,480,12,5;6;7;8;9;10;11;12;13;14;16;19,130089,2601.8,271.0,112,549,480
t12.2022.06.28,train,vocal,360,9,3;4;5;6;7;9;10;11;12,103907,2078.1,288.6,119,696,360
t12.2022.07.05,train,vocal,360,9,5;6;7;8;11;13;14;15;16,102780,2055.6,285.5,126,501,360
t12.2022.07.14,train,vocal,400,10,3;4;5;6;7;9;10;11;12;13,117574,2351.5,293.9,120,479,400
t12.2022.07.21,train,vocal,400,10,3;4;5;6;10;11;12;13;14;16,115898,2318.0,289.7,124,558,400
t12.2022.07.27,train,vocal,400,10,3;4;5;6;8;9;10;11;12;15,115710,2314.2,289.3,125,571,400
t12.2022.07.29,train,vocal,200,5,3;4;5;6;7,58447,1168.9,292.2,133,554,200
t12.2022.08.02,train,vocal,400,10,3;4;5;6;8;9;11;12;13;15,121053,2421.1,302.6,103,561,400
t12.2022.08.11,train,vocal,320,8,3;4;5;6;13;14;15;17,95432,1908.6,298.2,145,544,320
t12.2022.08.13,train,vocal,320,8,3;4;5;6;8;9;10;12,92165,1843.3,288.0,136,540,320
t12.2022.08.18,train,nonvocal,440,11,2;3;4;5;6;7;9;10;11;12;16,129275,2585.5,293.8,143,535,440
t12.2022.08.23,train,nonvocal,520,13,1;2;3;4;5;6;8;9;10;11;12;13;16,129295,2585.9,248.6,119,509,520
t12.2022.08.25,train,nonvocal,520,13,1;2;3;4;5;6;9;10;11;12;13;14;16,144599,2892.0,278.1,131,477,520
