,B,D,DH,F,K,L,M,N,NG,P,R,S,T,V,W,Z
B,7,4,1,2,2,2,0,2,0,0,5,2,2,1,0,0
D,2,1,1,10,1,0,0,2,3,3,0,3,2,0,2,0
DH,2,3,3,4,0,2,3,1,1,0,0,0,1,0,8,2
F,0,0,3,3,0,3,4,7,0,0,3,4,2,0,0,1
K,0,2,0,1,15,2,2,2,0,3,0,2,1,0,0,0
L,3,1,1,4,0,7,3,0,0,1,2,5,3,0,0,0
M,2,1,2,4,0,4,2,0,0,0,3,2,5,4,0,1
N,0,7,0,7,1,1,0,2,0,0,0,3,5,0,3,1
NG,0,5,0,4,4,2,1,1,1,0,4,1,0,3,1,3
P,1,4,0,1,1,5,1,0,0,6,6,3,1,0,0,1
R,1,0,0,0,1,0,5,0,1,3,0,9,4,1,1,4
S,0,4,0,3,0,6,2,1,0,0,3,1,5,0,0,5
T,1,1,0,0,0,8,6,5,0,0,2,2,0,0,3,2
V,0,5,0,1,0,0,7,0,3,2,1,3,3,5,0,0
W,1,2,5,0,0,1,1,3,2,0,2,0,3,1,8,1
Z,1,3,1,0,0,0,0,0,0,0,4,8,2,0,0,11
