stage,window,array,pair,contrast,manner,n_per_class,acc,acc_sd,dprime,p_perm,class_a,class_b,n_features_in,clf,n_splits,n_repeats,n_perm,chance,n_features_used,acc_for_perm,acc_perm_mean,acc_perm_p95,skipped
stage1,go_all,6v,P/B,laryngeal,stop,36,0.7581904761904762,0.1120992838206675,1.3993003330874283,0.0019960079840319,B,P,256,lda,5,10,500,0.5,30,0.770952380952381,0.497895238095238,0.5977619047619046,
stage1,go_all,6v,T/D,laryngeal,stop,36,0.6954285714285714,0.1063940393536091,1.0170789097763588,0.0179640718562874,D,T,256,lda,5,10,500,0.5,30,0.6395238095238096,0.4980019047619047,0.6045952380952379,
stage1,go_all,6v,K/G,laryngeal,stop,36,0.5998095238095238,0.1134331693122728,0.5054681625518072,0.1277445109780439,G,K,256,lda,5,10,500,0.5,30,0.5742857142857143,0.4978333333333333,0.6095714285714284,
stage1,go_all,6v,F/V,laryngeal,fricative,36,0.7386666666666666,0.1216166237592672,1.2877812369149158,0.0019960079840319,F,V,256,lda,5,10,500,0.5,30,0.7495238095238095,0.4990133333333333,0.6135238095238094,
stage1,go_all,6v,S/Z,laryngeal,fricative,36,0.7404761904761904,0.1086893678554036,1.292913259370318,0.0019960079840319,S,Z,256,lda,5,10,500,0.5,30,0.75,0.4988857142857143,0.6095714285714285,
stage1,go_all,6v,SH/ZH,laryngeal,fricative,36,0.85,0.0715443506107113,2.066885341000604,0.0019960079840319,SH,ZH,256,lda,5,10,500,0.5,30,0.8614285714285714,0.4992695238095238,0.6057619047619047,
stage1,go_all,6v,CH/JH,laryngeal,affricate,36,0.7467619047619045,0.1021212209296987,1.3221869684621257,0.0019960079840319,CH,JH,256,lda,5,10,500,0.5,30,0.7157142857142857,0.5003219047619047,0.6119761904761906,
stage1,go_all,6v,TH/DH,laryngeal,fricative,36,0.7811428571428571,0.0812541155420265,1.5527109295098855,0.0019960079840319,DH,TH,256,lda,5,10,500,0.5,30,0.7709523809523808,0.4961380952380952,0.6105238095238094,
stage1,go_all,6v,P/T,place,stop,36,0.8976190476190475,0.0913305526166892,2.544227316068369,0.0019960079840319,P,T,256,lda,5,10,500,0.5,30,0.8838095238095238,0.5022619047619047,0.6180952380952381,
stage1,go_all,6v,T/K,place,stop,36,0.7125714285714285,0.0998082515367839,1.1190702819778175,0.0019960079840319,K,T,256,lda,5,10,500,0.5,30,0.740952380952381,0.4949066666666666,0.6062380952380952,
stage1,go_all,6v,B/D,place,stop,36,0.8879047619047619,0.0721814920907951,2.4684272603968096,0.0019960079840319,B,D,256,lda,5,10,500,0.5,30,0.8804761904761905,0.4998276190476191,0.6185952380952381,
stage1,go_all,6v,D/G,place,stop,36,0.8505714285714286,0.1007090058280553,2.066885341000604,0.0019960079840319,D,G,256,lda,5,10,500,0.5,30,0.8419047619047619,0.5008333333333334,0.6105714285714287,
stage1,go_all,6v,F/S,place,fricative,36,0.9126666666666668,0.0771052818540722,2.728309784935025,0.0019960079840319,F,S,256,lda,5,10,500,0.5,30,0.9152380952380954,0.4990780952380952,0.6100238095238096,
stage1,go_all,6v,F/TH,place,fricative,36,0.9804761904761906,0.0313310174278018,4.1368755342125105,0.0019960079840319,F,TH,256,lda,5,10,500,0.5,30,0.9857142857142858,0.501567619047619,0.6114761904761904,
stage1,go_all,6v,S/SH,place,fricative,36,0.8110476190476191,0.0916586391042818,1.7584570179027237,0.0019960079840319,S,SH,256,lda,5,10,500,0.5,30,0.7776190476190477,0.4992580952380953,0.6064047619047617,
stage1,go_all,6v,V/Z,place,fricative,36,0.9074285714285716,0.0707790147871554,2.631664581708534,0.0019960079840319,V,Z,256,lda,5,10,500,0.5,30,0.8671428571428571,0.5036847619047619,0.611452380952381,
stage1,go_all,6v,M/N,place,nasal,36,0.9614285714285716,0.0550345181312696,3.497521200191643,0.0019960079840319,M,N,256,lda,5,10,500,0.5,30,0.9661904761904762,0.50148,0.6252619047619048,
stage1,go_all,44,P/B,laryngeal,stop,36,0.5398095238095239,0.1057561478675891,0.2017650945038598,0.1716566866267465,B,P,256,lda,5,10,500,0.5,30,0.562857142857143,0.4977809523809524,0.6119761904761905,
stage1,go_all,44,T/D,laryngeal,stop,36,0.5459047619047619,0.1327666870765363,0.2299573962851925,0.2235528942115768,D,T,256,lda,5,10,500,0.5,30,0.5557142857142857,0.4988971428571429,0.6096666666666665,
stage1,go_all,44,K/G,laryngeal,stop,36,0.3867619047619047,0.1240740397784273,-0.5752134283455502,0.9161676646706588,G,K,256,lda,5,10,500,0.5,30,0.4066666666666666,0.4975914285714286,0.6038095238095238,
stage1,go_all,44,F/V,laryngeal,fricative,36,0.5376190476190476,0.1082545501078251,0.1905404550534271,0.4730538922155688,F,V,256,lda,5,10,500,0.5,30,0.5061904761904761,0.4968180952380952,0.612404761904762,
stage1,go_all,44,S/Z,laryngeal,fricative,36,0.5342857142857143,0.1259629575179412,0.1761764959893821,0.3812375249500998,S,Z,256,lda,5,10,500,0.5,30,0.520952380952381,0.4987914285714286,0.6162142857142857,
stage1,go_all,44,SH/ZH,laryngeal,fricative,36,0.693809523809524,0.1294826615311417,1.006649614935215,0.0039920159680638,SH,ZH,256,lda,5,10,500,0.5,30,0.7100000000000001,0.5006866666666666,0.6253333333333333,
stage1,go_all,44,CH/JH,laryngeal,affricate,36,0.5585714285714285,0.1069055573201928,0.2984550172708953,0.2235528942115768,CH,JH,256,lda,5,10,500,0.5,30,0.5480952380952381,0.4979685714285714,0.5987142857142856,
stage1,go_all,44,TH/DH,laryngeal,fricative,36,0.5992380952380952,0.102430154290309,0.501187635612767,0.091816367265469,DH,TH,256,lda,5,10,500,0.5,30,0.5976190476190475,0.4975942857142856,0.612404761904762,
stage1,go_all,44,P/T,place,stop,36,0.5918095238095238,0.1032182374154267,0.4624081999608172,0.1037924151696606,P,T,256,lda,5,10,500,0.5,30,0.589047619047619,0.5003057142857142,0.6119285714285714,
stage1,go_all,44,T/K,place,stop,36,0.4900952380952381,0.109452730558709,-0.0486335226408158,0.4471057884231537,K,T,256,lda,5,10,500,0.5,30,0.5004761904761904,0.4932828571428571,0.5981190476190477,
stage1,go_all,44,B/D,place,stop,36,0.6052380952380951,0.1102676603365636,0.5353750727442869,0.1217564870259481,B,D,256,lda,5,10,500,0.5,30,0.5833333333333333,0.4974657142857142,0.6166904761904761,
stage1,go_all,44,D/G,place,stop,36,0.5314285714285714,0.1262614355746785,0.1599507617859658,0.311377245508982,D,G,256,lda,5,10,500,0.5,30,0.5342857142857143,0.4973085714285714,0.6109761904761906,
stage1,go_all,44,F/S,place,fricative,36,0.512095238095238,0.1105960351603857,0.0627024937996005,0.5489021956087824,F,S,256,lda,5,10,500,0.5,30,0.490952380952381,0.4998838095238095,0.6157857142857142,
stage1,go_all,44,F/TH,place,fricative,36,0.5905714285714285,0.1158914575452944,0.4596796217506574,0.0778443113772455,F,TH,256,lda,5,10,500,0.5,30,0.6066666666666667,0.496102857142857,0.618142857142857,
stage1,go_all,44,S/SH,place,fricative,36,0.5001904761904761,0.0930265122037213,0.0,0.6167664670658682,S,SH,256,lda,5,10,500,0.5,30,0.4785714285714285,0.4995038095238095,0.6110238095238094,
stage1,go_all,44,V/Z,place,fricative,36,0.4709523809523809,0.1246973660771388,-0.1396467018650517,0.7564870259481038,V,Z,256,lda,5,10,500,0.5,30,0.4438095238095238,0.4912152380952381,0.6028571428571429,
stage1,go_all,44,M/N,place,nasal,36,0.5637142857142857,0.1295024141992986,0.3228207637073036,0.4251497005988024,M,N,256,lda,5,10,500,0.5,30,0.5119047619047619,0.5009009523809523,0.6181190476190477,
stage1,go_all,all,P/B,laryngeal,stop,36,0.6943809523809524,0.1189740344011163,1.0144104065869757,0.0019960079840319,B,P,512,lda,5,10,500,0.5,30,0.6680952380952382,0.500315238095238,0.6123809523809524,
stage1,go_all,all,T/D,laryngeal,stop,36,0.6762857142857142,0.1164224460361621,0.914057217094719,0.0039920159680638,D,T,512,lda,5,10,500,0.5,30,0.6880952380952381,0.5001152380952381,0.611452380952381,
stage1,go_all,all,K/G,laryngeal,stop,36,0.4993333333333333,0.1225430092483706,0.0,0.5808383233532934,G,K,512,lda,5,10,500,0.5,30,0.4838095238095237,0.5013266666666667,0.6176190476190476,
stage1,go_all,all,F/V,laryngeal,fricative,36,0.5981904761904762,0.1329207562333352,0.4992511388329035,0.0479041916167664,F,V,512,lda,5,10,500,0.5,30,0.6085714285714287,0.4971457142857142,0.6047619047619047,
stage1,go_all,all,S/Z,laryngeal,fricative,36,0.6723809523809523,0.0979425533880567,0.8915979359495098,0.0019960079840319,S,Z,512,lda,5,10,500,0.5,30,0.6871428571428572,0.4973580952380952,0.6038571428571429,
stage1,go_all,all,SH/ZH,laryngeal,fricative,36,0.7383809523809524,0.1302689003352597,1.2678395192976963,0.0059880239520958,SH,ZH,512,lda,5,10,500,0.5,30,0.7014285714285715,0.4995733333333333,0.6161428571428567,
stage1,go_all,all,CH/JH,laryngeal,affricate,36,0.6990476190476191,0.0965716164175875,1.08974347500543,0.0059880239520958,CH,JH,512,lda,5,10,500,0.5,30,0.6995238095238097,0.4993666666666667,0.6109761904761905,
stage1,go_all,all,TH/DH,laryngeal,fricative,36,0.7331428571428572,0.1016505953618323,1.2494297544143236,0.0019960079840319,DH,TH,512,lda,5,10,500,0.5,30,0.729047619047619,0.4980371428571428,0.611452380952381,
stage1,go_all,all,P/T,place,stop,36,0.8119047619047619,0.085355067385274,1.7878775181282596,0.0019960079840319,P,T,512,lda,5,10,500,0.5,30,0.8071428571428572,0.499075238095238,0.6109523809523809,
stage1,go_all,all,T/K,place,stop,36,0.6621904761904763,0.1206911690085235,0.8427330369126875,0.029940119760479,K,T,512,lda,5,10,500,0.5,30,0.6319047619047619,0.49664,0.6123809523809525,
stage1,go_all,all,B/D,place,stop,36,0.8926666666666666,0.0744820969524886,2.51932376738165,0.0019960079840319,B,D,512,lda,5,10,500,0.5,30,0.8876190476190476,0.5007733333333333,0.6176190476190475,
stage1,go_all,all,D/G,place,stop,36,0.7084761904761905,0.1281520143248252,1.1067440227041,0.0059880239520958,D,G,512,lda,5,10,500,0.5,30,0.7085714285714286,0.4927095238095238,0.6047857142857144,
stage1,go_all,all,F/S,place,fricative,36,0.8501904761904763,0.0918403919654739,2.071701537279342,0.0019960079840319,F,S,512,lda,5,10,500,0.5,30,0.8614285714285714,0.5016685714285714,0.6119285714285716,
stage1,go_all,all,F/TH,place,fricative,36,0.9511428571428572,0.0505373394208377,3.292694397139405,0.0019960079840319,F,TH,512,lda,5,10,500,0.5,30,0.9576190476190478,0.5025419047619047,0.6181190476190477,
stage1,go_all,all,S/SH,place,fricative,36,0.714857142857143,0.0956545181790832,1.1369615420248511,0.0019960079840319,S,SH,512,lda,5,10,500,0.5,30,0.7147619047619047,0.5002419047619047,0.6192857142857142,
stage1,go_all,all,V/Z,place,fricative,36,0.7754285714285714,0.0982401149297266,1.5073574527069562,0.0019960079840319,V,Z,512,lda,5,10,500,0.5,30,0.7776190476190477,0.4980028571428571,0.6119285714285715,
stage1,go_all,all,M/N,place,nasal,36,0.9504761904761904,0.0683461909257491,3.2669051884795786,0.0019960079840319,M,N,512,lda,5,10,500,0.5,30,0.9247619047619048,0.5040057142857143,0.619047619047619,
stage1,go_0_500ms,6v,P/B,laryngeal,stop,36,0.7333333333333333,0.1072517964688936,1.2517008639800622,0.0019960079840319,B,P,256,lda,5,10,500,0.5,30,0.7471428571428572,0.4983085714285714,0.6123809523809524,
stage1,go_0_500ms,6v,T/D,laryngeal,stop,36,0.7042857142857144,0.0901057579683319,1.069580756855438,0.0099800399201596,D,T,256,lda,5,10,500,0.5,30,0.6676190476190477,0.5021190476190476,0.6130714285714284,
stage1,go_0_500ms,6v,K/G,laryngeal,stop,36,0.6276190476190476,0.1062192999531614,0.650354717426973,0.0319361277445109,G,K,256,lda,5,10,500,0.5,30,0.6247619047619047,0.4985866666666667,0.6110000000000001,
stage1,go_0_500ms,6v,F/V,laryngeal,fricative,36,0.6036190476190477,0.0944758064508324,0.5273720345244114,0.0359281437125748,F,V,256,lda,5,10,500,0.5,30,0.6090476190476191,0.4991428571428571,0.5976904761904761,
stage1,go_0_500ms,6v,S/Z,laryngeal,fricative,36,0.6796190476190475,0.0981092916424125,0.931040549095108,0.0039920159680638,S,Z,256,lda,5,10,500,0.5,30,0.6804761904761905,0.5034180952380952,0.6139285714285713,
stage1,go_0_500ms,6v,SH/ZH,laryngeal,fricative,36,0.7486666666666667,0.0892868698337921,1.3360457595484976,0.0019960079840319,SH,ZH,256,lda,5,10,500,0.5,30,0.7366666666666667,0.4979314285714286,0.6043333333333333,
stage1,go_0_500ms,6v,CH/JH,laryngeal,affricate,36,0.7364761904761905,0.1083858480775606,1.2682053372264068,0.0039920159680638,CH,JH,256,lda,5,10,500,0.5,30,0.6928571428571428,0.5002971428571429,0.6166666666666666,
stage1,go_0_500ms,6v,TH/DH,laryngeal,fricative,36,0.6521904761904761,0.1208547037166152,0.786046223135309,0.029940119760479,DH,TH,256,lda,5,10,500,0.5,30,0.6223809523809524,0.4967333333333333,0.602452380952381,
stage1,go_0_500ms,6v,P/T,place,stop,36,0.9595238095238096,0.0509078577169012,3.89238366958863,0.0019960079840319,P,T,256,lda,5,10,500,0.5,30,0.9580952380952382,0.4972314285714285,0.61,
stage1,go_0_500ms,6v,T/K,place,stop,36,0.829142857142857,0.0974860417940496,1.8952836046960893,0.0019960079840319,K,T,256,lda,5,10,500,0.5,30,0.8323809523809524,0.4969914285714286,0.6042857142857143,
stage1,go_0_500ms,6v,B/D,place,stop,36,0.9133333333333332,0.0726686013597534,2.950641123733673,0.0019960079840319,B,D,256,lda,5,10,500,0.5,30,0.9157142857142858,0.4979771428571428,0.6081904761904761,
stage1,go_0_500ms,6v,D/G,place,stop,36,0.8157142857142857,0.0774962510979748,1.7885128009958795,0.0019960079840319,D,G,256,lda,5,10,500,0.5,30,0.7933333333333332,0.5011295238095238,0.6163095238095236,
stage1,go_0_500ms,6v,F/S,place,fricative,36,0.8559047619047618,0.0810297109642933,2.1124793629812917,0.0019960079840319,F,S,256,lda,5,10,500,0.5,30,0.8542857142857143,0.4963238095238095,0.6090476190476191,
stage1,go_0_500ms,6v,F/TH,place,fricative,36,0.9610476190476192,0.0462242390105974,3.545027828381067,0.0019960079840319,F,TH,256,lda,5,10,500,0.5,30,0.9652380952380952,0.5092695238095237,0.6190476190476191,
stage1,go_0_500ms,6v,S/SH,place,fricative,36,0.761047619047619,0.0981862268721651,1.4187184047738235,0.0019960079840319,S,SH,256,lda,5,10,500,0.5,30,0.7404761904761905,0.5014057142857142,0.6038333333333333,
stage1,go_0_500ms,6v,V/Z,place,fricative,36,0.9109523809523808,0.0667907009427682,2.731002905474683,0.0019960079840319,V,Z,256,lda,5,10,500,0.5,30,0.881904761904762,0.4987485714285714,0.609595238095238,
stage1,go_0_500ms,6v,M/N,place,nasal,36,0.958952380952381,0.0609961896137151,3.634976885936702,0.0019960079840319,M,N,256,lda,5,10,500,0.5,30,0.9657142857142856,0.5010819047619047,0.6100238095238095,
stage1,go_0_500ms,44,P/B,laryngeal,stop,36,0.5871428571428571,0.1174299617574975,0.434418673639277,0.1377245508982036,B,P,256,lda,5,10,500,0.5,30,0.5752380952380951,0.4999914285714285,0.6105238095238095,
stage1,go_0_500ms,44,T/D,laryngeal,stop,36,0.5436190476190476,0.1132907483018523,0.2160486822275071,0.3832335329341317,D,T,256,lda,5,10,500,0.5,30,0.5214285714285715,0.5017609523809524,0.609547619047619,
stage1,go_0_500ms,44,K/G,laryngeal,stop,36,0.4951428571428571,0.1239723837289484,-0.02816726859647,0.4291417165668663,G,K,256,lda,5,10,500,0.5,30,0.5076190476190476,0.4965914285714286,0.6054761904761904,
stage1,go_0_500ms,44,F/V,laryngeal,fricative,36,0.4461904761904762,0.1255780286110642,-0.272235512155135,0.7125748502994012,F,V,256,lda,5,10,500,0.5,30,0.4647619047619047,0.4982628571428572,0.6171666666666666,
stage1,go_0_500ms,44,S/Z,laryngeal,fricative,36,0.4925714285714285,0.1336498284472933,-0.0354664873699525,0.4331337325349301,S,Z,256,lda,5,10,500,0.5,30,0.5147619047619048,0.5004009523809524,0.6029285714285713,
stage1,go_0_500ms,44,SH/ZH,laryngeal,fricative,36,0.5985714285714285,0.1209008139042955,0.4988147520926009,0.2335329341317365,SH,ZH,256,lda,5,10,500,0.5,30,0.5480952380952381,0.4979857142857142,0.6119523809523809,
stage1,go_0_500ms,44,CH/JH,laryngeal,affricate,36,0.5479047619047619,0.11241488591803,0.2442853454978105,0.1576846307385229,CH,JH,256,lda,5,10,500,0.5,30,0.5671428571428571,0.4964495238095238,0.6162380952380951,
stage1,go_0_500ms,44,TH/DH,laryngeal,fricative,36,0.6188571428571429,0.1173245203864061,0.6173883185473281,0.0419161676646706,DH,TH,256,lda,5,10,500,0.5,30,0.6242857142857143,0.4966895238095238,0.6153809523809523,
stage1,go_0_500ms,44,P/T,place,stop,36,0.7151428571428571,0.0999895232607134,1.144635388968136,0.0019960079840319,P,T,256,lda,5,10,500,0.5,30,0.7285714285714286,0.5012390476190476,0.6100238095238095,
stage1,go_0_500ms,44,T/K,place,stop,36,0.4901904761904762,0.1059303240818732,-0.0487394373121481,0.656686626746507,K,T,256,lda,5,10,500,0.5,30,0.4652380952380952,0.4983819047619048,0.6167619047619046,
stage1,go_0_500ms,44,B/D,place,stop,36,0.5002857142857142,0.1154638088600172,0.0,0.7764471057884231,B,D,256,lda,5,10,500,0.5,30,0.45,0.4973228571428571,0.611047619047619,
stage1,go_0_500ms,44,D/G,place,stop,36,0.5251428571428571,0.1229347853589339,0.1321588403757497,0.0878243512974051,D,G,256,lda,5,10,500,0.5,30,0.5747619047619048,0.4926209523809523,0.5925476190476189,
stage1,go_0_500ms,44,F/S,place,fricative,36,0.4374285714285714,0.1049911344923725,-0.3137445853226975,0.9221556886227544,F,S,256,lda,5,10,500,0.5,30,0.4023809523809524,0.4987809523809524,0.6104761904761904,
stage1,go_0_500ms,44,F/TH,place,fricative,36,0.5725714285714285,0.1255321913524958,0.365686388638841,0.029940119760479,F,TH,256,lda,5,10,500,0.5,30,0.6338095238095238,0.4961371428571429,0.6047619047619046,
stage1,go_0_500ms,44,S/SH,place,fricative,36,0.5136190476190476,0.1323809866392556,0.0628671021181566,0.530938123752495,S,SH,256,lda,5,10,500,0.5,30,0.4990476190476191,0.5033752380952381,0.6109761904761905,
stage1,go_0_500ms,44,V/Z,place,fricative,36,0.5531428571428572,0.1337827799066325,0.2672530052901787,0.3552894211576846,V,Z,256,lda,5,10,500,0.5,30,0.5276190476190477,0.4966980952380952,0.6104761904761905,
stage1,go_0_500ms,44,M/N,place,nasal,36,0.4449523809523809,0.1086263854225911,-0.2786483938858968,0.7604790419161677,M,N,256,lda,5,10,500,0.5,30,0.4566666666666666,0.5001847619047619,0.6130238095238094,
stage1,go_0_500ms,all,P/B,laryngeal,stop,36,0.6545714285714284,0.1077083910643406,0.7984094085831808,0.0099800399201596,B,P,512,lda,5,10,500,0.5,30,0.6580952380952382,0.498167619047619,0.611452380952381,
stage1,go_0_500ms,all,T/D,laryngeal,stop,36,0.7247619047619047,0.0944299041761723,1.216128693021836,0.0039920159680638,D,T,512,lda,5,10,500,0.5,30,0.7014285714285714,0.5035580952380952,0.6185952380952381,
stage1,go_0_500ms,all,K/G,laryngeal,stop,36,0.6118095238095238,0.1154238565750887,0.5661554886061193,0.0678642714570858,G,K,512,lda,5,10,500,0.5,30,0.5980952380952381,0.4960638095238094,0.6109761904761905,
stage1,go_0_500ms,all,F/V,laryngeal,fricative,36,0.4933333333333333,0.1270491896811603,-0.0347365503457671,0.4311377245508982,F,V,512,lda,5,10,500,0.5,30,0.5114285714285715,0.4981619047619047,0.6122142857142856,
stage1,go_0_500ms,all,S/Z,laryngeal,fricative,36,0.6237142857142858,0.130185599239828,0.6300033017392597,0.0499001996007984,S,Z,512,lda,5,10,500,0.5,30,0.6128571428571428,0.5018342857142857,0.611452380952381,
stage1,go_0_500ms,all,SH/ZH,laryngeal,fricative,36,0.7497142857142856,0.0976418556398285,1.3562460786221455,0.0019960079840319,SH,ZH,512,lda,5,10,500,0.5,30,0.7352380952380952,0.4995047619047619,0.6125238095238095,
stage1,go_0_500ms,all,CH/JH,laryngeal,affricate,36,0.703047619047619,0.1134003803278604,1.0783643633210762,0.0019960079840319,CH,JH,512,lda,5,10,500,0.5,30,0.7080952380952381,0.4954828571428571,0.5982857142857141,
stage1,go_0_500ms,all,TH/DH,laryngeal,fricative,36,0.6171428571428571,0.1166073707428678,0.6103988128553415,0.0838323353293413,DH,TH,512,lda,5,10,500,0.5,30,0.5952380952380952,0.4962990476190476,0.6119523809523808,
stage1,go_0_500ms,all,P/T,place,stop,36,0.954190476190476,0.0493393083346207,3.4565395395071072,0.0019960079840319,P,T,512,lda,5,10,500,0.5,30,0.9385714285714286,0.4974095238095237,0.5957380952380953,
stage1,go_0_500ms,all,T/K,place,stop,36,0.718,0.1007108070996686,1.1510481205881298,0.0019960079840319,K,T,512,lda,5,10,500,0.5,30,0.7080952380952381,0.5008561904761905,0.608642857142857,
stage1,go_0_500ms,all,B/D,place,stop,36,0.9194285714285716,0.062639160268102,2.810793103568491,0.0019960079840319,B,D,512,lda,5,10,500,0.5,30,0.8828571428571429,0.4973457142857143,0.6033571428571428,
stage1,go_0_500ms,all,D/G,place,stop,36,0.7144761904761904,0.1092375555265448,1.1345614446720065,0.0019960079840319,D,G,512,lda,5,10,500,0.5,30,0.7161904761904762,0.4914495238095238,0.6038095238095238,
stage1,go_0_500ms,all,F/S,place,fricative,36,0.7613333333333333,0.1171646901837338,1.4151574912219274,0.0019960079840319,F,S,512,lda,5,10,500,0.5,30,0.7700000000000001,0.4994142857142857,0.6038571428571429,
stage1,go_0_500ms,all,F/TH,place,fricative,36,0.926095238095238,0.0634691704759643,2.8854784518845187,0.0019960079840319,F,TH,512,lda,5,10,500,0.5,30,0.9295238095238096,0.5024904761904762,0.612595238095238,
stage1,go_0_500ms,all,S/SH,place,fricative,36,0.6141904761904761,0.122744466602909,0.5802734452899816,0.0838323353293413,S,SH,512,lda,5,10,500,0.5,30,0.5885714285714286,0.5013466666666666,0.6038333333333334,
stage1,go_0_500ms,all,V/Z,place,fricative,36,0.8000952380952381,0.1023199818452254,1.6813343087762207,0.0019960079840319,V,Z,512,lda,5,10,500,0.5,30,0.7847619047619048,0.5041019047619048,0.6205714285714287,
stage1,go_0_500ms,all,M/N,place,nasal,36,0.9242857142857142,0.0755883948908618,2.8926447524768557,0.0019960079840319,M,N,512,lda,5,10,500,0.5,30,0.9247619047619048,0.5005409523809524,0.6104999999999999,
