stage,test,array,position,feature,T_rel,MI,H_stim,n_phonemes,n_per_class,multiclass_acc,n_feature_values,n_trials,chance
stage2,feature_transmission,6v,all,voicing,0.01701881325702619,0.01624333406193597,0.954434002924965,24,300,0.14472222222222222,2,21600,0.041666666666666664
stage2,feature_transmission,6v,all,place,0.04836987409293669,0.1398895243738419,2.892079563925711,24,300,0.14472222222222222,9,21600,0.041666666666666664
stage2,feature_transmission,6v,all,manner,0.016156843693979725,0.03853751395299292,2.3852130207431887,24,300,0.14472222222222222,7,21600,0.041666666666666664
stage2,feature_transmission,6v,all,nasal,0.011833916987339503,0.006432496498093443,0.5435644431995964,24,300,0.14472222222222222,2,21600,0.041666666666666664
stage2,feature_transmission,6v,initial,voicing,0.027533236005006713,0.027126518788203907,0.9852281360342515,21,223,0.19218302942956095,2,14049,0.047619047619047616
stage2,feature_transmission,6v,initial,place,0.05535426103397017,0.16309510384121623,2.946387519131128,21,223,0.19218302942956095,9,14049,0.047619047619047616
stage2,feature_transmission,6v,initial,manner,0.03496307037449974,0.08503918834267771,2.4322574485535142,21,223,0.19218302942956095,7,14049,0.047619047619047616
stage2,feature_transmission,6v,initial,nasal,0.018581896531165376,0.008430910069270943,0.4537163391869448,21,223,0.19218302942956095,2,14049,0.047619047619047616
stage2,feature_transmission,6v,medial,voicing,0.002698132610529542,0.0025751895078900966,0.954434002924965,24,56,0.09971240452015019,2,4032,0.041666666666666664
stage2,feature_transmission,6v,medial,place,0.02922363208017389,0.08451706912275472,2.892079563925711,24,56,0.09971240452015019,9,4032,0.041666666666666664
stage2,feature_transmission,6v,medial,manner,0.00983337427923078,0.023454692368662423,2.3852130207431887,24,56,0.09971240452015019,7,4032,0.041666666666666664
stage2,feature_transmission,6v,medial,nasal,0.00837545361004258,0.004552598778086845,0.5435644431995964,24,56,0.09971240452015019,2,4032,0.041666666666666664
stage2,feature_transmission,6v,final,voicing,0.003808639934894135,0.003651388363564257,0.9587118829771318,21,20,0.11269841269841269,2,1260,0.047619047619047616
stage2,feature_transmission,6v,final,place,0.060327803515923574,0.14826125196215884,2.457594066441109,21,20,0.11269841269841269,6,1260,0.047619047619047616
stage2,feature_transmission,6v,final,manner,0.03215321128196115,0.07039104018538682,2.1892382558030263,21,20,0.11269841269841269,6,1260,0.047619047619047616
stage2,feature_transmission,6v,final,nasal,0.020517098838048,0.012139408877956098,0.5916727785823273,21,20,0.11269841269841269,2,1260,0.047619047619047616
stage2,feature_transmission,6v_sup,all,voicing,0.0039777005334784765,0.0037964526426046315,0.954434002924965,24,300,0.1023148148148148,2,21600,0.041666666666666664
stage2,feature_transmission,6v_sup,all,place,0.02762817101248852,0.07990286877386278,2.8920795639257113,24,300,0.1023148148148148,9,21600,0.041666666666666664
stage2,feature_transmission,6v_sup,all,manner,0.005714198952442517,0.013629581744482982,2.3852130207431887,24,300,0.1023148148148148,7,21600,0.041666666666666664
stage2,feature_transmission,6v_sup,all,nasal,0.0027404134260594144,0.001489591298072684,0.5435644431995964,24,300,0.1023148148148148,2,21600,0.041666666666666664
stage2,feature_transmission,6v_sup,initial,voicing,0.006325553872921274,0.006232113651602467,0.9852281360342515,21,223,0.1265545612930885,2,14049,0.047619047619047616
stage2,feature_transmission,6v_sup,initial,place,0.02833973981676022,0.08349985569152579,2.946387519131128,21,223,0.1265545612930885,9,14049,0.047619047619047616
stage2,feature_transmission,6v_sup,initial,manner,0.0147387207348214,0.03584836328941948,2.4322574485535147,21,223,0.1265545612930885,7,14049,0.047619047619047616
stage2,feature_transmission,6v_sup,initial,nasal,0.003588339349972875,0.0016280881936301542,0.4537163391869448,21,223,0.1265545612930885,2,14049,0.047619047619047616
stage2,feature_transmission,6v_sup,medial,voicing,0.0030129768105306193,0.002875687517994833,0.954434002924965,24,56,0.06796038395383677,2,4032,0.041666666666666664
stage2,feature_transmission,6v_sup,medial,place,0.019106780281959786,0.05525832878587463,2.8920795639257113,24,56,0.06796038395383677,9,4032,0.041666666666666664
stage2,feature_transmission,6v_sup,medial,manner,0.005925064278756592,0.014132540466430574,2.3852130207431887,24,56,0.06796038395383677,7,4032,0.041666666666666664
stage2,feature_transmission,6v_sup,medial,nasal,0.0003677635773353168,0.0001999032041433632,0.5435644431995964,24,56,0.06796038395383677,2,4032,0.041666666666666664
stage2,feature_transmission,6v_sup,final,voicing,7.795984086152233e-05,7.474102582894762e-05,0.9587118829771318,21,20,0.08095238095238094,2,1260,0.047619047619047616
stage2,feature_transmission,6v_sup,final,place,0.03138533225654484,0.07713240632696734,2.457594066441109,21,20,0.08095238095238094,6,1260,0.047619047619047616
stage2,feature_transmission,6v_sup,final,manner,0.02407436530581766,0.052704521511673146,2.1892382558030263,21,20,0.08095238095238094,6,1260,0.047619047619047616
stage2,feature_transmission,6v_sup,final,nasal,0.0284812509822723,0.01685158090618169,0.5916727785823273,21,20,0.08095238095238094,2,1260,0.047619047619047616
stage2,feature_transmission,6v_inf,all,voicing,0.008726926635825086,0.008329275522263035,0.954434002924965,24,300,0.12833333333333335,2,21600,0.041666666666666664
stage2,feature_transmission,6v_inf,all,place,0.03501768236418849,0.10127392354151132,2.8920795639257113,24,300,0.12833333333333335,9,21600,0.041666666666666664
stage2,feature_transmission,6v_inf,all,manner,0.015196751527909665,0.03624748961736908,2.3852130207431887,24,300,0.12833333333333335,7,21600,0.041666666666666664
stage2,feature_transmission,6v_inf,all,nasal,0.013064500629269985,0.007101398010229916,0.5435644431995964,24,300,0.12833333333333335,2,21600,0.041666666666666664
stage2,feature_transmission,6v_inf,initial,voicing,0.022421464627115074,0.02209025780173049,0.9852281360342515,21,223,0.17018816493202835,2,14049,0.047619047619047616
stage2,feature_transmission,6v_inf,initial,place,0.03980969808477216,0.11729479757735106,2.946387519131128,21,223,0.17018816493202835,9,14049,0.047619047619047616
stage2,feature_transmission,6v_inf,initial,manner,0.028810824631634747,0.07007534280926267,2.4322574485535142,21,223,0.17018816493202835,7,14049,0.047619047619047616
stage2,feature_transmission,6v_inf,initial,nasal,0.021724120886306566,0.009856588600589663,0.4537163391869448,21,223,0.17018816493202835,2,14049,0.047619047619047616
stage2,feature_transmission,6v_inf,medial,voicing,0.01069994077631817,0.010212387306201408,0.954434002924965,24,56,0.09003033161330892,2,4032,0.041666666666666664
stage2,feature_transmission,6v_inf,medial,place,0.019975637494336965,0.05777113297376013,2.892079563925711,24,56,0.09003033161330892,9,4032,0.041666666666666664
stage2,feature_transmission,6v_inf,medial,manner,0.00944108138769436,0.02251899025582476,2.3852130207431887,24,56,0.09003033161330892,7,4032,0.041666666666666664
stage2,feature_transmission,6v_inf,medial,nasal,0.01201936548964643,0.006533299709992106,0.5435644431995964,24,56,0.09003033161330892,2,4032,0.041666666666666664
stage2,feature_transmission,6v_inf,final,voicing,0.005176333859924299,0.00496261278176631,0.9587118829771318,21,20,0.10079365079365081,2,1260,0.047619047619047616
stage2,feature_transmission,6v_inf,final,place,0.036365940902309116,0.08937272058206291,2.457594066441109,21,20,0.10079365079365081,6,1260,0.047619047619047616
stage2,feature_transmission,6v_inf,final,manner,0.022524827533974494,0.049312214142742304,2.1892382558030263,21,20,0.10079365079365081,6,1260,0.047619047619047616
stage2,feature_transmission,6v_inf,final,nasal,0.0023512965913817132,0.0013911981874939732,0.5916727785823273,21,20,0.10079365079365081,2,1260,0.047619047619047616
