stage,test,array,modality,pair,contrast,manner,n_matched_per_class,acc,acc_sd,dprime,p_perm,mean_per,sessions,partitions_used,input_layer_from,class_a,class_b,n_per_class,n_features_in,n_available_min_class,clf,n_splits,n_repeats,n_perm,chance,n_features_used,skipped,partitions,positions
stage2,T3_modality,6v,vocal,P/B,laryngeal,stop,28,0.6954545454545457,0.11226444577480428,1.0305061629776386,,0.18738571428571427,t12.2022.07.29,t12.2022.07.29/test:12;t12.2022.07.29/train:44,t12.2022.07.27,B,P,28,256,28,lda,5,10,0,0.5,30,,held_out,initial
stage2,T3_modality,6v,nonvocal,P/B,laryngeal,stop,28,0.5633333333333332,0.11508929738606934,0.31375160033646626,,0.26435714285714285,t12.2022.06.23;t12.2022.08.18;t12.2022.08.23;t12.2022.08.25,t12.2022.06.23/test:3;t12.2022.06.23/train:15;t12.2022.08.18/train:12;t12.2022.08.23/train:17;t12.2022.08.25/test:1;t12.2022.08.25/train:8,t12.2022.06.21;t12.2022.08.13,B,P,28,256,28,lda,5,10,0,0.5,30,,held_out,initial
stage2,T3_modality,6v,vocal,T/D,laryngeal,stop,49,0.747578947368421,0.08527589248630109,1.3387340360334545,,0.18529183673469388,t12.2022.07.29,t12.2022.07.29/test:12;t12.2022.07.29/train:86,t12.2022.07.27,D,T,49,256,49,lda,5,10,0,0.5,30,,held_out,initial
stage2,T3_modality,6v,nonvocal,T/D,laryngeal,stop,49,0.6483157894736842,0.09810356899372967,0.7588346431094614,,0.263530612244898,t12.2022.06.23;t12.2022.08.18;t12.2022.08.23;t12.2022.08.25,t12.2022.06.23/test:5;t12.2022.06.23/train:20;t12.2022.08.18/test:2;t12.2022.08.18/train:23;t12.2022.08.23/test:4;t12.2022.08.23/train:27;t12.2022.08.25/train:17,t12.2022.06.21;t12.2022.08.13,D,T,49,256,49,lda,5,10,0,0.5,30,,held_out,initial
stage2,T3_modality,6v,vocal,K/G,laryngeal,stop,28,0.7213636363636364,0.1166498413684151,1.1697530639378666,,0.18535,t12.2022.07.29,t12.2022.07.29/test:7;t12.2022.07.29/train:49,t12.2022.07.27,G,K,28,256,28,lda,5,10,0,0.5,30,,held_out,initial
stage2,T3_modality,6v,nonvocal,K/G,laryngeal,stop,28,0.5748484848484848,0.15104958775657917,0.37876601108049157,,0.2631964285714286,t12.2022.06.23;t12.2022.08.18;t12.2022.08.23;t12.2022.08.25,t12.2022.06.23/train:10;t12.2022.08.18/train:16;t12.2022.08.23/test:2;t12.2022.08.23/train:18;t12.2022.08.25/train:10,t12.2022.06.21;t12.2022.08.13,G,K,28,256,28,lda,5,10,0,0.5,30,,held_out,initial
stage2,T3_modality,6v,vocal,TH/DH,laryngeal,fricative,18,0.6742857142857142,0.16825788030791985,0.8885100219629132,,0.1863,t12.2022.07.29,t12.2022.07.29/test:6;t12.2022.07.29/train:30,t12.2022.07.27,DH,TH,18,256,18,lda,5,10,0,0.5,30,,held_out,initial
stage2,T3_modality,6v,nonvocal,TH/DH,laryngeal,fricative,18,0.7435714285714284,0.17680411159684897,1.3216629160010682,,0.2712361111111111,t12.2022.06.23;t12.2022.08.18;t12.2022.08.23;t12.2022.08.25,t12.2022.06.23/test:1;t12.2022.06.23/train:7;t12.2022.08.18/test:1;t12.2022.08.18/train:6;t12.2022.08.23/test:1;t12.2022.08.23/train:7;t12.2022.08.25/test:1;t12.2022.08.25/train:12,t12.2022.06.21;t12.2022.08.13,DH,TH,18,256,18,lda,5,10,0,0.5,30,,held_out,initial
stage2,T3_modality,6v,vocal,P/T,place,stop,28,0.6824242424242424,0.13835117213799067,0.9441874470641347,,0.18738571428571427,t12.2022.07.29,t12.2022.07.29/test:12;t12.2022.07.29/train:44,t12.2022.07.27,P,T,28,256,28,lda,5,10,0,0.5,30,,held_out,initial
stage2,T3_modality,6v,nonvocal,P/T,place,stop,28,0.7881818181818181,0.10600604657286858,1.5885422087757344,,0.26581785714285716,t12.2022.06.23;t12.2022.08.18;t12.2022.08.23;t12.2022.08.25,t12.2022.06.23/test:2;t12.2022.06.23/train:14;t12.2022.08.18/train:14;t12.2022.08.23/test:1;t12.2022.08.23/train:10;t12.2022.08.25/test:2;t12.2022.08.25/train:13,t12.2022.06.21;t12.2022.08.13,P,T,28,256,28,lda,5,10,0,0.5,30,,held_out,initial
stage2,T3_modality,6v,vocal,T/K,place,stop,45,0.7744444444444446,0.0919003754744543,1.514341767335667,,0.18553999999999998,t12.2022.07.29,t12.2022.07.29/test:12;t12.2022.07.29/train:78,t12.2022.07.27,K,T,45,256,45,lda,5,10,0,0.5,30,,held_out,initial
stage2,T3_modality,6v,nonvocal,T/K,place,stop,45,0.7755555555555556,0.10181076612404717,1.5108319943739366,,0.2674488888888889,t12.2022.06.23;t12.2022.08.18;t12.2022.08.23;t12.2022.08.25,t12.2022.06.23/test:3;t12.2022.06.23/train:16;t12.2022.08.18/test:3;t12.2022.08.18/train:19;t12.2022.08.23/test:2;t12.2022.08.23/train:24;t12.2022.08.25/train:23,t12.2022.06.21;t12.2022.08.13,K,T,45,256,45,lda,5,10,0,0.5,30,,held_out,initial
stage2,T3_modality,6v,vocal,B/D,place,stop,40,0.7625,0.10825317547305482,1.4312108947294635,,0.186775,t12.2022.07.29,t12.2022.07.29/test:15;t12.2022.07.29/train:65,t12.2022.07.27,B,D,40,256,40,lda,5,10,0,0.5,30,,held_out,initial
stage2,T3_modality,6v,nonvocal,B/D,place,stop,40,0.64125,0.11443475215160821,0.7222052598891906,,0.2671275,t12.2022.06.23;t12.2022.08.18;t12.2022.08.23;t12.2022.08.25,t12.2022.06.23/test:3;t12.2022.06.23/train:11;t12.2022.08.18/test:1;t12.2022.08.18/train:21;t12.2022.08.23/test:3;t12.2022.08.23/train:20;t12.2022.08.25/train:21,t12.2022.06.21;t12.2022.08.13,B,D,40,256,40,lda,5,10,0,0.5,30,,held_out,initial
stage2,T3_modality,6v,vocal,D/G,place,stop,28,0.6642424242424242,0.11676933695649676,0.8471466186851704,,0.18657142857142858,t12.2022.07.29,t12.2022.07.29/test:10;t12.2022.07.29/train:46,t12.2022.07.27,D,G,28,256,28,lda,5,10,0,0.5,30,,held_out,initial
stage2,T3_modality,6v,nonvocal,D/G,place,stop,28,0.6174242424242424,0.14716676884147342,0.5928923142201834,,0.2665410714285714,t12.2022.06.23;t12.2022.08.18;t12.2022.08.23;t12.2022.08.25,t12.2022.06.23/test:2;t12.2022.06.23/train:10;t12.2022.08.18/test:1;t12.2022.08.18/train:15;t12.2022.08.23/test:2;t12.2022.08.23/train:10;t12.2022.08.25/test:1;t12.2022.08.25/train:15,t12.2022.06.21;t12.2022.08.13,D,G,28,256,28,lda,5,10,0,0.5,30,,held_out,initial
stage2,T3_modality,6v,vocal,F/S,place,fricative,40,0.65625,0.10915155747858113,0.8024976644572566,,0.186205,t12.2022.07.29,t12.2022.07.29/test:13;t12.2022.07.29/train:67,t12.2022.07.27,F,S,40,256,40,lda,5,10,0,0.5,30,,held_out,initial
stage2,T3_modality,6v,nonvocal,F/S,place,fricative,40,0.655,0.10550473923004595,0.8054024088719587,,0.26300125,t12.2022.06.23;t12.2022.08.18;t12.2022.08.23;t12.2022.08.25,t12.2022.06.23/test:4;t12.2022.06.23/train:25;t12.2022.08.18/test:2;t12.2022.08.18/train:16;t12.2022.08.23/test:1;t12.2022.08.23/train:15;t12.2022.08.25/test:1;t12.2022.08.25/train:16,t12.2022.06.21;t12.2022.08.13,F,S,40,256,40,lda,5,10,0,0.5,30,,held_out,initial
stage2,T3_modality,6v,vocal,F/TH,place,fricative,18,0.7346428571428569,0.16648412622744033,1.2466402538621084,,0.18376666666666666,t12.2022.07.29,t12.2022.07.29/test:2;t12.2022.07.29/train:34,t12.2022.07.27,F,TH,18,256,18,lda,5,10,0,0.5,30,,held_out,initial
stage2,T3_modality,6v,nonvocal,F/TH,place,fricative,18,0.6032142857142858,0.17471879739531548,0.5181561898028314,,0.2756861111111111,t12.2022.06.23;t12.2022.08.18;t12.2022.08.23;t12.2022.08.25,t12.2022.06.23/test:1;t12.2022.06.23/train:7;t12.2022.08.18/train:4;t12.2022.08.23/test:1;t12.2022.08.23/train:6;t12.2022.08.25/test:1;t12.2022.08.25/train:16,t12.2022.06.21;t12.2022.08.13,F,TH,18,256,18,lda,5,10,0,0.5,30,,held_out,initial
stage2,T3_modality,6v,vocal,M/N,place,nasal,26,0.6547272727272727,0.10431183383339568,0.8057407922661787,,0.18732307692307693,t12.2022.07.29,t12.2022.07.29/test:11;t12.2022.07.29/train:41,t12.2022.07.27,M,N,26,256,26,lda,5,10,0,0.5,30,,held_out,initial
stage2,T3_modality,6v,nonvocal,M/N,place,nasal,26,0.6912727272727274,0.11300493662880107,1.015145478094653,,0.271,t12.2022.06.23;t12.2022.08.18;t12.2022.08.23;t12.2022.08.25,t12.2022.06.23/test:1;t12.2022.06.23/train:12;t12.2022.08.18/train:9;t12.2022.08.23/train:13;t12.2022.08.25/test:2;t12.2022.08.25/train:15,t12.2022.06.21;t12.2022.08.13,M,N,26,256,26,lda,5,10,0,0.5,30,,held_out,initial
stage2,T3_modality,6v_sup,vocal,P/B,laryngeal,stop,28,0.7278787878787878,0.1252347657660357,1.2027823243967295,,0.18738571428571427,t12.2022.07.29,t12.2022.07.29/test:12;t12.2022.07.29/train:44,t12.2022.07.27,B,P,28,128,28,lda,5,10,0,0.5,30,,held_out,initial
stage2,T3_modality,6v_sup,nonvocal,P/B,laryngeal,stop,28,0.5928787878787878,0.12327608305673424,0.46827595886667467,,0.2609125,t12.2022.06.23;t12.2022.08.18;t12.2022.08.23;t12.2022.08.25,t12.2022.06.23/test:1;t12.2022.06.23/train:19;t12.2022.08.18/train:13;t12.2022.08.23/train:12;t12.2022.08.25/train:11,t12.2022.06.21;t12.2022.08.13,B,P,28,128,28,lda,5,10,0,0.5,30,,held_out,initial
stage2,T3_modality,6v_sup,vocal,T/D,laryngeal,stop,49,0.6350000000000001,0.08124762941353156,0.68861836221629,,0.18552448979591837,t12.2022.07.29,t12.2022.07.29/test:13;t12.2022.07.29/train:85,t12.2022.07.27,D,T,49,128,49,lda,5,10,0,0.5,30,,held_out,initial
stage2,T3_modality,6v_sup,nonvocal,T/D,laryngeal,stop,49,0.6846842105263158,0.10062641750692017,0.9602799561818862,,0.2672857142857143,t12.2022.06.23;t12.2022.08.18;t12.2022.08.23;t12.2022.08.25,t12.2022.06.23/test:1;t12.2022.06.23/train:14;t12.2022.08.18/test:1;t12.2022.08.18/train:23;t12.2022.08.23/test:6;t12.2022.08.23/train:26;t12.2022.08.25/test:1;t12.2022.08.25/train:26,t12.2022.06.21;t12.2022.08.13,D,T,49,128,49,lda,5,10,0,0.5,30,,held_out,initial
stage2,T3_modality,6v_sup,vocal,K/G,laryngeal,stop,28,0.6857575757575758,0.11428341037950618,0.9637542458552336,,0.18453571428571428,t12.2022.07.29,t12.2022.07.29/test:5;t12.2022.07.29/train:51,t12.2022.07.27,G,K,28,128,28,lda,5,10,0,0.5,30,,held_out,initial
stage2,T3_modality,6v_sup,nonvocal,K/G,laryngeal,stop,28,0.49151515151515146,0.14475558070446623,-0.04465941145911319,,0.2624053571428572,t12.2022.06.23;t12.2022.08.18;t12.2022.08.23;t12.2022.08.25,t12.2022.06.23/train:16;t12.2022.08.18/test:2;t12.2022.08.18/train:12;t12.2022.08.23/test:1;t12.2022.08.23/train:13;t12.2022.08.25/train:12,t12.2022.06.21;t12.2022.08.13,G,K,28,128,28,lda,5,10,0,0.5,30,,held_out,initial
stage2,T3_modality,6v_sup,vocal,TH/DH,laryngeal,fricative,18,0.5825,0.17142447911782124,0.42056402301620643,,0.18313333333333334,t12.2022.07.29,t12.2022.07.29/test:1;t12.2022.07.29/train:35,t12.2022.07.27,DH,TH,18,128,18,lda,5,10,0,0.5,30,,held_out,initial
stage2,T3_modality,6v_sup,nonvocal,TH/DH,laryngeal,fricative,18,0.734642857142857,0.16154586446743416,1.267930004972796,,0.2692722222222222,t12.2022.06.23;t12.2022.08.18;t12.2022.08.23;t12.2022.08.25,t12.2022.06.23/test:1;t12.2022.06.23/train:7;t12.2022.08.18/test:1;t12.2022.08.18/train:5;t12.2022.08.23/test:2;t12.2022.08.23/train:8;t12.2022.08.25/train:12,t12.2022.06.21;t12.2022.08.13,DH,TH,18,128,18,lda,5,10,0,0.5,30,,held_out,initial
stage2,T3_modality,6v_sup,vocal,P/T,place,stop,28,0.6854545454545454,0.11529337354536504,0.9638026162488986,,0.18616428571428573,t12.2022.07.29,t12.2022.07.29/test:9;t12.2022.07.29/train:47,t12.2022.07.27,P,T,28,128,28,lda,5,10,0,0.5,30,,held_out,initial
stage2,T3_modality,6v_sup,nonvocal,P/T,place,stop,28,0.7107575757575758,0.1264193068271588,1.113867112524198,,0.2644714285714286,t12.2022.06.23;t12.2022.08.18;t12.2022.08.23;t12.2022.08.25,t12.2022.06.23/test:1;t12.2022.06.23/train:12;t12.2022.08.18/test:1;t12.2022.08.18/train:14;t12.2022.08.23/test:3;t12.2022.08.23/train:12;t12.2022.08.25/test:2;t12.2022.08.25/train:11,t12.2022.06.21;t12.2022.08.13,P,T,28,128,28,lda,5,10,0,0.5,30,,held_out,initial
stage2,T3_modality,6v_sup,vocal,T/K,place,stop,45,0.6844444444444444,0.10389928646720853,0.9595379429661197,,0.18604666666666667,t12.2022.07.29,t12.2022.07.29/test:14;t12.2022.07.29/train:76,t12.2022.07.27,K,T,45,128,45,lda,5,10,0,0.5,30,,held_out,initial
stage2,T3_modality,6v_sup,nonvocal,T/K,place,stop,45,0.6511111111111112,0.08243216440440625,0.7750555649600479,,0.2626677777777778,t12.2022.06.23;t12.2022.08.18;t12.2022.08.23;t12.2022.08.25,t12.2022.06.23/test:2;t12.2022.06.23/train:21;t12.2022.08.18/test:2;t12.2022.08.18/train:21;t12.2022.08.23/test:3;t12.2022.08.23/train:27;t12.2022.08.25/test:1;t12.2022.08.25/train:13,t12.2022.06.21;t12.2022.08.13,K,T,45,128,45,lda,5,10,0,0.5,30,,held_out,initial
stage2,T3_modality,6v_sup,vocal,B/D,place,stop,40,0.6725,0.09807522622966515,0.8938515802902505,,0.18592,t12.2022.07.29,t12.2022.07.29/test:12;t12.2022.07.29/train:68,t12.2022.07.27,B,D,40,128,40,lda,5,10,0,0.5,30,,held_out,initial
stage2,T3_modality,6v_sup,nonvocal,B/D,place,stop,40,0.68875,0.10788448683661613,0.9833337453110129,,0.2614725,t12.2022.06.23;t12.2022.08.18;t12.2022.08.23;t12.2022.08.25,t12.2022.06.23/test:1;t12.2022.06.23/train:30;t12.2022.08.18/train:9;t12.2022.08.23/test:4;t12.2022.08.23/train:19;t12.2022.08.25/train:17,t12.2022.06.21;t12.2022.08.13,B,D,40,128,40,lda,5,10,0,0.5,30,,held_out,initial
stage2,T3_modality,6v_sup,vocal,D/G,place,stop,28,0.5890909090909091,0.12783569574106238,0.4498573459866514,,0.18616428571428573,t12.2022.07.29,t12.2022.07.29/test:9;t12.2022.07.29/train:47,t12.2022.07.27,D,G,28,128,28,lda,5,10,0,0.5,30,,held_out,initial
stage2,T3_modality,6v_sup,nonvocal,D/G,place,stop,28,0.5872727272727272,0.14967243081907602,0.44167602661543026,,0.2666375,t12.2022.06.23;t12.2022.08.18;t12.2022.08.23;t12.2022.08.25,t12.2022.06.23/test:2;t12.2022.06.23/train:14;t12.2022.08.18/test:1;t12.2022.08.18/train:10;t12.2022.08.23/test:3;t12.2022.08.23/train:8;t12.2022.08.25/test:1;t12.2022.08.25/train:17,t12.2022.06.21;t12.2022.08.13,D,G,28,128,28,lda,5,10,0,0.5,30,,held_out,initial
stage2,T3_modality,6v_sup,vocal,F/S,place,fricative,40,0.66875,0.10551214385083833,0.8714781221217398,,0.18649,t12.2022.07.29,t12.2022.07.29/test:14;t12.2022.07.29/train:66,t12.2022.07.27,F,S,40,128,40,lda,5,10,0,0.5,30,,held_out,initial
stage2,T3_modality,6v_sup,nonvocal,F/S,place,fricative,40,0.62625,0.11557600313213812,0.6455770914349336,,0.25591125000000003,t12.2022.06.23;t12.2022.08.18;t12.2022.08.23;t12.2022.08.25,t12.2022.06.23/test:2;t12.2022.06.23/train:25;t12.2022.08.18/test:1;t12.2022.08.18/train:26;t12.2022.08.23/test:3;t12.2022.08.23/train:14;t12.2022.08.25/test:1;t12.2022.08.25/train:8,t12.2022.06.21;t12.2022.08.13,F,S,40,128,40,lda,5,10,0,0.5,30,,held_out,initial
stage2,T3_modality,6v_sup,vocal,F/TH,place,fricative,18,0.7403571428571428,0.15690769742177751,1.2733856259829484,,0.18503333333333333,t12.2022.07.29,t12.2022.07.29/test:4;t12.2022.07.29/train:32,t12.2022.07.27,F,TH,18,128,18,lda,5,10,0,0.5,30,,held_out,initial
stage2,T3_modality,6v_sup,nonvocal,F/TH,place,fricative,18,0.5196428571428572,0.18524149984629826,0.11111423224008618,,0.2670666666666667,t12.2022.06.23;t12.2022.08.18;t12.2022.08.23;t12.2022.08.25,t12.2022.06.23/train:9;t12.2022.08.18/train:8;t12.2022.08.23/test:1;t12.2022.08.23/train:6;t12.2022.08.25/test:1;t12.2022.08.25/train:11,t12.2022.06.21;t12.2022.08.13,F,TH,18,128,18,lda,5,10,0,0.5,30,,held_out,initial
stage2,T3_modality,6v_sup,vocal,M/N,place,nasal,26,0.6418181818181818,0.13131250971103847,0.7319059949043406,,0.18688461538461537,t12.2022.07.29,t12.2022.07.29/test:10;t12.2022.07.29/train:42,t12.2022.07.27,M,N,26,128,26,lda,5,10,0,0.5,30,,held_out,initial
stage2,T3_modality,6v_sup,nonvocal,M/N,place,nasal,26,0.5780000000000001,0.1542145119710831,0.39266079635064965,,0.2678673076923077,t12.2022.06.23;t12.2022.08.18;t12.2022.08.23;t12.2022.08.25,t12.2022.06.23/test:1;t12.2022.06.23/train:11;t12.2022.08.18/test:1;t12.2022.08.18/train:8;t12.2022.08.23/train:21;t12.2022.08.25/train:10,t12.2022.06.21;t12.2022.08.13,M,N,26,128,26,lda,5,10,0,0.5,30,,held_out,initial
stage2,T3_modality,6v_inf,vocal,P/B,laryngeal,stop,28,0.626969696969697,0.11377325088560972,0.6459261423461884,,0.18738571428571427,t12.2022.07.29,t12.2022.07.29/test:12;t12.2022.07.29/train:44,t12.2022.07.27,B,P,28,128,28,lda,5,10,0,0.5,30,,held_out,initial
stage2,T3_modality,6v_inf,nonvocal,P/B,laryngeal,stop,28,0.5440909090909092,0.14938418125362346,0.22365626581661266,,0.2661678571428571,t12.2022.06.23;t12.2022.08.18;t12.2022.08.23;t12.2022.08.25,t12.2022.06.23/test:1;t12.2022.06.23/train:15;t12.2022.08.18/test:2;t12.2022.08.18/train:10;t12.2022.08.23/train:15;t12.2022.08.25/test:1;t12.2022.08.25/train:12,t12.2022.06.21;t12.2022.08.13,B,P,28,128,28,lda,5,10,0,0.5,30,,held_out,initial
stage2,T3_modality,6v_inf,vocal,T/D,laryngeal,stop,49,0.6967894736842104,0.09709390890686401,1.034786032952658,,0.18552448979591837,t12.2022.07.29,t12.2022.07.29/test:13;t12.2022.07.29/train:85,t12.2022.07.27,D,T,49,128,49,lda,5,10,0,0.5,30,,held_out,initial
stage2,T3_modality,6v_inf,nonvocal,T/D,laryngeal,stop,49,0.6915263157894737,0.08635475692931646,1.0036911370780577,,0.2657969387755102,t12.2022.06.23;t12.2022.08.18;t12.2022.08.23;t12.2022.08.25,t12.2022.06.23/test:2;t12.2022.06.23/train:25;t12.2022.08.18/test:2;t12.2022.08.18/train:21;t12.2022.08.23/test:2;t12.2022.08.23/train:21;t12.2022.08.25/test:3;t12.2022.08.25/train:22,t12.2022.06.21;t12.2022.08.13,D,T,49,128,49,lda,5,10,0,0.5,30,,held_out,initial
stage2,T3_modality,6v_inf,vocal,K/G,laryngeal,stop,28,0.6813636363636364,0.11161237938653237,0.933909647756828,,0.18657142857142858,t12.2022.07.29,t12.2022.07.29/test:10;t12.2022.07.29/train:46,t12.2022.07.27,G,K,28,128,28,lda,5,10,0,0.5,30,,held_out,initial
stage2,T3_modality,6v_inf,nonvocal,K/G,laryngeal,stop,28,0.5818181818181819,0.16200789015918082,0.4141026223936627,,0.2622732142857143,t12.2022.06.23;t12.2022.08.18;t12.2022.08.23;t12.2022.08.25,t12.2022.06.23/train:13;t12.2022.08.18/test:1;t12.2022.08.18/train:17;t12.2022.08.23/train:14;t12.2022.08.25/train:11,t12.2022.06.21;t12.2022.08.13,G,K,28,128,28,lda,5,10,0,0.5,30,,held_out,initial
stage2,T3_modality,6v_inf,vocal,TH/DH,laryngeal,fricative,18,0.7382142857142857,0.16357025888539986,1.2746719294880027,,0.1844,t12.2022.07.29,t12.2022.07.29/test:3;t12.2022.07.29/train:33,t12.2022.07.27,DH,TH,18,128,18,lda,5,10,0,0.5,30,,held_out,initial
stage2,T3_modality,6v_inf,nonvocal,TH/DH,laryngeal,fricative,18,0.6071428571428572,0.17030884310809094,0.5326971021908726,,0.2717805555555556,t12.2022.06.23;t12.2022.08.18;t12.2022.08.23;t12.2022.08.25,t12.2022.06.23/test:1;t12.2022.06.23/train:11;t12.2022.08.18/train:2;t12.2022.08.23/train:8;t12.2022.08.25/train:14,t12.2022.06.21;t12.2022.08.13,DH,TH,18,128,18,lda,5,10,0,0.5,30,,held_out,initial
stage2,T3_modality,6v_inf,vocal,P/T,place,stop,28,0.7322727272727271,0.1101027360628317,1.2338876261320983,,0.18657142857142858,t12.2022.07.29,t12.2022.07.29/test:10;t12.2022.07.29/train:46,t12.2022.07.27,P,T,28,128,28,lda,5,10,0,0.5,30,,held_out,initial
stage2,T3_modality,6v_inf,nonvocal,P/T,place,stop,28,0.6356060606060605,0.11710121747082598,0.6915130125938278,,0.2710214285714286,t12.2022.06.23;t12.2022.08.18;t12.2022.08.23;t12.2022.08.25,t12.2022.06.23/train:8;t12.2022.08.18/test:2;t12.2022.08.18/train:12;t12.2022.08.23/test:1;t12.2022.08.23/train:12;t12.2022.08.25/train:21,t12.2022.06.21;t12.2022.08.13,P,T,28,128,28,lda,5,10,0,0.5,30,,held_out,initial
stage2,T3_modality,6v_inf,vocal,T/K,place,stop,45,0.7744444444444444,0.07404536480687171,1.5031704927475418,,0.1857933333333333,t12.2022.07.29,t12.2022.07.29/test:13;t12.2022.07.29/train:77,t12.2022.07.27,K,T,45,128,45,lda,5,10,0,0.5,30,,held_out,initial
stage2,T3_modality,6v_inf,nonvocal,T/K,place,stop,45,0.6877777777777778,0.09615445393919972,0.9770046788582814,,0.2608344444444445,t12.2022.06.23;t12.2022.08.18;t12.2022.08.23;t12.2022.08.25,t12.2022.06.23/test:4;t12.2022.06.23/train:23;t12.2022.08.18/test:2;t12.2022.08.18/train:27;t12.2022.08.23/test:1;t12.2022.08.23/train:17;t12.2022.08.25/train:16,t12.2022.06.21;t12.2022.08.13,K,T,45,128,45,lda,5,10,0,0.5,30,,held_out,initial
stage2,T3_modality,6v_inf,vocal,B/D,place,stop,40,0.655,0.1200520720354297,0.8015707346375829,,0.186205,t12.2022.07.29,t12.2022.07.29/test:13;t12.2022.07.29/train:67,t12.2022.07.27,B,D,40,128,40,lda,5,10,0,0.5,30,,held_out,initial
stage2,T3_modality,6v_inf,nonvocal,B/D,place,stop,40,0.70625,0.10698276730389807,1.0835354631349032,,0.25989375,t12.2022.06.23;t12.2022.08.18;t12.2022.08.23;t12.2022.08.25,t12.2022.06.23/test:1;t12.2022.06.23/train:22;t12.2022.08.18/train:22;t12.2022.08.23/test:6;t12.2022.08.23/train:10;t12.2022.08.25/test:1;t12.2022.08.25/train:18,t12.2022.06.21;t12.2022.08.13,B,D,40,128,40,lda,5,10,0,0.5,30,,held_out,initial
stage2,T3_modality,6v_inf,vocal,D/G,place,stop,28,0.44757575757575757,0.131074530701866,-0.26081376210894786,,0.18575714285714287,t12.2022.07.29,t12.2022.07.29/test:8;t12.2022.07.29/train:48,t12.2022.07.27,D,G,28,128,28,lda,5,10,0,0.5,30,,held_out,initial
stage2,T3_modality,6v_inf,nonvocal,D/G,place,stop,28,0.5957575757575758,0.13864886514258237,0.487195558199519,,0.26914642857142856,t12.2022.06.23;t12.2022.08.18;t12.2022.08.23;t12.2022.08.25,t12.2022.06.23/test:1;t12.2022.06.23/train:5;t12.2022.08.18/train:16;t12.2022.08.23/test:2;t12.2022.08.23/train:17;t12.2022.08.25/test:1;t12.2022.08.25/train:14,t12.2022.06.21;t12.2022.08.13,D,G,28,128,28,lda,5,10,0,0.5,30,,held_out,initial
stage2,T3_modality,6v_inf,vocal,F/S,place,fricative,40,0.63125,0.10551214385083833,0.6686290957256545,,0.18592,t12.2022.07.29,t12.2022.07.29/test:12;t12.2022.07.29/train:68,t12.2022.07.27,F,S,40,128,40,lda,5,10,0,0.5,30,,held_out,initial
stage2,T3_modality,6v_inf,nonvocal,F/S,place,fricative,40,0.6075,0.11113055385446435,0.5442691360322369,,0.26278250000000003,t12.2022.06.23;t12.2022.08.18;t12.2022.08.23;t12.2022.08.25,t12.2022.06.23/test:2;t12.2022.06.23/train:24;t12.2022.08.18/train:20;t12.2022.08.23/test:2;t12.2022.08.23/train:12;t12.2022.08.25/test:2;t12.2022.08.25/train:18,t12.2022.06.21;t12.2022.08.13,F,S,40,128,40,lda,5,10,0,0.5,30,,held_out,initial
stage2,T3_modality,6v_inf,vocal,F/TH,place,fricative,18,0.6835714285714285,0.14755835926085348,0.9485087844070137,,0.18376666666666666,t12.2022.07.29,t12.2022.07.29/test:2;t12.2022.07.29/train:34,t12.2022.07.27,F,TH,18,128,18,lda,5,10,0,0.5,30,,held_out,initial
stage2,T3_modality,6v_inf,nonvocal,F/TH,place,fricative,18,0.5721428571428572,0.18013458687258008,0.34991454323575355,,0.26845833333333335,t12.2022.06.23;t12.2022.08.18;t12.2022.08.23;t12.2022.08.25,t12.2022.06.23/train:8;t12.2022.08.18/train:9;t12.2022.08.23/train:7;t12.2022.08.25/test:1;t12.2022.08.25/train:11,t12.2022.06.21;t12.2022.08.13,F,TH,18,128,18,lda,5,10,0,0.5,30,,held_out,initial
stage2,T3_modality,6v_inf,vocal,M/N,place,nasal,26,0.5265454545454545,0.12065715378845375,0.13928836695909452,,0.18732307692307693,t12.2022.07.29,t12.2022.07.29/test:11;t12.2022.07.29/train:41,t12.2022.07.27,M,N,26,128,26,lda,5,10,0,0.5,30,,held_out,initial
stage2,T3_modality,6v_inf,nonvocal,M/N,place,nasal,26,0.679818181818182,0.11986617882641577,0.9252434518435539,,0.2700192307692308,t12.2022.06.23;t12.2022.08.18;t12.2022.08.23;t12.2022.08.25,t12.2022.06.23/test:1;t12.2022.06.23/train:13;t12.2022.08.18/test:2;t12.2022.08.18/train:6;t12.2022.08.23/train:15;t12.2022.08.25/test:1;t12.2022.08.25/train:14,t12.2022.06.21;t12.2022.08.13,M,N,26,128,26,lda,5,10,0,0.5,30,,held_out,initial
