stage,test,array,modality,pair,contrast,manner,n_matched_per_class,acc,acc_sd,dprime,p_perm,mean_per,sessions,input_layer_from,class_a,class_b,n_per_class,n_features_in,n_available_min_class,clf,n_splits,n_repeats,n_perm,chance,n_features_used,skipped
stage2,T3_modality,6v,vocal,P/B,laryngeal,stop,65,0.6876923076923077,0.087245826946202,0.9803456235467414,,0.1825,t12.2022.07.29,t12.2022.07.27,B,P,65,256,65,lda,5,10,0,0.5,30,
stage2,T3_modality,6v,nonvocal,P/B,laryngeal,stop,65,0.5515384615384615,0.07867617700678119,0.25923041708726324,,0.2388,t12.2022.08.18;t12.2022.08.23,t12.2022.08.13,B,P,65,256,65,lda,5,10,0,0.5,30,
stage2,T3_modality,6v,vocal,T/D,laryngeal,stop,140,0.6171428571428571,0.05311231841434658,0.5973771273564832,,0.1825,t12.2022.07.29,t12.2022.07.27,D,T,140,256,140,lda,5,10,0,0.5,30,
stage2,T3_modality,6v,nonvocal,T/D,laryngeal,stop,140,0.5739285714285715,0.05475012813329522,0.37268997038440793,,0.2388,t12.2022.08.18;t12.2022.08.23,t12.2022.08.13,D,T,140,256,140,lda,5,10,0,0.5,30,
stage2,T3_modality,6v,vocal,K/G,laryngeal,stop,35,0.6814285714285714,0.09390616245454168,0.9715573360177907,,0.1825,t12.2022.07.29,t12.2022.07.27,G,K,35,256,35,lda,5,10,0,0.5,30,
stage2,T3_modality,6v,nonvocal,K/G,laryngeal,stop,35,0.5857142857142857,0.11866605518454394,0.4318612083043165,,0.2388,t12.2022.08.18;t12.2022.08.23,t12.2022.08.13,G,K,35,256,35,lda,5,10,0,0.5,30,
stage2,T3_modality,6v,vocal,F/V,laryngeal,fricative,69,0.5933862433862435,0.07107053122190143,0.478333396892066,,0.1825,t12.2022.07.29,t12.2022.07.27,F,V,69,256,69,lda,5,10,0,0.5,30,
stage2,T3_modality,6v,nonvocal,F/V,laryngeal,fricative,69,0.6038624338624339,0.07699559906522076,0.5302484359559698,,0.2388,t12.2022.08.18;t12.2022.08.23,t12.2022.08.13,F,V,69,256,69,lda,5,10,0,0.5,30,
stage2,T3_modality,6v,vocal,S/Z,laryngeal,fricative,86,0.5981848739495799,0.07017895754064335,0.49865976871943374,,0.1825,t12.2022.07.29,t12.2022.07.27,S,Z,86,256,86,lda,5,10,0,0.5,30,
stage2,T3_modality,6v,nonvocal,S/Z,laryngeal,fricative,86,0.6542016806722689,0.07724682216438519,0.7921257398708077,,0.2388,t12.2022.08.18;t12.2022.08.23,t12.2022.08.13,S,Z,86,256,86,lda,5,10,0,0.5,30,
stage2,T3_modality,6v,vocal,TH/DH,laryngeal,fricative,28,0.8372727272727272,0.10558595086999165,1.991644458225835,,0.1825,t12.2022.07.29,t12.2022.07.27,DH,TH,28,256,28,lda,5,10,0,0.5,30,
stage2,T3_modality,6v,nonvocal,TH/DH,laryngeal,fricative,28,0.6769696969696969,0.12726154352017277,0.9470011601930579,,0.2388,t12.2022.08.18;t12.2022.08.23,t12.2022.08.13,DH,TH,28,256,28,lda,5,10,0,0.5,30,
stage2,T3_modality,6v,vocal,P/T,place,stop,74,0.7251954022988505,0.0716201131877549,1.2017033056087658,,0.1825,t12.2022.07.29,t12.2022.07.27,P,T,74,256,74,lda,5,10,0,0.5,30,
stage2,T3_modality,6v,nonvocal,P/T,place,stop,74,0.6917701149425287,0.09027646795191957,1.003360340823134,,0.2388,t12.2022.08.18;t12.2022.08.23,t12.2022.08.13,P,T,74,256,74,lda,5,10,0,0.5,30,
stage2,T3_modality,6v,vocal,T/K,place,stop,132,0.7161175616835993,0.055148760956601546,1.1428178772358224,,0.1825,t12.2022.07.29,t12.2022.07.27,K,T,132,256,132,lda,5,10,0,0.5,30,
stage2,T3_modality,6v,nonvocal,T/K,place,stop,132,0.6655224963715531,0.05019466666516198,0.8545979038184777,,0.2388,t12.2022.08.18;t12.2022.08.23,t12.2022.08.13,K,T,132,256,132,lda,5,10,0,0.5,30,
stage2,T3_modality,6v,vocal,B/D,place,stop,65,0.7953846153846154,0.07151778030258128,1.6651980391664716,,0.1825,t12.2022.07.29,t12.2022.07.27,B,D,65,256,65,lda,5,10,0,0.5,30,
stage2,T3_modality,6v,nonvocal,B/D,place,stop,65,0.7,0.09134109297721475,1.0507384349990234,,0.2388,t12.2022.08.18;t12.2022.08.23,t12.2022.08.13,B,D,65,256,65,lda,5,10,0,0.5,30,
stage2,T3_modality,6v,vocal,D/G,place,stop,35,0.7114285714285715,0.11689870025987878,1.132594719566392,,0.1825,t12.2022.07.29,t12.2022.07.27,D,G,35,256,35,lda,5,10,0,0.5,30,
stage2,T3_modality,6v,nonvocal,D/G,place,stop,35,0.6714285714285714,0.12121830534626529,0.8863692929963334,,0.2388,t12.2022.08.18;t12.2022.08.23,t12.2022.08.13,D,G,35,256,35,lda,5,10,0,0.5,30,
stage2,T3_modality,6v,vocal,F/S,place,fricative,69,0.6222222222222222,0.08851805994245489,0.6242159377223666,,0.1825,t12.2022.07.29,t12.2022.07.27,F,S,69,256,69,lda,5,10,0,0.5,30,
stage2,T3_modality,6v,nonvocal,F/S,place,fricative,69,0.656058201058201,0.07298542901089637,0.8023037734171248,,0.2388,t12.2022.08.18;t12.2022.08.23,t12.2022.08.13,F,S,69,256,69,lda,5,10,0,0.5,30,
stage2,T3_modality,6v,vocal,F/TH,place,fricative,28,0.7851515151515152,0.1007975541557596,1.5763136422095336,,0.1825,t12.2022.07.29,t12.2022.07.27,F,TH,28,256,28,lda,5,10,0,0.5,30,
stage2,T3_modality,6v,nonvocal,F/TH,place,fricative,28,0.6713636363636364,0.11301740522723713,0.8905687579798366,,0.2388,t12.2022.08.18;t12.2022.08.23,t12.2022.08.13,F,TH,28,256,28,lda,5,10,0,0.5,30,
stage2,T3_modality,6v,vocal,S/SH,place,fricative,12,0.417,0.16571360837299995,-0.4290300195845282,,0.1825,t12.2022.07.29,t12.2022.07.27,S,SH,12,256,12,lda,5,10,0,0.5,23,
stage2,T3_modality,6v,nonvocal,S/SH,place,fricative,12,0.42300000000000004,0.19955199823604874,-0.37540767110902473,,0.2388,t12.2022.08.18;t12.2022.08.23,t12.2022.08.13,S,SH,12,256,12,lda,5,10,0,0.5,23,
stage2,T3_modality,6v,vocal,V/Z,place,fricative,77,0.6748387096774193,0.08374294060842302,0.9062633050845161,,0.1825,t12.2022.07.29,t12.2022.07.27,V,Z,77,256,77,lda,5,10,0,0.5,30,
stage2,T3_modality,6v,nonvocal,V/Z,place,fricative,77,0.6567956989247312,0.07541113733819324,0.8085690093173709,,0.2388,t12.2022.08.18;t12.2022.08.23,t12.2022.08.13,V,Z,77,256,77,lda,5,10,0,0.5,30,
stage2,T3_modality,6v,vocal,M/N,place,nasal,131,0.7507837445573295,0.06143077016278886,1.3590389459901124,,0.1825,t12.2022.07.29,t12.2022.07.27,M,N,131,256,131,lda,5,10,0,0.5,30,
stage2,T3_modality,6v,nonvocal,M/N,place,nasal,131,0.7679317851959362,0.04634787344190959,1.4763355411249648,,0.2388,t12.2022.08.18;t12.2022.08.23,t12.2022.08.13,M,N,131,256,131,lda,5,10,0,0.5,30,
stage2,T3_modality,6v_sup,vocal,P/B,laryngeal,stop,65,0.6292307692307693,0.08592001234118894,0.6586316688678887,,0.1825,t12.2022.07.29,t12.2022.07.27,B,P,65,128,65,lda,5,10,0,0.5,30,
stage2,T3_modality,6v_sup,nonvocal,P/B,laryngeal,stop,65,0.6015384615384616,0.09287008167868659,0.5146533383721612,,0.2388,t12.2022.08.18;t12.2022.08.23,t12.2022.08.13,B,P,65,128,65,lda,5,10,0,0.5,30,
stage2,T3_modality,6v_sup,vocal,T/D,laryngeal,stop,140,0.5989285714285715,0.04847285164851326,0.503430114221008,,0.1825,t12.2022.07.29,t12.2022.07.27,D,T,140,128,140,lda,5,10,0,0.5,30,
stage2,T3_modality,6v_sup,nonvocal,T/D,laryngeal,stop,140,0.5289285714285715,0.05473614818716555,0.14506302018092104,,0.2388,t12.2022.08.18;t12.2022.08.23,t12.2022.08.13,D,T,140,128,140,lda,5,10,0,0.5,30,
stage2,T3_modality,6v_sup,vocal,K/G,laryngeal,stop,35,0.6885714285714286,0.13152170613124461,0.9806989595450231,,0.1825,t12.2022.07.29,t12.2022.07.27,G,K,35,128,35,lda,5,10,0,0.5,30,
stage2,T3_modality,6v_sup,nonvocal,K/G,laryngeal,stop,35,0.5442857142857143,0.11055518522254774,0.22235542899672492,,0.2388,t12.2022.08.18;t12.2022.08.23,t12.2022.08.13,G,K,35,128,35,lda,5,10,0,0.5,30,
stage2,T3_modality,6v_sup,vocal,F/V,laryngeal,fricative,69,0.5959788359788359,0.07787631881673596,0.4926191402120985,,0.1825,t12.2022.07.29,t12.2022.07.27,F,V,69,128,69,lda,5,10,0,0.5,30,
stage2,T3_modality,6v_sup,nonvocal,F/V,laryngeal,fricative,69,0.547910052910053,0.08686047368351706,0.24077046930668317,,0.2388,t12.2022.08.18;t12.2022.08.23,t12.2022.08.13,F,V,69,128,69,lda,5,10,0,0.5,30,
stage2,T3_modality,6v_sup,vocal,S/Z,laryngeal,fricative,86,0.5329075630252099,0.07746957780175485,0.1661747835645066,,0.1825,t12.2022.07.29,t12.2022.07.27,S,Z,86,128,86,lda,5,10,0,0.5,30,
stage2,T3_modality,6v_sup,nonvocal,S/Z,laryngeal,fricative,86,0.6158655462184873,0.06992659906221986,0.5880570623651944,,0.2388,t12.2022.08.18;t12.2022.08.23,t12.2022.08.13,S,Z,86,128,86,lda,5,10,0,0.5,30,
stage2,T3_modality,6v_sup,vocal,TH/DH,laryngeal,fricative,28,0.5162121212121211,0.11668644066977098,0.08245102893263975,,0.1825,t12.2022.07.29,t12.2022.07.27,DH,TH,28,128,28,lda,5,10,0,0.5,30,
stage2,T3_modality,6v_sup,nonvocal,TH/DH,laryngeal,fricative,28,0.7033333333333335,0.11865058547056095,1.0698002171632048,,0.2388,t12.2022.08.18;t12.2022.08.23,t12.2022.08.13,DH,TH,28,128,28,lda,5,10,0,0.5,30,
stage2,T3_modality,6v_sup,vocal,P/T,place,stop,74,0.7490574712643678,0.07181266272884723,1.344819083743097,,0.1825,t12.2022.07.29,t12.2022.07.27,P,T,74,128,74,lda,5,10,0,0.5,30,
stage2,T3_modality,6v_sup,nonvocal,P/T,place,stop,74,0.6596781609195402,0.07279477956075367,0.8213592117972096,,0.2388,t12.2022.08.18;t12.2022.08.23,t12.2022.08.13,P,T,74,128,74,lda,5,10,0,0.5,30,
stage2,T3_modality,6v_sup,vocal,T/K,place,stop,132,0.5682365747460086,0.049827147763327605,0.34329523751372054,,0.1825,t12.2022.07.29,t12.2022.07.27,K,T,132,128,132,lda,5,10,0,0.5,30,
stage2,T3_modality,6v_sup,nonvocal,T/K,place,stop,132,0.576632801161103,0.06006109076528615,0.38567965134054205,,0.2388,t12.2022.08.18;t12.2022.08.23,t12.2022.08.13,K,T,132,128,132,lda,5,10,0,0.5,30,
stage2,T3_modality,6v_sup,vocal,B/D,place,stop,65,0.7076923076923076,0.07614996105085896,1.0917269875147673,,0.1825,t12.2022.07.29,t12.2022.07.27,B,D,65,128,65,lda,5,10,0,0.5,30,
stage2,T3_modality,6v_sup,nonvocal,B/D,place,stop,65,0.7007692307692308,0.08436676762380992,1.0598961253948573,,0.2388,t12.2022.08.18;t12.2022.08.23,t12.2022.08.13,B,D,65,128,65,lda,5,10,0,0.5,30,
stage2,T3_modality,6v_sup,vocal,D/G,place,stop,35,0.6028571428571429,0.10609968358644083,0.5331473370129289,,0.1825,t12.2022.07.29,t12.2022.07.27,D,G,35,128,35,lda,5,10,0,0.5,30,
stage2,T3_modality,6v_sup,nonvocal,D/G,place,stop,35,0.5328571428571428,0.10710475512986609,0.164997602723053,,0.2388,t12.2022.08.18;t12.2022.08.23,t12.2022.08.13,D,G,35,128,35,lda,5,10,0,0.5,30,
stage2,T3_modality,6v_sup,vocal,F/S,place,fricative,69,0.5948412698412698,0.07329773161017789,0.48007129308412916,,0.1825,t12.2022.07.29,t12.2022.07.27,F,S,69,128,69,lda,5,10,0,0.5,30,
stage2,T3_modality,6v_sup,nonvocal,F/S,place,fricative,69,0.6624867724867726,0.07791189890106524,0.8367342952014376,,0.2388,t12.2022.08.18;t12.2022.08.23,t12.2022.08.13,F,S,69,128,69,lda,5,10,0,0.5,30,
stage2,T3_modality,6v_sup,vocal,F/TH,place,fricative,28,0.7940909090909091,0.10628428793692392,1.674031698861239,,0.1825,t12.2022.07.29,t12.2022.07.27,F,TH,28,128,28,lda,5,10,0,0.5,30,
stage2,T3_modality,6v_sup,nonvocal,F/TH,place,fricative,28,0.49499999999999994,0.11741798614809563,-0.026858471621017635,,0.2388,t12.2022.08.18;t12.2022.08.23,t12.2022.08.13,F,TH,28,128,28,lda,5,10,0,0.5,30,
stage2,T3_modality,6v_sup,vocal,S/SH,place,fricative,12,0.527,0.22917460592308217,0.10526670963123413,,0.1825,t12.2022.07.29,t12.2022.07.27,S,SH,12,128,12,lda,5,10,0,0.5,23,
stage2,T3_modality,6v_sup,nonvocal,S/SH,place,fricative,12,0.42,0.212602916254693,-0.39797873184996946,,0.2388,t12.2022.08.18;t12.2022.08.23,t12.2022.08.13,S,SH,12,128,12,lda,5,10,0,0.5,23,
stage2,T3_modality,6v_sup,vocal,V/Z,place,fricative,77,0.648,0.07647263446754801,0.7593948771801564,,0.1825,t12.2022.07.29,t12.2022.07.27,V,Z,77,128,77,lda,5,10,0,0.5,30,
stage2,T3_modality,6v_sup,nonvocal,V/Z,place,fricative,77,0.681010752688172,0.07092263473625827,0.9406374772955841,,0.2388,t12.2022.08.18;t12.2022.08.23,t12.2022.08.13,V,Z,77,128,77,lda,5,10,0,0.5,30,
stage2,T3_modality,6v_sup,vocal,M/N,place,nasal,131,0.6829100145137882,0.05676812923720472,0.9536832073427338,,0.1825,t12.2022.07.29,t12.2022.07.27,M,N,131,128,131,lda,5,10,0,0.5,30,
stage2,T3_modality,6v_sup,nonvocal,M/N,place,nasal,131,0.6297750362844703,0.05559551051848772,0.6631074544715134,,0.2388,t12.2022.08.18;t12.2022.08.23,t12.2022.08.13,M,N,131,128,131,lda,5,10,0,0.5,30,
stage2,T3_modality,6v_inf,vocal,P/B,laryngeal,stop,65,0.6853846153846154,0.07405818917996432,0.9659165400086652,,0.1825,t12.2022.07.29,t12.2022.07.27,B,P,65,128,65,lda,5,10,0,0.5,30,
stage2,T3_modality,6v_inf,nonvocal,P/B,laryngeal,stop,65,0.5476923076923077,0.08923076923076924,0.2396495342652991,,0.2388,t12.2022.08.18;t12.2022.08.23,t12.2022.08.13,B,P,65,128,65,lda,5,10,0,0.5,30,
stage2,T3_modality,6v_inf,vocal,T/D,laryngeal,stop,140,0.6575,0.05994151060723738,0.8111562322063632,,0.1825,t12.2022.07.29,t12.2022.07.27,D,T,140,128,140,lda,5,10,0,0.5,30,
stage2,T3_modality,6v_inf,nonvocal,T/D,laryngeal,stop,140,0.6210714285714285,0.05604867600249495,0.6161834254010095,,0.2388,t12.2022.08.18;t12.2022.08.23,t12.2022.08.13,D,T,140,128,140,lda,5,10,0,0.5,30,
stage2,T3_modality,6v_inf,vocal,K/G,laryngeal,stop,35,0.6514285714285714,0.09328472981322576,0.7793592151027122,,0.1825,t12.2022.07.29,t12.2022.07.27,G,K,35,128,35,lda,5,10,0,0.5,30,
stage2,T3_modality,6v_inf,nonvocal,K/G,laryngeal,stop,35,0.6371428571428571,0.10958176520437204,0.7008749180374754,,0.2388,t12.2022.08.18;t12.2022.08.23,t12.2022.08.13,G,K,35,128,35,lda,5,10,0,0.5,30,
stage2,T3_modality,6v_inf,vocal,F/V,laryngeal,fricative,69,0.600026455026455,0.07161932690509294,0.5060338143001868,,0.1825,t12.2022.07.29,t12.2022.07.27,F,V,69,128,69,lda,5,10,0,0.5,30,
stage2,T3_modality,6v_inf,nonvocal,F/V,laryngeal,fricative,69,0.6356084656084656,0.07902982099201583,0.6938651079776438,,0.2388,t12.2022.08.18;t12.2022.08.23,t12.2022.08.13,F,V,69,128,69,lda,5,10,0,0.5,30,
stage2,T3_modality,6v_inf,vocal,S/Z,laryngeal,fricative,86,0.6209411764705883,0.07376520943133681,0.6169088251251084,,0.1825,t12.2022.07.29,t12.2022.07.27,S,Z,86,128,86,lda,5,10,0,0.5,30,
stage2,T3_modality,6v_inf,nonvocal,S/Z,laryngeal,fricative,86,0.6278991596638656,0.06710303717140743,0.6532029028501218,,0.2388,t12.2022.08.18;t12.2022.08.23,t12.2022.08.13,S,Z,86,128,86,lda,5,10,0,0.5,30,
stage2,T3_modality,6v_inf,vocal,TH/DH,laryngeal,fricative,28,0.6892424242424242,0.11310471593915424,1.01380201618416,,0.1825,t12.2022.07.29,t12.2022.07.27,DH,TH,28,128,28,lda,5,10,0,0.5,30,
stage2,T3_modality,6v_inf,nonvocal,TH/DH,laryngeal,fricative,28,0.7113636363636363,0.12083511445443247,1.1221886573652387,,0.2388,t12.2022.08.18;t12.2022.08.23,t12.2022.08.13,DH,TH,28,128,28,lda,5,10,0,0.5,30,
stage2,T3_modality,6v_inf,vocal,P/T,place,stop,74,0.6973333333333334,0.07015391417400137,1.0387612951029648,,0.1825,t12.2022.07.29,t12.2022.07.27,P,T,74,128,74,lda,5,10,0,0.5,30,
stage2,T3_modality,6v_inf,nonvocal,P/T,place,stop,74,0.6630114942528736,0.07047643387357601,0.8404441925376811,,0.2388,t12.2022.08.18;t12.2022.08.23,t12.2022.08.13,P,T,74,128,74,lda,5,10,0,0.5,30,
stage2,T3_modality,6v_inf,vocal,T/K,place,stop,132,0.6510522496371552,0.04931187661935166,0.7817742680381693,,0.1825,t12.2022.07.29,t12.2022.07.27,K,T,132,128,132,lda,5,10,0,0.5,30,
stage2,T3_modality,6v_inf,nonvocal,T/K,place,stop,132,0.6897097242380261,0.05546571683410545,0.9898038687337722,,0.2388,t12.2022.08.18;t12.2022.08.23,t12.2022.08.13,K,T,132,128,132,lda,5,10,0,0.5,30,
stage2,T3_modality,6v_inf,vocal,B/D,place,stop,65,0.76,0.06507164917709725,1.4156408361725688,,0.1825,t12.2022.07.29,t12.2022.07.27,B,D,65,128,65,lda,5,10,0,0.5,30,
stage2,T3_modality,6v_inf,nonvocal,B/D,place,stop,65,0.6723076923076923,0.07624314888223918,0.8911231319036068,,0.2388,t12.2022.08.18;t12.2022.08.23,t12.2022.08.13,B,D,65,128,65,lda,5,10,0,0.5,30,
stage2,T3_modality,6v_inf,vocal,D/G,place,stop,35,0.6557142857142857,0.10070162027758348,0.8042483273791571,,0.1825,t12.2022.07.29,t12.2022.07.27,D,G,35,128,35,lda,5,10,0,0.5,30,
stage2,T3_modality,6v_inf,nonvocal,D/G,place,stop,35,0.572857142857143,0.11382944635349351,0.36753027148915524,,0.2388,t12.2022.08.18;t12.2022.08.23,t12.2022.08.13,D,G,35,128,35,lda,5,10,0,0.5,30,
stage2,T3_modality,6v_inf,vocal,F/S,place,fricative,69,0.566058201058201,0.07818989277422994,0.33573009036629964,,0.1825,t12.2022.07.29,t12.2022.07.27,F,S,69,128,69,lda,5,10,0,0.5,30,
stage2,T3_modality,6v_inf,nonvocal,F/S,place,fricative,69,0.5822222222222222,0.07624298234878278,0.4128592687921221,,0.2388,t12.2022.08.18;t12.2022.08.23,t12.2022.08.13,F,S,69,128,69,lda,5,10,0,0.5,30,
stage2,T3_modality,6v_inf,vocal,F/TH,place,fricative,28,0.6851515151515152,0.142369106026485,0.9720266371336355,,0.1825,t12.2022.07.29,t12.2022.07.27,F,TH,28,128,28,lda,5,10,0,0.5,30,
stage2,T3_modality,6v_inf,nonvocal,F/TH,place,fricative,28,0.5925757575757575,0.12636118375644706,0.4704941105122572,,0.2388,t12.2022.08.18;t12.2022.08.23,t12.2022.08.13,F,TH,28,128,28,lda,5,10,0,0.5,30,
stage2,T3_modality,6v_inf,vocal,S/SH,place,fricative,12,0.5210000000000001,0.19444536507718563,0.12448301100299135,,0.1825,t12.2022.07.29,t12.2022.07.27,S,SH,12,128,12,lda,5,10,0,0.5,23,
stage2,T3_modality,6v_inf,nonvocal,S/SH,place,fricative,12,0.45,0.20663978319771822,-0.27014096147779054,,0.245,t12.2022.08.18,t12.2022.08.13,S,SH,12,128,12,lda,5,10,0,0.5,23,
stage2,T3_modality,6v_inf,vocal,V/Z,place,fricative,77,0.5933548387096775,0.08337312681520995,0.47491475664107563,,0.1825,t12.2022.07.29,t12.2022.07.27,V,Z,77,128,77,lda,5,10,0,0.5,30,
stage2,T3_modality,6v_inf,nonvocal,V/Z,place,fricative,77,0.5699784946236559,0.082131067894934,0.35310240906509893,,0.2388,t12.2022.08.18;t12.2022.08.23,t12.2022.08.13,V,Z,77,128,77,lda,5,10,0,0.5,30,
stage2,T3_modality,6v_inf,vocal,M/N,place,nasal,131,0.7300217706821482,0.06110323793619546,1.2271417384697878,,0.1825,t12.2022.07.29,t12.2022.07.27,M,N,131,128,131,lda,5,10,0,0.5,30,
stage2,T3_modality,6v_inf,nonvocal,M/N,place,nasal,131,0.7520174165457185,0.05588525390829859,1.36057504357733,,0.2388,t12.2022.08.18;t12.2022.08.23,t12.2022.08.13,M,N,131,128,131,lda,5,10,0,0.5,30,
