array,pair,contrast,manner,n_per_class,n_rep,acc_vocal,acc_nonvocal,drop,drop_ci_lo,drop_ci_hi,drop_sd_across_reps,partitions,comparator
6v,P/B,laryngeal,stop,65,20,0.6632692307692308,0.5980769230769231,0.06519230769230773,-0.02221153846153849,0.14817307692307702,0.052616101547072434,held_out,primary_0729
6v,T/D,laryngeal,stop,140,20,0.6269642857142859,0.5608928571428572,0.06607142857142859,0.001428571428571424,0.13035714285714284,0.04027963479963339,held_out,primary_0729
6v,K/G,laryngeal,stop,35,20,0.6607142857142857,0.5682142857142857,0.09250000000000003,-0.07249999999999997,0.24017857142857135,0.08801886973014039,held_out,primary_0729
6v,F/V,laryngeal,fricative,69,20,0.6015145502645504,0.5798809523809524,0.021633597883597883,-0.10082010582010578,0.12807208994708993,0.06496372963008296,held_out,primary_0729
6v,S/Z,laryngeal,fricative,86,20,0.6109957983193277,0.5892436974789916,0.02175210084033614,-0.0471092436974789,0.11547899159663862,0.04659522752862487,held_out,primary_0729
6v,SH/ZH,laryngeal,fricative,12,20,0.48,0.46299999999999997,0.017000000000000005,-0.1815,0.21312499999999968,0.10643542643311954,held_out,primary_0729
6v,TH/DH,laryngeal,fricative,28,20,0.7225378787878788,0.6888636363636365,0.033674242424242426,-0.09340909090909087,0.15481060606060595,0.07656969065856416,held_out,primary_0729
6v,P/T,place,stop,74,20,0.7936781609195404,0.6881781609195402,0.10550000000000007,0.010643678160919517,0.20965804597701154,0.05617643998892746,held_out,primary_0729
6v,T/K,place,stop,132,20,0.6992489114658926,0.6387463715529751,0.060502539912917284,-0.021773403483309157,0.11465983309143683,0.038285220487657805,held_out,primary_0729
6v,B/D,place,stop,65,20,0.8032692307692308,0.6903846153846154,0.11288461538461536,-0.006826923076923057,0.17509615384615387,0.051476354656846045,held_out,primary_0729
6v,D/G,place,stop,35,20,0.6703571428571428,0.5900000000000001,0.08035714285714284,-0.04285714285714293,0.25624999999999987,0.08511321991372219,held_out,primary_0729
6v,F/S,place,fricative,69,20,0.6128968253968254,0.5997685185185184,0.01312830687830686,-0.10561177248677252,0.11094576719576726,0.06450643183634737,held_out,primary_0729
6v,F/TH,place,fricative,28,20,0.7343939393939395,0.6574621212121212,0.07693181818181824,-0.06410984848484852,0.20113636363636356,0.07476258527822542,held_out,primary_0729
6v,S/SH,place,fricative,12,20,0.46525,0.46900000000000014,-0.003749999999999978,-0.2968749999999999,0.1693749999999999,0.13391111791035124,held_out,primary_0729
6v,V/Z,place,fricative,77,20,0.6791720430107527,0.6560537634408602,0.023118279569892475,-0.05461827956989249,0.10468548387096785,0.04622665560353318,held_out,primary_0729
6v,M/N,place,nasal,131,20,0.7522042815674891,0.7049256168359941,0.04727866473149494,-0.032028301886792385,0.12821298984034832,0.04060094570755101,held_out,primary_0729
6v,P/B,laryngeal,stop,45,20,0.6558333333333333,0.5455555555555556,0.11027777777777778,-0.0008333333333333873,0.25958333333333333,0.07391760093776761,held_out,secondary_datematch
6v,T/D,laryngeal,stop,91,20,0.5612124624624625,0.5518918918918919,0.009320570570570558,-0.09750375375375378,0.11055743243243235,0.05299554428523178,held_out,secondary_datematch
6v,K/G,laryngeal,stop,29,20,0.5195833333333333,0.5457954545454545,-0.026212121212121207,-0.13435606060606062,0.07125000000000006,0.06384543577595417,held_out,secondary_datematch
6v,F/V,laryngeal,fricative,48,20,0.5757236842105262,0.5539605263157895,0.021763157894736825,-0.07575657894736845,0.11247368421052627,0.04918533692495206,held_out,secondary_datematch
6v,S/Z,laryngeal,fricative,39,20,0.6231458333333333,0.5681041666666666,0.05504166666666664,-0.037916666666666654,0.2090937499999999,0.07480645164912807,held_out,secondary_datematch
6v,TH/DH,laryngeal,fricative,15,20,0.4891666666666666,0.5058333333333332,-0.016666666666666673,-0.25249999999999995,0.2604166666666665,0.14003967691733335,held_out,secondary_datematch
6v,P/T,place,stop,45,20,0.675,0.6594444444444445,0.015555555555555562,-0.10847222222222223,0.12805555555555553,0.085897584725814,held_out,secondary_datematch
6v,T/K,place,stop,86,20,0.6259579831932772,0.6071806722689077,0.01877731092436974,-0.058750000000000045,0.0860042016806723,0.042047245067172515,held_out,secondary_datematch
6v,B/D,place,stop,46,20,0.7281871345029238,0.6793567251461988,0.04883040935672513,-0.08535818713450295,0.1756286549707603,0.08014272646629421,held_out,secondary_datematch
6v,D/G,place,stop,29,20,0.5732196969696969,0.5749242424242423,-0.0017045454545454725,-0.16882575757575757,0.1651136363636362,0.09396043111216662,held_out,secondary_datematch
6v,F/S,place,fricative,48,20,0.6011184210526316,0.5806184210526315,0.020500000000000008,-0.11104605263157896,0.16813157894736824,0.0752416651313961,held_out,secondary_datematch
6v,F/TH,place,fricative,15,20,0.5025,0.5158333333333334,-0.013333333333333326,-0.2508333333333334,0.15874999999999995,0.12567595014339242,held_out,secondary_datematch
6v,V/Z,place,fricative,39,20,0.6776041666666668,0.6201041666666667,0.057499999999999996,-0.03387500000000004,0.19067708333333327,0.06462982197785237,held_out,secondary_datematch
6v,M/N,place,nasal,100,20,0.6653749999999999,0.6805,-0.015124999999999994,-0.08456249999999993,0.06381250000000008,0.04189626325819526,held_out,secondary_datematch
6v,P/B,laryngeal,stop,259,20,0.6487728715459299,0.6403038648244959,0.008469006721433903,-0.022780059746079183,0.03908840552651238,0.01836838187230079,held_out,tertiary_allvocal
6v,T/D,laryngeal,stop,300,20,0.5660000000000001,0.5609583333333332,0.005041666666666678,-0.06722916666666671,0.04568750000000009,0.03400211901076495,held_out,tertiary_allvocal
6v,K/G,laryngeal,stop,167,20,0.6040411578471281,0.6341813658977837,-0.03014020805065578,-0.13328753957485295,0.03853968792401632,0.05117525726074041,held_out,tertiary_allvocal
6v,F/V,laryngeal,fricative,256,20,0.6037173995811916,0.6311988387588043,-0.027481439177612844,-0.061566485817628074,0.013094184275652005,0.020498872221311623,held_out,tertiary_allvocal
6v,S/Z,laryngeal,fricative,300,20,0.631375,0.6039166666666667,0.027458333333333345,-0.0163541666666666,0.07500000000000007,0.02754349464432978,held_out,tertiary_allvocal
6v,SH/ZH,laryngeal,fricative,41,20,0.5611764705882353,0.571341911764706,-0.010165441176470596,-0.12029411764705877,0.09802389705882328,0.06698003496417347,held_out,tertiary_allvocal
6v,CH/JH,laryngeal,affricate,47,20,0.6745467836257311,0.6907894736842105,-0.01624269005847953,-0.09876461988304097,0.10464912280701741,0.05747079370603949,held_out,tertiary_allvocal
6v,TH/DH,laryngeal,fricative,93,20,0.7330974395448079,0.7712517780938832,-0.03815433854907537,-0.11464082503556182,0.04015825035561867,0.04291706923593369,held_out,tertiary_allvocal
6v,P/T,place,stop,300,20,0.7740416666666667,0.7448333333333333,0.029208333333333357,-0.00047916666666673034,0.060437500000000005,0.020767353854333773,held_out,tertiary_allvocal
6v,T/K,place,stop,300,20,0.6680833333333334,0.6649583333333334,0.003124999999999989,-0.03477083333333329,0.04568750000000003,0.022329407304170785,held_out,tertiary_allvocal
6v,B/D,place,stop,259,20,0.7573763069454816,0.7527903286034354,0.004585978342046315,-0.028577529873039506,0.03511902539208358,0.017324556376030947,held_out,tertiary_allvocal
6v,D/G,place,stop,167,20,0.6893826322930802,0.6722862957937585,0.017096336499321563,-0.02628392130257801,0.08152532790592491,0.03705013320447734,held_out,tertiary_allvocal
6v,F/S,place,fricative,256,20,0.5989848657909764,0.6238016371597183,-0.024816771368741684,-0.061428231486769416,0.03442747001713309,0.02700862026707175,held_out,tertiary_allvocal
6v,F/TH,place,fricative,93,20,0.7250000000000001,0.7550924608819345,-0.030092460881934548,-0.09432254623044087,0.032823613086770856,0.035519419177180225,held_out,tertiary_allvocal
6v,S/SH,place,fricative,57,20,0.6508498023715416,0.6045750988142291,0.046274703557312245,-0.06799901185770756,0.1255286561264822,0.05865292608567613,held_out,tertiary_allvocal
6v,V/Z,place,fricative,300,20,0.7158749999999999,0.7037916666666666,0.01208333333333334,-0.011083333333333362,0.0430625000000001,0.01663434365669081,held_out,tertiary_allvocal
6v,M/N,place,nasal,300,20,0.6945833333333333,0.7149166666666666,-0.02033333333333336,-0.05714583333333332,0.01960416666666645,0.02155806113731004,held_out,tertiary_allvocal
