phoneme,series,d2_cv,d2_cv_sd,dist_cv,n_reps,n_trials,array,position,baseline,partitions
B,voiced,0.0017974052740939387,3.4093860824742035e-05,0.04239581670511772,300,890,6v,initial,position_mean_LOO,pooled
CH,voiceless,0.0036444344186902454,0.0002995941748959057,0.060369151217242116,300,96,6v,initial,position_mean_LOO,pooled
D,voiced,0.000706001324568331,3.8256928630297375e-05,0.026570685436554532,300,835,6v,initial,position_mean_LOO,pooled
DH,voiced,0.004816071811433347,2.1843617748909424e-05,0.06939792368243697,300,1795,6v,initial,position_mean_LOO,pooled
F,voiceless,0.0009754663216016677,5.56963656744449e-05,0.031232456221079823,300,642,6v,initial,position_mean_LOO,pooled
G,voiced,0.0030123277317063092,6.271649090604148e-05,0.05488467665666173,300,500,6v,initial,position_mean_LOO,pooled
JH,voiced,0.00206399977889549,0.00016862329481486636,0.045431264333006295,300,173,6v,initial,position_mean_LOO,pooled
K,voiceless,0.001741798053583246,3.761571791545161e-05,0.04173485418188551,300,847,6v,initial,position_mean_LOO,pooled
P,voiceless,0.0029895549744757416,5.236535720195961e-05,0.05467682301008117,300,671,6v,initial,position_mean_LOO,pooled
S,voiceless,0.0015175400216315311,3.376945290921737e-05,0.038955616047388224,300,1026,6v,initial,position_mean_LOO,pooled
SH,voiceless,0.002430512947683258,0.000169422412001725,0.04930023273457498,300,191,6v,initial,position_mean_LOO,pooled
T,voiceless,0.0024374192970506884,3.419335582827897e-05,0.0493702268280255,300,1025,6v,initial,position_mean_LOO,pooled
TH,voiceless,0.006966935581916787,0.0001750412526842535,0.08346817107087459,300,219,6v,initial,position_mean_LOO,pooled
V,voiced,0.005144332523525534,0.00014924193617420808,0.07172400242265858,300,184,6v,initial,position_mean_LOO,pooled
B,voiced,0.002703809121480114,7.175934781026311e-05,0.0519981645972251,300,406,6v,medial,position_mean_LOO,pooled
CH,voiceless,0.0014653986830037461,0.0002822852478852909,0.03828052615891984,300,118,6v,medial,position_mean_LOO,pooled
D,voiced,0.0007745379554589693,5.913947976160744e-05,0.027830522011973998,300,636,6v,medial,position_mean_LOO,pooled
DH,voiced,0.004523120533701418,0.00030286651151326626,0.06725414882147732,300,113,6v,medial,position_mean_LOO,pooled
F,voiceless,0.0014906706452631603,9.570440929252492e-05,0.03860920415215989,300,334,6v,medial,position_mean_LOO,pooled
G,voiced,0.0012770234739220621,0.00013204042471490448,0.035735465212055964,300,258,6v,medial,position_mean_LOO,pooled
JH,voiced,0.00043106009974894184,0.00016284606854310375,0.02076198689309243,300,183,6v,medial,position_mean_LOO,pooled
K,voiceless,0.0012540859058460788,3.7588309192166634e-05,0.035413075351430276,300,994,6v,medial,position_mean_LOO,pooled
P,voiceless,0.002319223225659479,5.038346385695257e-05,0.04815831419038128,300,657,6v,medial,position_mean_LOO,pooled
S,voiceless,0.0010388711129400007,3.549641672099016e-05,0.032231523590112846,300,1190,6v,medial,position_mean_LOO,pooled
SH,voiceless,0.00196105058235755,0.00012785000571765968,0.04428375077110734,300,238,6v,medial,position_mean_LOO,pooled
T,voiceless,0.0009288292782556462,2.6765750994065748e-05,0.030476700580207926,300,1694,6v,medial,position_mean_LOO,pooled
TH,voiceless,0.00257126441352139,0.0003030684802886634,0.050707636639084154,300,99,6v,medial,position_mean_LOO,pooled
V,voiced,0.0019103985581081387,6.257653445128102e-05,0.04370810632031704,300,546,6v,medial,position_mean_LOO,pooled
Z,voiced,0.0011777900211789368,0.0001349422974349764,0.03431894551379656,300,269,6v,medial,position_mean_LOO,pooled
ZH,voiced,0.0020833753057092836,0.00014093538513223865,0.045644006240790076,300,249,6v,medial,position_mean_LOO,pooled
B,voiced,0.008911830345771733,0.001041569284247291,0.09440249120532643,300,34,6v,final,position_mean_LOO,pooled
CH,voiceless,0.0013532234437126833,0.00025969124712408226,0.03678618550098234,300,130,6v,final,position_mean_LOO,pooled
D,voiced,0.0017303246280713244,5.9122288776935525e-05,0.04159717091427402,300,1484,6v,final,position_mean_LOO,pooled
DH,voiced,0.004958710447572605,0.00038363163863022813,0.0704181116444669,300,101,6v,final,position_mean_LOO,pooled
F,voiceless,0.002134300432096412,0.00020734595288349656,0.0461984895001602,300,194,6v,final,position_mean_LOO,pooled
G,voiced,0.0034036461204193006,0.000436998173997885,0.05834077579548716,300,65,6v,final,position_mean_LOO,pooled
JH,voiced,0.0013296880088623545,0.00039636512891294784,0.03646488734196713,300,92,6v,final,position_mean_LOO,pooled
K,voiceless,0.002145447282275805,0.00011571388130971856,0.04631897324289265,300,498,6v,final,position_mean_LOO,pooled
P,voiceless,0.0025283843191909977,0.0002176232951014719,0.05028304206381111,300,184,6v,final,position_mean_LOO,pooled
S,voiceless,0.0006438247843454722,7.31593489002961e-05,0.025373702614034717,300,1093,6v,final,position_mean_LOO,pooled
SH,voiceless,0.000810302267657644,0.0007637380075000759,0.028465808747647484,300,43,6v,final,position_mean_LOO,pooled
T,voiceless,0.0038773602450548226,6.12775760628835e-05,0.06226845304851263,300,2539,6v,final,position_mean_LOO,pooled
TH,voiceless,0.0008081977562084243,0.0004862574917143368,0.028428819113857407,300,77,6v,final,position_mean_LOO,pooled
V,voiced,0.0037924921838561774,0.00010308289879848236,0.06158321349082214,300,736,6v,final,position_mean_LOO,pooled
Z,voiced,0.0006038884554934054,5.833445820894863e-05,0.0245741420093033,300,1745,6v,final,position_mean_LOO,pooled
ZH,voiced,0.006536371789649087,0.0038421001974077175,0.08084783107572575,300,13,6v,final,position_mean_LOO,pooled
B,voiced,0.0017585893661801965,4.505530804139664e-05,0.04193553822452022,300,890,6v_sup,initial,position_mean_LOO,pooled
CH,voiceless,0.0033716033922524097,0.0003850684870738069,0.05806550948930363,300,96,6v_sup,initial,position_mean_LOO,pooled
D,voiced,0.0005523557806043821,5.203976609389079e-05,0.023502250543392268,300,835,6v_sup,initial,position_mean_LOO,pooled
DH,voiced,0.004396496325022095,2.6778651788780775e-05,0.06630608060368291,300,1795,6v_sup,initial,position_mean_LOO,pooled
F,voiceless,0.0007840740457101371,7.757417551370933e-05,0.02800132221360515,300,642,6v_sup,initial,position_mean_LOO,pooled
G,voiced,0.0018285106377602838,8.632144661867923e-05,0.04276108789261896,300,500,6v_sup,initial,position_mean_LOO,pooled
JH,voiced,0.001609303593777707,0.00021660798268898784,0.04011612635559055,300,173,6v_sup,initial,position_mean_LOO,pooled
K,voiceless,0.0017208031656386691,4.9185677793340494e-05,0.041482564598137726,300,847,6v_sup,initial,position_mean_LOO,pooled
P,voiceless,0.003284179148838864,6.945994631625181e-05,0.057307758190657435,300,671,6v_sup,initial,position_mean_LOO,pooled
S,voiceless,0.001776862176414032,4.3843319930778633e-05,0.04215284304070168,300,1026,6v_sup,initial,position_mean_LOO,pooled
SH,voiceless,0.0015548928264638507,0.00019510266078996518,0.03943212936760898,300,191,6v_sup,initial,position_mean_LOO,pooled
T,voiceless,0.0025028201860500987,4.592239799067224e-05,0.05002819391153451,300,1025,6v_sup,initial,position_mean_LOO,pooled
TH,voiceless,0.0037349211666487525,0.00018869994917567503,0.06111400139615105,300,219,6v_sup,initial,position_mean_LOO,pooled
V,voiced,0.00470920073714254,0.00018476398792015977,0.06862361646796633,300,184,6v_sup,initial,position_mean_LOO,pooled
B,voiced,0.0027707544755798913,9.017235594428514e-05,0.05263795660528523,300,406,6v_sup,medial,position_mean_LOO,pooled
CH,voiceless,0.0009866103592518207,0.00036124641568231167,0.031410354331841285,300,118,6v_sup,medial,position_mean_LOO,pooled
D,voiced,0.000359667075510684,7.772344358229888e-05,0.01896489060107345,300,636,6v_sup,medial,position_mean_LOO,pooled
DH,voiced,0.004556399925696347,0.00037722832672371857,0.06750111055157794,300,113,6v_sup,medial,position_mean_LOO,pooled
F,voiceless,0.00131994438725219,0.00012425187756063505,0.03633103889585584,300,334,6v_sup,medial,position_mean_LOO,pooled
G,voiced,0.0014908703568476023,0.00017293623522156878,0.038611790386455826,300,258,6v_sup,medial,position_mean_LOO,pooled
JH,voiced,0.00033680897652859656,0.00021150128041837922,0.018352356157414682,300,183,6v_sup,medial,position_mean_LOO,pooled
K,voiceless,0.0012118356296062515,5.1311616631705275e-05,0.03481142958291503,300,994,6v_sup,medial,position_mean_LOO,pooled
P,voiceless,0.002559054692731788,6.669633968487699e-05,0.05058710006248419,300,657,6v_sup,medial,position_mean_LOO,pooled
S,voiceless,0.0012173966803392467,4.773632814292286e-05,0.03489121207896405,300,1190,6v_sup,medial,position_mean_LOO,pooled
SH,voiceless,0.0017966829297440313,0.00015864278981171664,0.04238729679684742,300,238,6v_sup,medial,position_mean_LOO,pooled
T,voiceless,0.0007840663168138081,3.544067921768569e-05,0.02800118420377624,300,1694,6v_sup,medial,position_mean_LOO,pooled
TH,voiceless,0.0015477724804552684,0.0003633429828170614,0.03934173967245562,300,99,6v_sup,medial,position_mean_LOO,pooled
V,voiced,0.0022714703997668358,9.159629760752613e-05,0.04765994544443831,300,546,6v_sup,medial,position_mean_LOO,pooled
Z,voiced,0.0011645516027578452,0.0001722768522673056,0.0341255271425636,300,269,6v_sup,medial,position_mean_LOO,pooled
ZH,voiced,0.0014961258552229357,0.00018149666491915374,0.038679786132073374,300,249,6v_sup,medial,position_mean_LOO,pooled
B,voiced,0.010603226303321495,0.001331982585167599,0.10297196853183635,300,34,6v_sup,final,position_mean_LOO,pooled
CH,voiceless,0.001405280813612495,0.00027981948594766205,0.037487075287524034,300,130,6v_sup,final,position_mean_LOO,pooled
D,voiced,0.00039594005439642905,6.565447510434609e-05,0.019898242495165974,300,1484,6v_sup,final,position_mean_LOO,pooled
DH,voiced,0.00573549178232874,0.0005228250296348681,0.07573302966558738,300,101,6v_sup,final,position_mean_LOO,pooled
F,voiceless,0.0006219658516106132,0.0002573598472782921,0.02493924320444815,300,194,6v_sup,final,position_mean_LOO,pooled
G,voiced,0.0024862604337875164,0.0005174826919967004,0.04986241504166757,300,65,6v_sup,final,position_mean_LOO,pooled
JH,voiced,0.0019939542918755103,0.00037024674165931596,0.04465371531995418,300,92,6v_sup,final,position_mean_LOO,pooled
K,voiceless,0.001208219095277809,0.00013843209069068534,0.034759446130193286,300,498,6v_sup,final,position_mean_LOO,pooled
P,voiceless,0.0028028718013698964,0.00025132792766425414,0.052942155239184364,300,184,6v_sup,final,position_mean_LOO,pooled
S,voiceless,0.0005047052174066306,7.437304516291035e-05,0.022465645270203807,300,1093,6v_sup,final,position_mean_LOO,pooled
SH,voiceless,0.000614394813745487,0.0008600216255676992,0.02478698879947879,300,43,6v_sup,final,position_mean_LOO,pooled
T,voiceless,0.0013545008645250995,7.724531358690312e-05,0.03680354418429154,300,2539,6v_sup,final,position_mean_LOO,pooled
TH,voiceless,-8.591626126407443e-05,0.000655230233186725,-0.009269102505856455,300,77,6v_sup,final,position_mean_LOO,pooled
V,voiced,0.0036829218063361858,0.00012158510205737672,0.06068708104972743,300,736,6v_sup,final,position_mean_LOO,pooled
Z,voiced,0.0006269907845658014,6.755934329134619e-05,0.025039784035925737,300,1745,6v_sup,final,position_mean_LOO,pooled
ZH,voiced,0.01027011571194263,0.004737525114311162,0.10134157938350197,300,13,6v_sup,final,position_mean_LOO,pooled
B,voiced,0.001836221182007681,4.789788038882998e-05,0.04285115146653216,300,890,6v_inf,initial,position_mean_LOO,pooled
CH,voiceless,0.003917265445128082,0.0003891185092644345,0.06258806152237087,300,96,6v_inf,initial,position_mean_LOO,pooled
D,voiced,0.0008596468685322798,5.159247215317616e-05,0.029319735137485124,300,835,6v_inf,initial,position_mean_LOO,pooled
DH,voiced,0.0052356472978446,2.8655996372583963e-05,0.07235777289168456,300,1795,6v_inf,initial,position_mean_LOO,pooled
F,voiceless,0.0011668585974931981,7.102210936990004e-05,0.03415931201726988,300,642,6v_inf,initial,position_mean_LOO,pooled
G,voiced,0.004196144825652335,8.487850859551248e-05,0.0647776568397803,300,500,6v_inf,initial,position_mean_LOO,pooled
JH,voiced,0.0025186959640132733,0.00021808153410521967,0.05018661140197925,300,173,6v_inf,initial,position_mean_LOO,pooled
K,voiceless,0.0017627929415278225,5.649676808522547e-05,0.04198562779723346,300,847,6v_inf,initial,position_mean_LOO,pooled
P,voiceless,0.0026949308001126193,6.61148541168375e-05,0.05191272291175468,300,671,6v_inf,initial,position_mean_LOO,pooled
S,voiceless,0.0012582178668490301,4.6264691951115156e-05,0.03547136685904605,300,1026,6v_inf,initial,position_mean_LOO,pooled
SH,voiceless,0.003306133068902665,0.00023803553528745395,0.05749898319885896,300,191,6v_inf,initial,position_mean_LOO,pooled
T,voiceless,0.002372018408051278,4.3321392879832766e-05,0.048703371629192964,300,1025,6v_inf,initial,position_mean_LOO,pooled
TH,voiceless,0.010198949997184821,0.00027151340381250717,0.10098985096129622,300,219,6v_inf,initial,position_mean_LOO,pooled
V,voiced,0.0055794643099085295,0.00020278082019783275,0.0746958118632399,300,184,6v_inf,initial,position_mean_LOO,pooled
B,voiced,0.0026368637673803365,0.00010569740238809856,0.05135040182296859,300,406,6v_inf,medial,position_mean_LOO,pooled
CH,voiceless,0.0019441870067556718,0.0003843945087888299,0.044092936018773704,300,118,6v_inf,medial,position_mean_LOO,pooled
D,voiced,0.0011894088354072545,8.204957312344347e-05,0.034487807054193145,300,636,6v_inf,medial,position_mean_LOO,pooled
DH,voiced,0.00448984114170649,0.0004353000607268365,0.06700627688288978,300,113,6v_inf,medial,position_mean_LOO,pooled
F,voiceless,0.0016613969032741312,0.00013378676243717069,0.040760236791193095,300,334,6v_inf,medial,position_mean_LOO,pooled
G,voiced,0.0010631765909965213,0.00017740867600213664,0.032606388806436716,300,258,6v_inf,medial,position_mean_LOO,pooled
JH,voiced,0.0005253112229692871,0.0002161249227215664,0.022919668910551198,300,183,6v_inf,medial,position_mean_LOO,pooled
K,voiceless,0.0012963361820859066,5.043810858878295e-05,0.0360046688928798,300,994,6v_inf,medial,position_mean_LOO,pooled
P,voiceless,0.0020793917585871704,7.271806569621967e-05,0.04560034822879284,300,657,6v_inf,medial,position_mean_LOO,pooled
S,voiceless,0.0008603455455407551,4.686854343010825e-05,0.029331647508122605,300,1190,6v_inf,medial,position_mean_LOO,pooled
SH,voiceless,0.0021254182349710682,0.00019120885541138938,0.04610225845846457,300,238,6v_inf,medial,position_mean_LOO,pooled
T,voiceless,0.0010735922396974845,3.778491698913471e-05,0.032765717445181704,300,1694,6v_inf,medial,position_mean_LOO,pooled
TH,voiceless,0.003594756346587512,0.00041788337059910606,0.05995628696465043,300,99,6v_inf,medial,position_mean_LOO,pooled
V,voiced,0.0015493267164494418,8.445005514584627e-05,0.03936148773165773,300,546,6v_inf,medial,position_mean_LOO,pooled
Z,voiced,0.0011910284396000287,0.00017867161437517417,0.034511279889335146,300,269,6v_inf,medial,position_mean_LOO,pooled
ZH,voiced,0.0026706247561956316,0.0001946210503853423,0.05167808777611292,300,249,6v_inf,medial,position_mean_LOO,pooled
B,voiced,0.007220434388221969,0.0012551184171496253,0.08497313921600148,300,34,6v_inf,final,position_mean_LOO,pooled
CH,voiceless,0.0013011660738128715,0.00038528362064149804,0.03607167966442471,300,130,6v_inf,final,position_mean_LOO,pooled
D,voiced,0.0030647092017462192,8.870103194307085e-05,0.05535981576691002,300,1484,6v_inf,final,position_mean_LOO,pooled
DH,voiced,0.004181929112816468,0.0005415207818955299,0.064667836772359,300,101,6v_inf,final,position_mean_LOO,pooled
F,voiceless,0.0036466350125822105,0.00027244153279360747,0.06038737461243211,300,194,6v_inf,final,position_mean_LOO,pooled
G,voiced,0.004321031807051085,0.0006407879489910006,0.06573455565416933,300,65,6v_inf,final,position_mean_LOO,pooled
JH,voiced,0.0006654217258491988,0.0005835535416025457,0.025795769533960386,300,92,6v_inf,final,position_mean_LOO,pooled
K,voiceless,0.003082675469273802,0.0001514765116636228,0.05552184677470484,300,498,6v_inf,final,position_mean_LOO,pooled
P,voiceless,0.0022538968370120994,0.0003068126233706114,0.04747522340139222,300,184,6v_inf,final,position_mean_LOO,pooled
S,voiceless,0.0007829443512843137,0.00010932023786281086,0.027981142780170967,300,1093,6v_inf,final,position_mean_LOO,pooled
SH,voiceless,0.0010062097215698012,0.0011083682395355578,0.031720808967770686,300,43,6v_inf,final,position_mean_LOO,pooled
T,voiceless,0.0064002196255845455,8.726640217719162e-05,0.08000137264812739,300,2539,6v_inf,final,position_mean_LOO,pooled
TH,voiceless,0.0017023117736809231,0.0006210369089032816,0.04125908110562962,300,77,6v_inf,final,position_mean_LOO,pooled
V,voiced,0.0039020625613761704,0.00012862837002284251,0.06246649150845732,300,736,6v_inf,final,position_mean_LOO,pooled
Z,voiced,0.0005807861264210095,7.983068244887082e-05,0.024099504692441494,300,1745,6v_inf,final,position_mean_LOO,pooled
ZH,voiced,0.002802627867355541,0.004463589217564075,0.05293985141040293,300,13,6v_inf,final,position_mean_LOO,pooled
