window,array,pair,contrast,manner,n_per_class,acc,acc_sd,dprime,session_set
go_all,6v,P/B,laryngeal,stop,36,0.7581904761904762,0.11209928382066756,1.3993003330874285,pooled
go_all,6v,T/D,laryngeal,stop,36,0.6954285714285714,0.10639403935360912,1.0170789097763588,pooled
go_all,6v,K/G,laryngeal,stop,36,0.5998095238095238,0.11343316931227285,0.5054681625518072,pooled
go_all,6v,F/V,laryngeal,fricative,36,0.7386666666666666,0.12161662375926728,1.2877812369149158,pooled
go_all,6v,S/Z,laryngeal,fricative,36,0.7404761904761904,0.10868936785540367,1.292913259370318,pooled
go_all,6v,SH/ZH,laryngeal,fricative,36,0.85,0.07154435061071134,2.066885341000604,pooled
go_all,6v,CH/JH,laryngeal,affricate,36,0.7467619047619045,0.10212122092969873,1.3221869684621255,pooled
go_all,6v,TH/DH,laryngeal,fricative,36,0.7811428571428571,0.08125411554202659,1.5527109295098855,pooled
go_all,6v,P/T,place,stop,36,0.8976190476190475,0.09133055261668925,2.544227316068369,pooled
go_all,6v,T/K,place,stop,36,0.7125714285714285,0.09980825153678392,1.1190702819778175,pooled
go_all,6v,B/D,place,stop,36,0.8879047619047619,0.07218149209079511,2.4684272603968096,pooled
go_all,6v,D/G,place,stop,36,0.8505714285714286,0.10070900582805535,2.066885341000604,pooled
go_all,6v,F/S,place,fricative,36,0.9126666666666668,0.07710528185407221,2.728309784935025,pooled
go_all,6v,F/TH,place,fricative,36,0.9804761904761906,0.03133101742780186,4.1368755342125105,pooled
go_all,6v,S/SH,place,fricative,36,0.8110476190476191,0.09165863910428182,1.7584570179027237,pooled
go_all,6v,V/Z,place,fricative,36,0.9074285714285716,0.0707790147871554,2.631664581708534,pooled
go_all,6v,M/N,place,nasal,36,0.9614285714285715,0.0550345181312696,3.497521200191643,pooled
go_all,6v_sup,P/B,laryngeal,stop,36,0.5563809523809523,0.12874542019021357,0.287583291669433,pooled
go_all,6v_sup,T/D,laryngeal,stop,36,0.5811428571428572,0.11843254440269424,0.4055795635140238,pooled
go_all,6v_sup,K/G,laryngeal,stop,36,0.5662857142857143,0.11170027923399467,0.3351482706804669,pooled
go_all,6v_sup,F/V,laryngeal,fricative,36,0.6263809523809524,0.12713201309203936,0.6440043569235951,pooled
go_all,6v_sup,S/Z,laryngeal,fricative,36,0.5952380952380952,0.11280388536432591,0.47707459810831815,pooled
go_all,6v_sup,SH/ZH,laryngeal,fricative,36,0.6976190476190476,0.1066677295865408,1.0392026083463515,pooled
go_all,6v_sup,CH/JH,laryngeal,affricate,36,0.7091428571428571,0.10745389772388167,1.1024848117705246,pooled
go_all,6v_sup,TH/DH,laryngeal,fricative,36,0.5403809523809523,0.10265959866120124,0.20173560613348845,pooled
go_all,6v_sup,P/T,place,stop,36,0.838190476190476,0.08917098660779586,1.991575039417248,pooled
go_all,6v_sup,T/K,place,stop,36,0.7060952380952381,0.10182480174021015,1.0865903025750954,pooled
go_all,6v_sup,B/D,place,stop,36,0.8143809523809523,0.08114537219442294,1.8398428511291556,pooled
go_all,6v_sup,D/G,place,stop,36,0.6530476190476189,0.10017223263198335,0.7871144492021529,pooled
go_all,6v_sup,F/S,place,fricative,36,0.8654285714285713,0.08305837632383035,2.2329477924562484,pooled
go_all,6v_sup,F/TH,place,fricative,36,0.8926666666666666,0.0830496395560239,2.556055476886235,pooled
go_all,6v_sup,S/SH,place,fricative,36,0.59,0.0917862547078155,0.4494890821976984,pooled
go_all,6v_sup,V/Z,place,fricative,36,0.8434285714285714,0.07607515081436628,2.006329011791281,pooled
go_all,6v_sup,M/N,place,nasal,36,0.9116190476190477,0.07535951624939217,2.6954281587391025,pooled
go_all,6v_inf,P/B,laryngeal,stop,36,0.7433333333333336,0.10060700128461733,1.3034438625872307,pooled
go_all,6v_inf,T/D,laryngeal,stop,36,0.7370476190476191,0.11515262473833146,1.2672914125480708,pooled
go_all,6v_inf,K/G,laryngeal,stop,36,0.6481904761904762,0.100392156237495,0.754811135764391,pooled
go_all,6v_inf,F/V,laryngeal,fricative,36,0.7656190476190478,0.10553949513814062,1.4627693767352299,pooled
go_all,6v_inf,S/Z,laryngeal,fricative,36,0.7917142857142856,0.10064558052800229,1.6206912847365436,pooled
go_all,6v_inf,SH/ZH,laryngeal,fricative,36,0.8213333333333332,0.0870126010630884,1.8309455758054973,pooled
go_all,6v_inf,CH/JH,laryngeal,affricate,36,0.7179999999999999,0.1118603356595963,1.1508162008191425,pooled
go_all,6v_inf,TH/DH,laryngeal,fricative,36,0.8981904761904762,0.0821915797531166,2.535632313442611,pooled
go_all,6v_inf,P/T,place,stop,36,0.9075238095238096,0.07566539301873924,2.6574809294302133,pooled
go_all,6v_inf,T/K,place,stop,36,0.7430476190476191,0.09821056558611076,1.3102408844294198,pooled
go_all,6v_inf,B/D,place,stop,36,0.8554285714285713,0.07838945738732002,2.1138800619831777,pooled
go_all,6v_inf,D/G,place,stop,36,0.8208571428571428,0.0900989126402584,1.839602840694838,pooled
go_all,6v_inf,F/S,place,fricative,36,0.8898095238095238,0.07677165245919351,2.449880898282972,pooled
go_all,6v_inf,F/TH,place,fricative,36,0.9584761904761906,0.041382459285401775,3.4767351604216934,pooled
go_all,6v_inf,S/SH,place,fricative,36,0.8025714285714287,0.09306672319355826,1.7001716822992532,pooled
go_all,6v_inf,V/Z,place,fricative,36,0.8908571428571429,0.06431103557751308,2.445125157651951,pooled
go_all,6v_inf,M/N,place,nasal,36,0.9545714285714285,0.06440525041624431,3.3640700218081627,pooled
go_all,44,P/B,laryngeal,stop,36,0.5398095238095239,0.10575614786758918,0.20176509450385988,pooled
go_all,44,T/D,laryngeal,stop,36,0.5459047619047619,0.1327666870765363,0.22995739628519257,pooled
go_all,44,K/G,laryngeal,stop,36,0.38676190476190475,0.12407403977842736,-0.5752134283455502,pooled
go_all,44,F/V,laryngeal,fricative,36,0.5376190476190476,0.10825455010782511,0.1905404550534271,pooled
go_all,44,S/Z,laryngeal,fricative,36,0.5342857142857143,0.12596295751794123,0.17617649598938218,pooled
go_all,44,SH/ZH,laryngeal,fricative,36,0.693809523809524,0.12948266153114174,1.0066496149352153,pooled
go_all,44,CH/JH,laryngeal,affricate,36,0.5585714285714285,0.10690555732019287,0.2984550172708953,pooled
go_all,44,TH/DH,laryngeal,fricative,36,0.5992380952380952,0.102430154290309,0.501187635612767,pooled
go_all,44,P/T,place,stop,36,0.5918095238095238,0.10321823741542671,0.4624081999608172,pooled
go_all,44,T/K,place,stop,36,0.4900952380952381,0.10945273055870908,-0.0486335226408158,pooled
go_all,44,B/D,place,stop,36,0.6052380952380951,0.11026766033656366,0.5353750727442869,pooled
go_all,44,D/G,place,stop,36,0.5314285714285714,0.1262614355746785,0.15995076178596584,pooled
go_all,44,F/S,place,fricative,36,0.512095238095238,0.11059603516038574,0.06270249379960052,pooled
go_all,44,F/TH,place,fricative,36,0.5905714285714285,0.11589145754529445,0.4596796217506574,pooled
go_all,44,S/SH,place,fricative,36,0.5001904761904761,0.09302651220372135,0.0,pooled
go_all,44,V/Z,place,fricative,36,0.47095238095238096,0.1246973660771388,-0.13964670186505176,pooled
go_all,44,M/N,place,nasal,36,0.5637142857142857,0.12950241419929867,0.3228207637073036,pooled
go_all,all,P/B,laryngeal,stop,36,0.6943809523809524,0.1189740344011163,1.0144104065869757,pooled
go_all,all,T/D,laryngeal,stop,36,0.6762857142857142,0.11642244603616213,0.914057217094719,pooled
go_all,all,K/G,laryngeal,stop,36,0.49933333333333335,0.12254300924837067,0.0,pooled
go_all,all,F/V,laryngeal,fricative,36,0.5981904761904762,0.1329207562333352,0.49925113883290356,pooled
go_all,all,S/Z,laryngeal,fricative,36,0.6723809523809523,0.0979425533880567,0.8915979359495098,pooled
go_all,all,SH/ZH,laryngeal,fricative,36,0.7383809523809524,0.1302689003352597,1.2678395192976963,pooled
go_all,all,CH/JH,laryngeal,affricate,36,0.6990476190476191,0.09657161641758757,1.08974347500543,pooled
go_all,all,TH/DH,laryngeal,fricative,36,0.7331428571428572,0.10165059536183232,1.2494297544143236,pooled
go_all,all,P/T,place,stop,36,0.8119047619047619,0.08535506738527404,1.7878775181282596,pooled
go_all,all,T/K,place,stop,36,0.6621904761904763,0.12069116900852354,0.8427330369126875,pooled
go_all,all,B/D,place,stop,36,0.8926666666666666,0.07448209695248861,2.5193237673816506,pooled
go_all,all,D/G,place,stop,36,0.7084761904761905,0.1281520143248252,1.1067440227040999,pooled
go_all,all,F/S,place,fricative,36,0.8501904761904763,0.0918403919654739,2.071701537279342,pooled
go_all,all,F/TH,place,fricative,36,0.9511428571428573,0.050537339420837754,3.292694397139405,pooled
go_all,all,S/SH,place,fricative,36,0.714857142857143,0.09565451817908323,1.1369615420248511,pooled
go_all,all,V/Z,place,fricative,36,0.7754285714285714,0.09824011492972663,1.5073574527069562,pooled
go_all,all,M/N,place,nasal,36,0.9504761904761905,0.06834619092574916,3.2669051884795786,pooled
go_0_500ms,6v,P/B,laryngeal,stop,36,0.7333333333333333,0.10725179646889367,1.2517008639800622,pooled
go_0_500ms,6v,T/D,laryngeal,stop,36,0.7042857142857144,0.09010575796833198,1.069580756855438,pooled
go_0_500ms,6v,K/G,laryngeal,stop,36,0.6276190476190476,0.10621929995316146,0.650354717426973,pooled
go_0_500ms,6v,F/V,laryngeal,fricative,36,0.6036190476190477,0.09447580645083242,0.5273720345244114,pooled
go_0_500ms,6v,S/Z,laryngeal,fricative,36,0.6796190476190475,0.09810929164241257,0.9310405490951081,pooled
go_0_500ms,6v,SH/ZH,laryngeal,fricative,36,0.7486666666666667,0.08928686983379219,1.3360457595484976,pooled
go_0_500ms,6v,CH/JH,laryngeal,affricate,36,0.7364761904761905,0.10838584807756067,1.2682053372264068,pooled
go_0_500ms,6v,TH/DH,laryngeal,fricative,36,0.6521904761904761,0.1208547037166152,0.786046223135309,pooled
go_0_500ms,6v,P/T,place,stop,36,0.9595238095238097,0.05090785771690126,3.89238366958863,pooled
go_0_500ms,6v,T/K,place,stop,36,0.829142857142857,0.09748604179404968,1.8952836046960893,pooled
go_0_500ms,6v,B/D,place,stop,36,0.9133333333333333,0.07266860135975349,2.950641123733673,pooled
go_0_500ms,6v,D/G,place,stop,36,0.8157142857142857,0.07749625109797482,1.7885128009958797,pooled
go_0_500ms,6v,F/S,place,fricative,36,0.8559047619047618,0.08102971096429332,2.1124793629812917,pooled
go_0_500ms,6v,F/TH,place,fricative,36,0.9610476190476192,0.046224239010597495,3.545027828381067,pooled
go_0_500ms,6v,S/SH,place,fricative,36,0.761047619047619,0.09818622687216516,1.4187184047738235,pooled
go_0_500ms,6v,V/Z,place,fricative,36,0.9109523809523808,0.06679070094276825,2.731002905474683,pooled
go_0_500ms,6v,M/N,place,nasal,36,0.958952380952381,0.06099618961371513,3.634976885936702,pooled
go_0_500ms,6v_sup,P/B,laryngeal,stop,36,0.6405714285714285,0.1156123007366978,0.72534929630821,pooled
go_0_500ms,6v_sup,T/D,laryngeal,stop,36,0.5165714285714286,0.13779027081096376,0.08334895447763588,pooled
go_0_500ms,6v_sup,K/G,laryngeal,stop,36,0.5446666666666666,0.11172484016232492,0.22278921196125112,pooled
go_0_500ms,6v_sup,F/V,laryngeal,fricative,36,0.5322857142857143,0.11684549947815413,0.16684299541332265,pooled
go_0_500ms,6v_sup,S/Z,laryngeal,fricative,36,0.4684761904761905,0.10036617764223402,-0.16003624463678773,pooled
go_0_500ms,6v_sup,SH/ZH,laryngeal,fricative,36,0.6927619047619048,0.10969030822648308,0.9989169005662948,pooled
go_0_500ms,6v_sup,CH/JH,laryngeal,affricate,36,0.5918095238095238,0.1233803550738147,0.4637892241206599,pooled
go_0_500ms,6v_sup,TH/DH,laryngeal,fricative,36,0.4587619047619048,0.11871805812201883,-0.20873089680105336,pooled
go_0_500ms,6v_sup,P/T,place,stop,36,0.8780952380952379,0.08419823278209655,2.361572617451796,pooled
go_0_500ms,6v_sup,T/K,place,stop,36,0.6584761904761907,0.086703498191477,0.8138189215855427,pooled
go_0_500ms,6v_sup,B/D,place,stop,36,0.826,0.09671807218678599,1.9209844698986633,pooled
go_0_500ms,6v_sup,D/G,place,stop,36,0.6511428571428571,0.11414598601111202,0.7726364363648288,pooled
go_0_500ms,6v_sup,F/S,place,fricative,36,0.7945714285714286,0.10069603572126026,1.651403147260718,pooled
go_0_500ms,6v_sup,F/TH,place,fricative,36,0.7592380952380953,0.10176296320504877,1.4123685245068756,pooled
go_0_500ms,6v_sup,S/SH,place,fricative,36,0.5254285714285715,0.12210775509718981,0.1253692278522293,pooled
go_0_500ms,6v_sup,V/Z,place,fricative,36,0.7816190476190478,0.1064070394752463,1.5530949843795396,pooled
go_0_500ms,6v_sup,M/N,place,nasal,36,0.9667619047619048,0.04869722272505678,3.771010788380427,pooled
go_0_500ms,6v_inf,P/B,laryngeal,stop,36,0.7667619047619048,0.10118791033161477,1.4548105449591309,pooled
go_0_500ms,6v_inf,T/D,laryngeal,stop,36,0.7317142857142858,0.09807031583548899,1.2374558796468258,pooled
go_0_500ms,6v_inf,K/G,laryngeal,stop,36,0.642,0.11267391193545648,0.7271151373683575,pooled
go_0_500ms,6v_inf,F/V,laryngeal,fricative,36,0.6007619047619047,0.09919110486050003,0.5129903871161052,pooled
go_0_500ms,6v_inf,S/Z,laryngeal,fricative,36,0.7908571428571427,0.10563205725192698,1.6101015768279414,pooled
go_0_500ms,6v_inf,SH/ZH,laryngeal,fricative,36,0.8055238095238094,0.1009000762974211,1.7319882859145748,pooled
go_0_500ms,6v_inf,CH/JH,laryngeal,affricate,36,0.6976190476190476,0.10137937550497032,1.0370827751956506,pooled
go_0_500ms,6v_inf,TH/DH,laryngeal,fricative,36,0.7422857142857143,0.10413509453509032,1.2966977568248392,pooled
go_0_500ms,6v_inf,P/T,place,stop,36,0.9477142857142858,0.05730524545329672,3.3958244192986378,pooled
go_0_500ms,6v_inf,T/K,place,stop,36,0.8065714285714286,0.0816879189340336,1.7298485639798007,pooled
go_0_500ms,6v_inf,B/D,place,stop,36,0.9176190476190478,0.06878439152167302,2.860489978122577,pooled
go_0_500ms,6v_inf,D/G,place,stop,36,0.8221904761904762,0.08198008717900677,1.8493528253833642,pooled
go_0_500ms,6v_inf,F/S,place,fricative,36,0.857047619047619,0.07952517820322047,2.129462067523818,pooled
go_0_500ms,6v_inf,F/TH,place,fricative,36,0.9760952380952382,0.038971935946052506,4.327189853460229,pooled
go_0_500ms,6v_inf,S/SH,place,fricative,36,0.7689523809523809,0.10863506906746329,1.4696789955885121,pooled
go_0_500ms,6v_inf,V/Z,place,fricative,36,0.9118095238095237,0.0914297618970115,2.731002905474683,pooled
go_0_500ms,6v_inf,M/N,place,nasal,36,0.9376190476190476,0.06079779504296326,3.2452363507113864,pooled
go_0_500ms,44,P/B,laryngeal,stop,36,0.5871428571428571,0.11742996175749758,0.434418673639277,pooled
go_0_500ms,44,T/D,laryngeal,stop,36,0.5436190476190476,0.11329074830185232,0.21604868222750717,pooled
go_0_500ms,44,K/G,laryngeal,stop,36,0.4951428571428571,0.12397238372894845,-0.028167268596470008,pooled
go_0_500ms,44,F/V,laryngeal,fricative,36,0.4461904761904762,0.12557802861106424,-0.27223551215513503,pooled
go_0_500ms,44,S/Z,laryngeal,fricative,36,0.49257142857142855,0.1336498284472933,-0.035466487369952504,pooled
go_0_500ms,44,SH/ZH,laryngeal,fricative,36,0.5985714285714285,0.1209008139042955,0.4988147520926009,pooled
go_0_500ms,44,CH/JH,laryngeal,affricate,36,0.5479047619047619,0.11241488591803007,0.24428534549781059,pooled
go_0_500ms,44,TH/DH,laryngeal,fricative,36,0.6188571428571429,0.11732452038640613,0.6173883185473281,pooled
go_0_500ms,44,P/T,place,stop,36,0.7151428571428571,0.09998952326071348,1.144635388968136,pooled
go_0_500ms,44,T/K,place,stop,36,0.4901904761904762,0.10593032408187329,-0.048739437312148186,pooled
go_0_500ms,44,B/D,place,stop,36,0.5002857142857142,0.11546380886001721,0.0,pooled
go_0_500ms,44,D/G,place,stop,36,0.5251428571428571,0.12293478535893396,0.13215884037574974,pooled
go_0_500ms,44,F/S,place,fricative,36,0.4374285714285714,0.10499113449237257,-0.3137445853226975,pooled
go_0_500ms,44,F/TH,place,fricative,36,0.5725714285714285,0.12553219135249585,0.365686388638841,pooled
go_0_500ms,44,S/SH,place,fricative,36,0.5136190476190476,0.1323809866392556,0.06286710211815665,pooled
go_0_500ms,44,V/Z,place,fricative,36,0.5531428571428572,0.13378277990663257,0.26725300529017876,pooled
go_0_500ms,44,M/N,place,nasal,36,0.4449523809523809,0.10862638542259116,-0.2786483938858968,pooled
go_0_500ms,all,P/B,laryngeal,stop,36,0.6545714285714284,0.10770839106434064,0.7984094085831808,pooled
go_0_500ms,all,T/D,laryngeal,stop,36,0.7247619047619047,0.09442990417617235,1.216128693021836,pooled
go_0_500ms,all,K/G,laryngeal,stop,36,0.6118095238095238,0.11542385657508877,0.5661554886061193,pooled
go_0_500ms,all,F/V,laryngeal,fricative,36,0.4933333333333333,0.12704918968116033,-0.03473655034576719,pooled
go_0_500ms,all,S/Z,laryngeal,fricative,36,0.6237142857142858,0.130185599239828,0.6300033017392597,pooled
go_0_500ms,all,SH/ZH,laryngeal,fricative,36,0.7497142857142856,0.09764185563982855,1.3562460786221457,pooled
go_0_500ms,all,CH/JH,laryngeal,affricate,36,0.703047619047619,0.11340038032786047,1.0783643633210762,pooled
go_0_500ms,all,TH/DH,laryngeal,fricative,36,0.6171428571428571,0.11660737074286782,0.6103988128553415,pooled
go_0_500ms,all,P/T,place,stop,36,0.9541904761904761,0.04933930833462074,3.4565395395071072,pooled
go_0_500ms,all,T/K,place,stop,36,0.718,0.10071080709966865,1.1510481205881298,pooled
go_0_500ms,all,B/D,place,stop,36,0.9194285714285715,0.06263916026810203,2.8107931035684914,pooled
go_0_500ms,all,D/G,place,stop,36,0.7144761904761904,0.10923755552654482,1.1345614446720065,pooled
go_0_500ms,all,F/S,place,fricative,36,0.7613333333333333,0.11716469018373384,1.4151574912219274,pooled
go_0_500ms,all,F/TH,place,fricative,36,0.9260952380952381,0.06346917047596438,2.8854784518845187,pooled
go_0_500ms,all,S/SH,place,fricative,36,0.6141904761904761,0.12274446660290905,0.5802734452899816,pooled
go_0_500ms,all,V/Z,place,fricative,36,0.8000952380952381,0.10231998184522541,1.6813343087762207,pooled
go_0_500ms,all,M/N,place,nasal,36,0.9242857142857142,0.07558839489086186,2.8926447524768557,pooled
onset_0_300ms,6v,P/B,laryngeal,stop,36,0.6701904761904762,0.11885244954103706,0.8829082064729555,pooled
onset_0_300ms,6v,T/D,laryngeal,stop,36,0.6929523809523809,0.13324228183626338,1.0157131560114305,pooled
onset_0_300ms,6v,K/G,laryngeal,stop,36,0.5567619047619048,0.12043699720096221,0.2856563140794077,pooled
onset_0_300ms,6v,F/V,laryngeal,fricative,36,0.6011428571428571,0.1056909455143572,0.5129903871161052,pooled
onset_0_300ms,6v,S/Z,laryngeal,fricative,36,0.7251428571428571,0.11552910913137582,1.1919504611408056,pooled
onset_0_300ms,6v,SH/ZH,laryngeal,fricative,36,0.7815238095238095,0.10264811211432444,1.559857444174153,pooled
onset_0_300ms,6v,CH/JH,laryngeal,affricate,36,0.6444761904761904,0.09909618772570772,0.7395822606431102,pooled
onset_0_300ms,6v,TH/DH,laryngeal,fricative,36,0.6406666666666666,0.09677432428733276,0.7199264572635652,pooled
onset_0_300ms,6v,P/T,place,stop,36,0.8752380952380951,0.09078143996032362,2.3540552613830155,pooled
onset_0_300ms,6v,T/K,place,stop,36,0.7762857142857144,0.0931411529691212,1.5151355390555974,pooled
onset_0_300ms,6v,B/D,place,stop,36,0.852,0.08776302869858815,2.11440701120505,pooled
onset_0_300ms,6v,D/G,place,stop,36,0.778952380952381,0.09314407439072175,1.5569496393332387,pooled
onset_0_300ms,6v,F/S,place,fricative,36,0.7918095238095237,0.10449767543986614,1.623643848881608,pooled
onset_0_300ms,6v,F/TH,place,fricative,36,0.8233333333333331,0.0909274460958557,1.8515466064495243,pooled
onset_0_300ms,6v,S/SH,place,fricative,36,0.7049523809523809,0.11308480152346251,1.0804154026029869,pooled
onset_0_300ms,6v,V/Z,place,fricative,36,0.854095238095238,0.07041026517615788,2.1623780431701505,pooled
onset_0_300ms,6v,M/N,place,nasal,36,0.8917142857142857,0.08455732400616699,2.66920472292515,pooled
onset_0_300ms,6v_sup,P/B,laryngeal,stop,36,0.5118095238095237,0.1312705744590952,0.06251171764059785,pooled
onset_0_300ms,6v_sup,T/D,laryngeal,stop,36,0.6379047619047619,0.1109552830194758,0.7040789099023467,pooled
onset_0_300ms,6v_sup,K/G,laryngeal,stop,36,0.5207619047619048,0.11122390646625621,0.10466207075004616,pooled
onset_0_300ms,6v_sup,F/V,laryngeal,fricative,36,0.6228571428571428,0.11104533200291306,0.6281580564182199,pooled
onset_0_300ms,6v_sup,S/Z,laryngeal,fricative,36,0.5570476190476191,0.1141645786590927,0.2856563140794077,pooled
onset_0_300ms,6v_sup,SH/ZH,laryngeal,fricative,36,0.6123809523809524,0.11481227900547415,0.5708944426263156,pooled
onset_0_300ms,6v_sup,CH/JH,laryngeal,affricate,36,0.583047619047619,0.10855538728613857,0.42019251165342064,pooled
onset_0_300ms,6v_sup,TH/DH,laryngeal,fricative,36,0.49714285714285716,0.10369587487995933,-0.013944098656612253,pooled
onset_0_300ms,6v_sup,P/T,place,stop,36,0.7786666666666665,0.07456747541671686,1.5624604947759244,pooled
onset_0_300ms,6v_sup,T/K,place,stop,36,0.6733333333333333,0.11696851137404983,0.897682285907824,pooled
onset_0_300ms,6v_sup,B/D,place,stop,36,0.8244761904761905,0.07707822101083425,1.9282876567970084,pooled
onset_0_300ms,6v_sup,D/G,place,stop,36,0.6613333333333334,0.11577850461773669,0.8297205894754105,pooled
onset_0_300ms,6v_sup,F/S,place,fricative,36,0.6382857142857143,0.10751769352887323,0.7019252628904316,pooled
onset_0_300ms,6v_sup,F/TH,place,fricative,36,0.640952380952381,0.12283499246611146,0.7169197695003544,pooled
onset_0_300ms,6v_sup,S/SH,place,fricative,36,0.5282857142857142,0.1310706305931334,0.13985131670622755,pooled
onset_0_300ms,6v_sup,V/Z,place,fricative,36,0.7619999999999999,0.09481568227588819,1.4165105099460977,pooled
onset_0_300ms,6v_sup,M/N,place,nasal,36,0.7827619047619049,0.09589719552126401,1.5717469867771516,pooled
onset_0_300ms,6v_inf,P/B,laryngeal,stop,36,0.7516190476190476,0.10816280665628168,1.3549041763079375,pooled
onset_0_300ms,6v_inf,T/D,laryngeal,stop,36,0.7266666666666666,0.09745980042259833,1.2024289247841295,pooled
onset_0_300ms,6v_inf,K/G,laryngeal,stop,36,0.5974285714285714,0.09825327076194208,0.501187635612767,pooled
onset_0_300ms,6v_inf,F/V,laryngeal,fricative,36,0.6036190476190476,0.09647557937097859,0.5268812571913192,pooled
onset_0_300ms,6v_inf,S/Z,laryngeal,fricative,36,0.7187619047619047,0.10407310355876653,1.15912942581911,pooled
onset_0_300ms,6v_inf,SH/ZH,laryngeal,fricative,36,0.8072380952380952,0.10179005560221065,1.727734474330057,pooled
onset_0_300ms,6v_inf,CH/JH,laryngeal,affricate,36,0.6478095238095238,0.1293414682903404,0.7582171751660911,pooled
onset_0_300ms,6v_inf,TH/DH,laryngeal,fricative,36,0.7035238095238096,0.12388938816083568,1.0703572880526036,pooled
onset_0_300ms,6v_inf,P/T,place,stop,36,0.848190476190476,0.08324833760673973,2.050060864682756,pooled
onset_0_300ms,6v_inf,T/K,place,stop,36,0.7821904761904761,0.09285987785959969,1.556118309423775,pooled
onset_0_300ms,6v_inf,B/D,place,stop,36,0.8091428571428573,0.10012164936317129,1.7871078148349158,pooled
onset_0_300ms,6v_inf,D/G,place,stop,36,0.7869523809523808,0.0960480322015809,1.5953128815265634,pooled
onset_0_300ms,6v_inf,F/S,place,fricative,36,0.8152380952380953,0.08058741257640449,1.8037290727546376,pooled
onset_0_300ms,6v_inf,F/TH,place,fricative,36,0.842857142857143,0.08654622714541967,2.018393288729794,pooled
onset_0_300ms,6v_inf,S/SH,place,fricative,36,0.6790476190476191,0.09591190213170388,0.9330624992457643,pooled
onset_0_300ms,6v_inf,V/Z,place,fricative,36,0.832095238095238,0.09505606413479462,1.9248842826443804,pooled
onset_0_300ms,6v_inf,M/N,place,nasal,36,0.9154285714285713,0.0757760155665854,2.8333098501358176,pooled
onset_0_300ms,44,P/B,laryngeal,stop,36,0.6246666666666666,0.11150054655510064,0.6365395823883087,pooled
onset_0_300ms,44,T/D,laryngeal,stop,36,0.6459999999999999,0.13429452858610164,0.7524200596910138,pooled
onset_0_300ms,44,K/G,laryngeal,stop,36,0.5213333333333333,0.116156279120581,0.1042315167207983,pooled
onset_0_300ms,44,F/V,laryngeal,fricative,36,0.4881904761904762,0.11025116656022808,-0.05555703306741991,pooled
onset_0_300ms,44,S/Z,laryngeal,fricative,36,0.5851428571428571,0.11250050138462221,0.4279656024400692,pooled
onset_0_300ms,44,SH/ZH,laryngeal,fricative,36,0.5668571428571427,0.10633861117560907,0.34013552684013587,pooled
onset_0_300ms,44,CH/JH,laryngeal,affricate,36,0.5783809523809523,0.10819152413979391,0.40733459904123537,pooled
onset_0_300ms,44,TH/DH,laryngeal,fricative,36,0.6078095238095238,0.10976685248635813,0.541359270028643,pooled
onset_0_300ms,44,P/T,place,stop,36,0.608952380952381,0.09516015858705221,0.5486214111756018,pooled
onset_0_300ms,44,T/K,place,stop,36,0.3923809523809524,0.10756425069329903,-0.556758269963181,pooled
onset_0_300ms,44,B/D,place,stop,36,0.5918095238095238,0.123996342569132,0.4694987264140993,pooled
onset_0_300ms,44,D/G,place,stop,36,0.5640952380952381,0.12222135229539927,0.3233696504548401,pooled
onset_0_300ms,44,F/S,place,fricative,36,0.42533333333333323,0.1029119783283108,-0.3711320730929433,pooled
onset_0_300ms,44,F/TH,place,fricative,36,0.593142857142857,0.11863608869964531,0.4694987264140993,pooled
onset_0_300ms,44,S/SH,place,fricative,36,0.5627619047619047,0.10802993622224076,0.31374458532269733,pooled
onset_0_300ms,44,V/Z,place,fricative,36,0.6175238095238096,0.13641819124476887,0.6057732323330287,pooled
onset_0_300ms,44,M/N,place,nasal,36,0.4827619047619047,0.13528466669613337,-0.08344570063785517,pooled
onset_0_300ms,all,P/B,laryngeal,stop,36,0.6979999999999998,0.11570190017979576,1.0383270051453002,pooled
onset_0_300ms,all,T/D,laryngeal,stop,36,0.7466666666666666,0.10487872274804251,1.326367938529184,pooled
onset_0_300ms,all,K/G,laryngeal,stop,36,0.5829523809523809,0.11086176557208369,0.41332966701467805,pooled
onset_0_300ms,all,F/V,laryngeal,fricative,36,0.5567619047619048,0.09861554108410427,0.288644829970387,pooled
onset_0_300ms,all,S/Z,laryngeal,fricative,36,0.6607619047619048,0.09944316623407361,0.8354864674420602,pooled
onset_0_300ms,all,SH/ZH,laryngeal,fricative,36,0.722095238095238,0.10521012341037915,1.1778114648716795,pooled
onset_0_300ms,all,CH/JH,laryngeal,affricate,36,0.6704761904761906,0.12003023050810019,0.891784657557503,pooled
onset_0_300ms,all,TH/DH,laryngeal,fricative,36,0.6431428571428571,0.11248344801390783,0.7320045747321741,pooled
onset_0_300ms,all,P/T,place,stop,36,0.8321904761904761,0.10274049823377472,1.9167071643436127,pooled
onset_0_300ms,all,T/K,place,stop,36,0.7048571428571426,0.11695490147741495,1.0815094188527277,pooled
onset_0_300ms,all,B/D,place,stop,36,0.7892380952380953,0.09848655190953473,1.6106960960708028,pooled
onset_0_300ms,all,D/G,place,stop,36,0.6963809523809522,0.10769723245075065,1.0227766690349795,pooled
onset_0_300ms,all,F/S,place,fricative,36,0.7140952380952382,0.09845500370779557,1.1279120418410458,pooled
onset_0_300ms,all,F/TH,place,fricative,36,0.7861904761904762,0.09087755585803438,1.5817046356907327,pooled
onset_0_300ms,all,S/SH,place,fricative,36,0.6781904761904761,0.13531550433814196,0.9242132393915139,pooled
onset_0_300ms,all,V/Z,place,fricative,36,0.7821904761904761,0.1024011497242712,1.5790459649832174,pooled
onset_0_300ms,all,M/N,place,nasal,36,0.8726666666666667,0.08762841564826414,2.280284889746281,pooled
onset_0_500ms,6v,P/B,laryngeal,stop,36,0.6136190476190475,0.125761210578492,0.5778348246921721,pooled
onset_0_500ms,6v,T/D,laryngeal,stop,36,0.7345714285714285,0.10483897597913545,1.2543922419424152,pooled
onset_0_500ms,6v,K/G,laryngeal,stop,36,0.6256190476190475,0.10173947432005255,0.6427986592557663,pooled
onset_0_500ms,6v,F/V,laryngeal,fricative,36,0.6663809523809523,0.11058045162314693,0.8605133464499988,pooled
onset_0_500ms,6v,S/Z,laryngeal,fricative,36,0.7131428571428572,0.1042348647501327,1.1291124067234313,pooled
onset_0_500ms,6v,SH/ZH,laryngeal,fricative,36,0.7740952380952381,0.10056601717043293,1.5001192400629297,pooled
onset_0_500ms,6v,CH/JH,laryngeal,affricate,36,0.6694285714285714,0.10705748980080274,0.8758063221507069,pooled
onset_0_500ms,6v,TH/DH,laryngeal,fricative,36,0.6654285714285715,0.10904994798927042,0.8608021714738345,pooled
onset_0_500ms,6v,P/T,place,stop,36,0.9113333333333334,0.06894008046033565,2.6954281587391025,pooled
onset_0_500ms,6v,T/K,place,stop,36,0.7579047619047617,0.0992322455089717,1.4052976992669612,pooled
onset_0_500ms,6v,B/D,place,stop,36,0.8882857142857142,0.08561481000159948,2.5598394737450203,pooled
onset_0_500ms,6v,D/G,place,stop,36,0.7807619047619048,0.10011313328321272,1.5563121722722613,pooled
onset_0_500ms,6v,F/S,place,fricative,36,0.8168571428571428,0.07835155382246455,1.8051452226521107,pooled
onset_0_500ms,6v,F/TH,place,fricative,36,0.884761904761905,0.0663871692108322,2.397145861988732,pooled
onset_0_500ms,6v,S/SH,place,fricative,36,0.7316190476190476,0.11457803883871895,1.2441005235259965,pooled
onset_0_500ms,6v,V/Z,place,fricative,36,0.8741904761904762,0.08367462086481631,2.3432900625263597,pooled
onset_0_500ms,6v,M/N,place,nasal,36,0.9520000000000001,0.05882322955772581,3.330109382984584,pooled
onset_0_500ms,6v_sup,P/B,laryngeal,stop,36,0.5495238095238095,0.12404007837422508,0.25201279396962323,pooled
onset_0_500ms,6v_sup,T/D,laryngeal,stop,36,0.6139047619047618,0.12143450965872273,0.5794780734028332,pooled
onset_0_500ms,6v_sup,K/G,laryngeal,stop,36,0.5621904761904761,0.10113375441057816,0.3164226763396598,pooled
onset_0_500ms,6v_sup,F/V,laryngeal,fricative,36,0.6842857142857143,0.12427111755189287,0.9606517979790032,pooled
onset_0_500ms,6v_sup,S/Z,laryngeal,fricative,36,0.5574285714285714,0.08757975309355147,0.2859518598834956,pooled
onset_0_500ms,6v_sup,SH/ZH,laryngeal,fricative,36,0.6337142857142857,0.0997313397887265,0.6798876776761213,pooled
onset_0_500ms,6v_sup,CH/JH,laryngeal,affricate,36,0.5918095238095238,0.10829136811474527,0.4646798063807146,pooled
onset_0_500ms,6v_sup,TH/DH,laryngeal,fricative,36,0.503047619047619,0.11072123890096322,0.013899313508729437,pooled
onset_0_500ms,6v_sup,P/T,place,stop,36,0.7891428571428571,0.09702626055916634,1.6141797615867692,pooled
onset_0_500ms,6v_sup,T/K,place,stop,36,0.6547619047619048,0.11850638874058901,0.7984771350886124,pooled
onset_0_500ms,6v_sup,B/D,place,stop,36,0.8408571428571429,0.09396332569659142,2.0173636819223484,pooled
onset_0_500ms,6v_sup,D/G,place,stop,36,0.6186666666666667,0.09912927037408256,0.6004708780755167,pooled
onset_0_500ms,6v_sup,F/S,place,fricative,36,0.7161904761904762,0.1184020591841528,1.1473580300982729,pooled
onset_0_500ms,6v_sup,F/TH,place,fricative,36,0.7767619047619049,0.08106233429168154,1.515005864882628,pooled
onset_0_500ms,6v_sup,S/SH,place,fricative,36,0.614,0.11856056557620906,0.5798601231280629,pooled
onset_0_500ms,6v_sup,V/Z,place,fricative,36,0.8452380952380952,0.08888959750284445,2.0449814079644746,pooled
onset_0_500ms,6v_sup,M/N,place,nasal,36,0.8804761904761906,0.07392617510110587,2.3531136248144806,pooled
onset_0_500ms,6v_inf,P/B,laryngeal,stop,36,0.6898095238095238,0.12091866796751671,0.9924985493422716,pooled
onset_0_500ms,6v_inf,T/D,laryngeal,stop,36,0.8147619047619048,0.09798537537228745,1.7842439230172333,pooled
onset_0_500ms,6v_inf,K/G,laryngeal,stop,36,0.6658095238095239,0.11546883629012207,0.8609390482056433,pooled
onset_0_500ms,6v_inf,F/V,laryngeal,fricative,36,0.6554285714285715,0.11134616407388381,0.7987481935560559,pooled
onset_0_500ms,6v_inf,S/Z,laryngeal,fricative,36,0.7356190476190477,0.1081077819447185,1.2604308476957256,pooled
onset_0_500ms,6v_inf,SH/ZH,laryngeal,fricative,36,0.7322857142857143,0.08324098284192587,1.2336085387022342,pooled
onset_0_500ms,6v_inf,CH/JH,laryngeal,affricate,36,0.6890476190476188,0.09401717409571142,0.9868144311425211,pooled
onset_0_500ms,6v_inf,TH/DH,laryngeal,fricative,36,0.7819047619047619,0.09310954706743044,1.6481123801639852,pooled
onset_0_500ms,6v_inf,P/T,place,stop,36,0.8631428571428572,0.08913191833576316,2.2296623650577825,pooled
onset_0_500ms,6v_inf,T/K,place,stop,36,0.7454285714285714,0.09753520208754633,1.3221869684621255,pooled
onset_0_500ms,6v_inf,B/D,place,stop,36,0.848095238095238,0.08673074554171792,2.146949567863564,pooled
onset_0_500ms,6v_inf,D/G,place,stop,36,0.8151428571428572,0.107676722851278,1.7890887239830628,pooled
onset_0_500ms,6v_inf,F/S,place,fricative,36,0.8473333333333334,0.09027752625117587,2.047933434486186,pooled
onset_0_500ms,6v_inf,F/TH,place,fricative,36,0.9362857142857144,0.04734099775065172,3.053420539266657,pooled
onset_0_500ms,6v_inf,S/SH,place,fricative,36,0.6967619047619047,0.10740155013090613,1.0298570533151066,pooled
onset_0_500ms,6v_inf,V/Z,place,fricative,36,0.8475238095238096,0.08597573881275516,2.0460975547424707,pooled
onset_0_500ms,6v_inf,M/N,place,nasal,36,0.917047619047619,0.08400458901189083,2.7514492231515524,pooled
onset_0_500ms,44,P/B,laryngeal,stop,36,0.6072380952380952,0.085051618313691,0.5417811272151137,pooled
onset_0_500ms,44,T/D,laryngeal,stop,36,0.5477142857142856,0.1169161181565966,0.23812420581059848,pooled
onset_0_500ms,44,K/G,laryngeal,stop,36,0.45638095238095233,0.12874189757214313,-0.2234390578739007,pooled
onset_0_500ms,44,F/V,laryngeal,fricative,36,0.5166666666666666,0.12377014025623312,0.08433458371184475,pooled
onset_0_500ms,44,S/Z,laryngeal,fricative,36,0.5283809523809524,0.1313904706678263,0.1327968610346231,pooled
onset_0_500ms,44,SH/ZH,laryngeal,fricative,36,0.6093333333333334,0.11459861926487146,0.5486214111756016,pooled
onset_0_500ms,44,CH/JH,laryngeal,affricate,36,0.5260952380952381,0.12254756122381531,0.13644965512542112,pooled
onset_0_500ms,44,TH/DH,laryngeal,fricative,36,0.5772380952380952,0.10310943485227507,0.3842687238805916,pooled
onset_0_500ms,44,P/T,place,stop,36,0.623904761904762,0.10099051391208363,0.6288609885480373,pooled
onset_0_500ms,44,T/K,place,stop,36,0.40847619047619044,0.11664738421798392,-0.4657899457787419,pooled
onset_0_500ms,44,B/D,place,stop,36,0.5145714285714286,0.13907504621867153,0.0765017414143818,pooled
onset_0_500ms,44,D/G,place,stop,36,0.4608571428571428,0.14312131130815875,-0.19474610044150192,pooled
onset_0_500ms,44,F/S,place,fricative,36,0.46695238095238095,0.12141422884483677,-0.15988090090224755,pooled
onset_0_500ms,44,F/TH,place,fricative,36,0.588,0.12032925351592888,0.4420023489398239,pooled
onset_0_500ms,44,S/SH,place,fricative,36,0.5527619047619047,0.10615455296710669,0.2655644633663709,pooled
onset_0_500ms,44,V/Z,place,fricative,36,0.6228571428571429,0.14386942933928912,0.6241150699933097,pooled
onset_0_500ms,44,M/N,place,nasal,36,0.478952380952381,0.12061478946481531,-0.10423151672079844,pooled
onset_0_500ms,all,P/B,laryngeal,stop,36,0.6831428571428572,0.09141969202914078,0.9512577887749722,pooled
onset_0_500ms,all,T/D,laryngeal,stop,36,0.6291428571428572,0.11764753848108168,0.6574402125066556,pooled
onset_0_500ms,all,K/G,laryngeal,stop,36,0.5971428571428571,0.10847113161831502,0.49602771331140627,pooled
onset_0_500ms,all,F/V,laryngeal,fricative,36,0.5856190476190476,0.10518740429669199,0.4420560698344502,pooled
onset_0_500ms,all,S/Z,laryngeal,fricative,36,0.6867619047619048,0.10991355085762411,0.9675449506798586,pooled
onset_0_500ms,all,SH/ZH,laryngeal,fricative,36,0.7296190476190476,0.09998770899522291,1.21685311085415,pooled
onset_0_500ms,all,CH/JH,laryngeal,affricate,36,0.6770476190476189,0.13618278366553324,0.9393062045148703,pooled
onset_0_500ms,all,TH/DH,laryngeal,fricative,36,0.7098095238095238,0.10195107981643432,1.103278668179015,pooled
onset_0_500ms,all,P/T,place,stop,36,0.8541904761904762,0.0858036042564726,2.1115439445203568,pooled
onset_0_500ms,all,T/K,place,stop,36,0.6469523809523808,0.1170770624364689,0.7538034031354417,pooled
onset_0_500ms,all,B/D,place,stop,36,0.8363809523809524,0.10419656985749594,1.9698951889144873,pooled
onset_0_500ms,all,D/G,place,stop,36,0.7117142857142857,0.1097025870085655,1.1220373773066565,pooled
onset_0_500ms,all,F/S,place,fricative,36,0.7724761904761904,0.1194214701313992,1.4997752340862331,pooled
onset_0_500ms,all,F/TH,place,fricative,36,0.8867619047619048,0.08443108260439734,2.4170500656431138,pooled
onset_0_500ms,all,S/SH,place,fricative,36,0.664,0.09791550802614538,0.8449048146729462,pooled
onset_0_500ms,all,V/Z,place,fricative,36,0.8173333333333334,0.11119536034954565,1.806826771512085,pooled
onset_0_500ms,all,M/N,place,nasal,36,0.9098095238095238,0.07073575111116565,2.6805036210289606,pooled
go_all,6v,P/B,laryngeal,stop,20,0.845,0.0986154146165801,2.0165233921317967,audio_0426
go_all,6v,T/D,laryngeal,stop,20,0.6875,0.14415703243338496,0.9792749853227449,audio_0426
go_all,6v,K/G,laryngeal,stop,20,0.5625,0.17001838135919303,0.3135493411655652,audio_0426
go_all,6v,F/V,laryngeal,fricative,20,0.6125,0.1505199322349037,0.5702146146511852,audio_0426
go_all,6v,S/Z,laryngeal,fricative,20,0.69,0.1230853362509117,1.0090738529806567,audio_0426
go_all,6v,SH/ZH,laryngeal,fricative,20,0.7925,0.1470756608008273,1.620650123386043,audio_0426
go_all,6v,CH/JH,laryngeal,affricate,20,0.8225,0.12013013776733963,1.8566553709049813,audio_0426
go_all,6v,TH/DH,laryngeal,fricative,20,0.8225,0.11205467415507486,1.8926962743628297,audio_0426
go_all,6v,P/T,place,stop,20,0.8875,0.08385254915624211,2.416481391710345,audio_0426
go_all,6v,T/K,place,stop,20,0.7575,0.13786315678962235,1.3884264911412387,audio_0426
go_all,6v,B/D,place,stop,20,0.8175,0.1123888339649451,1.8611294719432525,audio_0426
go_all,6v,D/G,place,stop,20,0.7725,0.15550321540083983,1.4864958944658238,audio_0426
go_all,6v,F/S,place,fricative,20,0.8425,0.14100088652203574,1.9964153687777755,audio_0426
go_all,6v,F/TH,place,fricative,20,0.9725,0.0575,3.7685291712226263,audio_0426
go_all,6v,S/SH,place,fricative,20,0.715,0.1392838827718412,1.1357769675464318,audio_0426
go_all,6v,V/Z,place,fricative,20,0.895,0.09473647660748208,2.7568014299158783,audio_0426
go_all,6v,M/N,place,nasal,20,0.9675,0.06025985396596975,3.733900475707351,audio_0426
go_all,6v_sup,P/B,laryngeal,stop,20,0.4875,0.13520817282989958,-0.06236525555879653,audio_0426
go_all,6v_sup,T/D,laryngeal,stop,20,0.6325,0.15493950432346168,0.6741849334097956,audio_0426
go_all,6v_sup,K/G,laryngeal,stop,20,0.545,0.13865424623862047,0.22510711818005108,audio_0426
go_all,6v_sup,F/V,laryngeal,fricative,20,0.63,0.13453624047073712,0.661199438251175,audio_0426
go_all,6v_sup,S/Z,laryngeal,fricative,20,0.4875,0.1605654072333141,-0.06407877953751293,audio_0426
go_all,6v_sup,SH/ZH,laryngeal,fricative,20,0.6625,0.11792476415070756,0.835735177531132,audio_0426
go_all,6v_sup,CH/JH,laryngeal,affricate,20,0.6325,0.1355774686295625,0.6738322663338863,audio_0426
go_all,6v_sup,TH/DH,laryngeal,fricative,20,0.4825,0.15208961174255128,-0.08736579315201971,audio_0426
go_all,6v_sup,P/T,place,stop,20,0.8275,0.12720554233208553,1.8961622047118825,audio_0426
go_all,6v_sup,T/K,place,stop,20,0.67,0.12932517156377563,0.8751578749779397,audio_0426
go_all,6v_sup,B/D,place,stop,20,0.78,0.13592277219068188,1.5618302436587317,audio_0426
go_all,6v_sup,D/G,place,stop,20,0.5775,0.1818137783557671,0.3896713195943372,audio_0426
go_all,6v_sup,F/S,place,fricative,20,0.74,0.16926310879810758,1.2817407775727323,audio_0426
go_all,6v_sup,F/TH,place,fricative,20,0.8625,0.10680004681646914,2.1905276587906615,audio_0426
go_all,6v_sup,S/SH,place,fricative,20,0.6825,0.14188463623662712,0.9566683855269936,audio_0426
go_all,6v_sup,V/Z,place,fricative,20,0.885,0.10559356040971439,2.4843510913601983,audio_0426
go_all,6v_sup,M/N,place,nasal,20,0.91,0.08306623862918075,2.8764806203316873,audio_0426
go_all,6v_inf,P/B,laryngeal,stop,20,0.7375,0.1525819451966713,1.2649895638542126,audio_0426
go_all,6v_inf,T/D,laryngeal,stop,20,0.6375,0.1375,0.6999368664373569,audio_0426
go_all,6v_inf,K/G,laryngeal,stop,20,0.645,0.15684387141358122,0.7494994021505568,audio_0426
go_all,6v_inf,F/V,laryngeal,fricative,20,0.7325,0.15413062641798353,1.2337964469352323,audio_0426
go_all,6v_inf,S/Z,laryngeal,fricative,20,0.695,0.15644487847162014,1.0162481233872867,audio_0426
go_all,6v_inf,SH/ZH,laryngeal,fricative,20,0.7625,0.14197270864500683,1.4337197267601935,audio_0426
go_all,6v_inf,CH/JH,laryngeal,affricate,20,0.77,0.12338962679253065,1.4696446997107855,audio_0426
go_all,6v_inf,TH/DH,laryngeal,fricative,20,0.8325,0.1162163929916946,1.9264338030601371,audio_0426
go_all,6v_inf,P/T,place,stop,20,0.915,0.08077747210701756,2.7303352335801696,audio_0426
go_all,6v_inf,T/K,place,stop,20,0.7375,0.13050383136138188,1.2670513349357084,audio_0426
go_all,6v_inf,B/D,place,stop,20,0.785,0.12509996003196805,1.5723220345743916,audio_0426
go_all,6v_inf,D/G,place,stop,20,0.6925,0.16809595474014238,1.0095876991424375,audio_0426
go_all,6v_inf,F/S,place,fricative,20,0.7925,0.11621639299169459,1.6230879472605397,audio_0426
go_all,6v_inf,F/TH,place,fricative,20,0.94,0.08381527307120104,3.9742279301561405,audio_0426
go_all,6v_inf,S/SH,place,fricative,20,0.7675,0.11728704105739901,1.4666356328834889,audio_0426
go_all,6v_inf,V/Z,place,fricative,20,0.8625,0.10968705484240152,2.3743841735846085,audio_0426
go_all,6v_inf,M/N,place,nasal,20,0.9625,0.06249999999999999,4.233392170500421,audio_0426
go_all,44,P/B,laryngeal,stop,20,0.6875,0.12311072252245131,0.9777151546563405,audio_0426
go_all,44,T/D,laryngeal,stop,20,0.515,0.16515144564913745,0.07498821803359763,audio_0426
go_all,44,K/G,laryngeal,stop,20,0.395,0.16462077633154332,-0.5300852001317455,audio_0426
go_all,44,F/V,laryngeal,fricative,20,0.42,0.13638181696985854,-0.4038455678318566,audio_0426
go_all,44,S/Z,laryngeal,fricative,20,0.52,0.15882380174268593,0.10030858033349509,audio_0426
go_all,44,SH/ZH,laryngeal,fricative,20,0.66,0.15008331019803636,0.8254540477775122,audio_0426
go_all,44,CH/JH,laryngeal,affricate,20,0.56,0.18069310999592653,0.3005204845297429,audio_0426
go_all,44,TH/DH,laryngeal,fricative,20,0.6,0.1479019945774904,0.5083393667866116,audio_0426
go_all,44,P/T,place,stop,20,0.6225,0.17939133200910237,0.6219786411326145,audio_0426
go_all,44,T/K,place,stop,20,0.435,0.15256146302392357,-0.32695424566491715,audio_0426
go_all,44,B/D,place,stop,20,0.685,0.15256146302392357,0.9583688074915492,audio_0426
go_all,44,D/G,place,stop,20,0.535,0.17684739183827394,0.17493674507934026,audio_0426
go_all,44,F/S,place,fricative,20,0.55,0.1620185174601965,0.2502436929675933,audio_0426
go_all,44,F/TH,place,fricative,20,0.54,0.15898113095584646,0.2001162911175723,audio_0426
go_all,44,S/SH,place,fricative,20,0.54,0.15898113095584646,0.20144915932533394,audio_0426
go_all,44,V/Z,place,fricative,20,0.67,0.11390785749894518,0.8942532515479513,audio_0426
go_all,44,M/N,place,nasal,20,0.5175,0.16957667882111618,0.09093411385973038,audio_0426
go_all,all,P/B,laryngeal,stop,20,0.775,0.11726039399558574,1.5378646917155065,audio_0426
go_all,all,T/D,laryngeal,stop,20,0.49,0.12708265027138835,-0.05028005630534897,audio_0426
go_all,all,K/G,laryngeal,stop,20,0.4325,0.17714753738056874,-0.33832460639573353,audio_0426
go_all,all,F/V,laryngeal,fricative,20,0.5825,0.13831576193623052,0.41455964702673376,audio_0426
go_all,all,S/Z,laryngeal,fricative,20,0.6225,0.15710267343364975,0.6257452638037826,audio_0426
go_all,all,SH/ZH,laryngeal,fricative,20,0.745,0.13219304066402285,1.3419621248233184,audio_0426
go_all,all,CH/JH,laryngeal,affricate,20,0.6675,0.14493533040635742,0.8619590122692444,audio_0426
go_all,all,TH/DH,laryngeal,fricative,20,0.655,0.16688319268278634,0.8271805784040608,audio_0426
go_all,all,P/T,place,stop,20,0.8625,0.10383279828647592,2.1681358680361518,audio_0426
go_all,all,T/K,place,stop,20,0.6,0.17853571071357124,0.5051660906215835,audio_0426
go_all,all,B/D,place,stop,20,0.8875,0.09100137361600648,2.4313615583139563,audio_0426
go_all,all,D/G,place,stop,20,0.6775,0.14380977018269656,0.9202541801819992,audio_0426
go_all,all,F/S,place,fricative,20,0.755,0.14352700094407322,1.378756883306095,audio_0426
go_all,all,F/TH,place,fricative,20,0.81,0.1205197079319395,1.747074016913054,audio_0426
go_all,all,S/SH,place,fricative,20,0.6675,0.14276291535269234,0.8616360955296505,audio_0426
go_all,all,V/Z,place,fricative,20,0.785,0.10908712114635716,1.669686110271398,audio_0426
go_all,all,M/N,place,nasal,20,0.925,0.09013878188659974,3.315635928202197,audio_0426
go_0_500ms,6v,P/B,laryngeal,stop,20,0.79,0.12609520212918493,1.6030872356806336,audio_0426
go_0_500ms,6v,T/D,laryngeal,stop,20,0.725,0.11989578808281799,1.1889489962565034,audio_0426
go_0_500ms,6v,K/G,laryngeal,stop,20,0.535,0.13472193585307482,0.17569521561731036,audio_0426
go_0_500ms,6v,F/V,laryngeal,fricative,20,0.5925,0.15167811312117513,0.46582953782065273,audio_0426
go_0_500ms,6v,S/Z,laryngeal,fricative,20,0.53,0.15724185193516388,0.14980107916207858,audio_0426
go_0_500ms,6v,SH/ZH,laryngeal,fricative,20,0.6475,0.15550321540083983,0.7552576655800091,audio_0426
go_0_500ms,6v,CH/JH,laryngeal,affricate,20,0.775,0.13693063937629152,1.5068828039341604,audio_0426
go_0_500ms,6v,TH/DH,laryngeal,fricative,20,0.7025,0.13894693231590255,1.0596047588062802,audio_0426
go_0_500ms,6v,P/T,place,stop,20,0.9225,0.0897566153550812,3.463178593965666,audio_0426
go_0_500ms,6v,T/K,place,stop,20,0.7425,0.1332525797123643,1.2993338779311636,audio_0426
go_0_500ms,6v,B/D,place,stop,20,0.935,0.08381527307120104,2.9944989345978787,audio_0426
go_0_500ms,6v,D/G,place,stop,20,0.73,0.14654350889752846,1.219261710076196,audio_0426
go_0_500ms,6v,F/S,place,fricative,20,0.7775,0.12064928512013653,1.5524332356746715,audio_0426
go_0_500ms,6v,F/TH,place,fricative,20,0.935,0.0874642784226795,3.0146759558551905,audio_0426
go_0_500ms,6v,S/SH,place,fricative,20,0.7525,0.14682046860026024,1.3578640178903938,audio_0426
go_0_500ms,6v,V/Z,place,fricative,20,0.845,0.13360389215887386,2.044675223550291,audio_0426
go_0_500ms,6v,M/N,place,nasal,20,0.9475,0.06656763477847175,3.3658059869256824,audio_0426
go_0_500ms,6v_sup,P/B,laryngeal,stop,20,0.5,0.15811388300841897,0.0,audio_0426
go_0_500ms,6v_sup,T/D,laryngeal,stop,20,0.63,0.16194134740701646,0.6603389778383231,audio_0426
go_0_500ms,6v_sup,K/G,laryngeal,stop,20,0.495,0.15604486534327233,-0.024973303575568304,audio_0426
go_0_500ms,6v_sup,F/V,laryngeal,fricative,20,0.5625,0.1644118304745738,0.3133491555388304,audio_0426
go_0_500ms,6v_sup,S/Z,laryngeal,fricative,20,0.4475,0.15225389978585113,-0.2638144148841302,audio_0426
go_0_500ms,6v_sup,SH/ZH,laryngeal,fricative,20,0.59,0.14585952145814823,0.4528237055666401,audio_0426
go_0_500ms,6v_sup,CH/JH,laryngeal,affricate,20,0.705,0.14309088021254185,1.0727658150982728,audio_0426
go_0_500ms,6v_sup,TH/DH,laryngeal,fricative,20,0.44,0.1255985668708047,-0.3004487679372298,audio_0426
go_0_500ms,6v_sup,P/T,place,stop,20,0.8875,0.08385254915624211,2.4537459623071207,audio_0426
go_0_500ms,6v_sup,T/K,place,stop,20,0.665,0.1379311422413372,0.8477916446453757,audio_0426
go_0_500ms,6v_sup,B/D,place,stop,20,0.8925,0.10003124511871278,2.485889849655168,audio_0426
go_0_500ms,6v_sup,D/G,place,stop,20,0.53,0.16309506430300091,0.14997705107388876,audio_0426
go_0_500ms,6v_sup,F/S,place,fricative,20,0.68,0.11768602295939821,0.9312015811497808,audio_0426
go_0_500ms,6v_sup,F/TH,place,fricative,20,0.755,0.13219304066402285,1.431940871799232,audio_0426
go_0_500ms,6v_sup,S/SH,place,fricative,20,0.51,0.13656500283747663,0.05002852402814639,audio_0426
go_0_500ms,6v_sup,V/Z,place,fricative,20,0.6725,0.14766939425622358,0.8950445038999394,audio_0426
go_0_500ms,6v_sup,M/N,place,nasal,20,0.9325,0.08735702604828073,3.27596521334359,audio_0426
go_0_500ms,6v_inf,P/B,laryngeal,stop,20,0.89,0.08888194417315588,2.432547818517549,audio_0426
go_0_500ms,6v_inf,T/D,laryngeal,stop,20,0.69,0.1255985668708047,0.987226917573514,audio_0426
go_0_500ms,6v_inf,K/G,laryngeal,stop,20,0.5175,0.16585008290621986,0.08740668141430111,audio_0426
go_0_500ms,6v_inf,F/V,laryngeal,fricative,20,0.7175,0.15167811312117513,1.148219233968991,audio_0426
go_0_500ms,6v_inf,S/Z,laryngeal,fricative,20,0.6225,0.15710267343364975,0.6225132209205697,audio_0426
go_0_500ms,6v_inf,SH/ZH,laryngeal,fricative,20,0.6875,0.1644118304745738,0.983007834751775,audio_0426
go_0_500ms,6v_inf,CH/JH,laryngeal,affricate,20,0.7925,0.11621639299169458,1.6201641591929472,audio_0426
go_0_500ms,6v_inf,TH/DH,laryngeal,fricative,20,0.6475,0.15749999999999997,0.7570304857771927,audio_0426
go_0_500ms,6v_inf,P/T,place,stop,20,0.91,0.09367496997597598,3.3625197782710767,audio_0426
go_0_500ms,6v_inf,T/K,place,stop,20,0.74,0.15976545308670456,1.2890378703598668,audio_0426
go_0_500ms,6v_inf,B/D,place,stop,20,0.925,0.08660254037844387,2.8938166905738516,audio_0426
go_0_500ms,6v_inf,D/G,place,stop,20,0.7375,0.12562344526401112,1.287646394805316,audio_0426
go_0_500ms,6v_inf,F/S,place,fricative,20,0.765,0.1290348790056394,1.4363907933403421,audio_0426
go_0_500ms,6v_inf,F/TH,place,fricative,20,0.9375,0.08003905296791061,3.0386416112657795,audio_0426
go_0_500ms,6v_inf,S/SH,place,fricative,20,0.705,0.1615549442140351,1.0881144745923859,audio_0426
go_0_500ms,6v_inf,V/Z,place,fricative,20,0.855,0.11554220008291341,2.1646001544764575,audio_0426
go_0_500ms,6v_inf,M/N,place,nasal,20,0.9625,0.0625,4.233392170500415,audio_0426
go_0_500ms,44,P/B,laryngeal,stop,20,0.66,0.15620499351813308,0.8233135839232896,audio_0426
go_0_500ms,44,T/D,laryngeal,stop,20,0.4725,0.16637683131974837,-0.1376117563839375,audio_0426
go_0_500ms,44,K/G,laryngeal,stop,20,0.65,0.14790199457749043,0.76723503585424,audio_0426
go_0_500ms,44,F/V,laryngeal,fricative,20,0.4125,0.1681703005884214,-0.4400821229628297,audio_0426
go_0_500ms,44,S/Z,laryngeal,fricative,20,0.6625,0.1605654072333141,0.8427966073708144,audio_0426
go_0_500ms,44,SH/ZH,laryngeal,fricative,20,0.6175,0.1569434611571951,0.5953987767419519,audio_0426
go_0_500ms,44,CH/JH,laryngeal,affricate,20,0.5025,0.15710267343364975,0.012578866696635826,audio_0426
go_0_500ms,44,TH/DH,laryngeal,fricative,20,0.58,0.13407087677791923,0.40292585083916677,audio_0426
go_0_500ms,44,P/T,place,stop,20,0.6275,0.16296088487732263,0.6474761092162904,audio_0426
go_0_500ms,44,T/K,place,stop,20,0.5425,0.17785176411832412,0.21290868901465054,audio_0426
go_0_500ms,44,B/D,place,stop,20,0.5525,0.1582916611827673,0.2635208171374191,audio_0426
go_0_500ms,44,D/G,place,stop,20,0.47,0.15724185193516388,-0.14980107916207858,audio_0426
go_0_500ms,44,F/S,place,fricative,20,0.47,0.16688319268278637,-0.14989487056946957,audio_0426
go_0_500ms,44,F/TH,place,fricative,20,0.5475,0.12720554233208553,0.2380701817068513,audio_0426
go_0_500ms,44,S/SH,place,fricative,20,0.4975,0.14028987846598198,-0.0126006793415962,audio_0426
go_0_500ms,44,V/Z,place,fricative,20,0.515,0.1290348790056394,0.07498821803359763,audio_0426
go_0_500ms,44,M/N,place,nasal,20,0.685,0.15459624833740307,0.9586502359954303,audio_0426
go_0_500ms,all,P/B,laryngeal,stop,20,0.7375,0.15662455107677084,1.2644024151272217,audio_0426
go_0_500ms,all,T/D,laryngeal,stop,20,0.645,0.13999999999999999,0.7512104814013544,audio_0426
go_0_500ms,all,K/G,laryngeal,stop,20,0.6575,0.13418736900319642,0.8101724905490703,audio_0426
go_0_500ms,all,F/V,laryngeal,fricative,20,0.5775,0.16749999999999998,0.3894191795467934,audio_0426
go_0_500ms,all,S/Z,laryngeal,fricative,20,0.4925,0.2141990896339198,-0.03747358828230822,audio_0426
go_0_500ms,all,SH/ZH,laryngeal,fricative,20,0.5525,0.16787271964199543,0.26352081713741893,audio_0426
go_0_500ms,all,CH/JH,laryngeal,affricate,20,0.57,0.16039014932345438,0.35168052021852014,audio_0426
go_0_500ms,all,TH/DH,laryngeal,fricative,20,0.585,0.13564659966250536,0.43074589494585347,audio_0426
go_0_500ms,all,P/T,place,stop,20,0.9,0.09354143466934853,2.8493773405484983,audio_0426
go_0_500ms,all,T/K,place,stop,20,0.7175,0.14100088652203574,1.1444967350749224,audio_0426
go_0_500ms,all,B/D,place,stop,20,0.8875,0.09762812094883318,2.468086774133389,audio_0426
go_0_500ms,all,D/G,place,stop,20,0.5025,0.13576173982385464,0.012500284706739917,audio_0426
go_0_500ms,all,F/S,place,fricative,20,0.7075,0.15734118977559564,1.0926254452156614,audio_0426
go_0_500ms,all,F/TH,place,fricative,20,0.8725,0.11036870027322057,2.3067516809381323,audio_0426
go_0_500ms,all,S/SH,place,fricative,20,0.6575,0.17104458483097323,0.8152892609388677,audio_0426
go_0_500ms,all,V/Z,place,fricative,20,0.7675,0.1145916663636584,1.494835348282815,audio_0426
go_0_500ms,all,M/N,place,nasal,20,0.8675,0.10127314550264546,2.2683690054183057,audio_0426
onset_0_300ms,6v,P/B,laryngeal,stop,20,0.8,0.12747548783981963,1.676811623254292,audio_0426
onset_0_300ms,6v,T/D,laryngeal,stop,20,0.615,0.1319090595827292,0.5867328338759801,audio_0426
onset_0_300ms,6v,K/G,laryngeal,stop,20,0.55,0.1346291201783626,0.25077923453360845,audio_0426
onset_0_300ms,6v,F/V,laryngeal,fricative,20,0.5875,0.1525819451966713,0.44022588952521247,audio_0426
onset_0_300ms,6v,S/Z,laryngeal,fricative,20,0.5975,0.16448784149595982,0.49207951472648426,audio_0426
onset_0_300ms,6v,SH/ZH,laryngeal,fricative,20,0.825,0.1224744871391589,1.8570119000403584,audio_0426
onset_0_300ms,6v,CH/JH,laryngeal,affricate,20,0.6775,0.14596660576995,0.9329394688785568,audio_0426
onset_0_300ms,6v,TH/DH,laryngeal,fricative,20,0.7875,0.15860721925561902,1.6027437955067843,audio_0426
onset_0_300ms,6v,P/T,place,stop,20,0.835,0.11022703842524302,1.99369136294465,audio_0426
onset_0_300ms,6v,T/K,place,stop,20,0.7175,0.1475,1.1469743800473156,audio_0426
onset_0_300ms,6v,B/D,place,stop,20,0.8775,0.1158932698649926,2.4508268419353936,audio_0426
onset_0_300ms,6v,D/G,place,stop,20,0.715,0.14585952145814823,1.1357769675464318,audio_0426
onset_0_300ms,6v,F/S,place,fricative,20,0.7475,0.1648673709379755,1.3256273940238734,audio_0426
onset_0_300ms,6v,F/TH,place,fricative,20,0.76,0.1388344337691482,1.4087887452837669,audio_0426
onset_0_300ms,6v,S/SH,place,fricative,20,0.805,0.12288205727444508,1.70935667758655,audio_0426
onset_0_300ms,6v,V/Z,place,fricative,20,0.8325,0.1360376786041279,2.0296352794552215,audio_0426
onset_0_300ms,6v,M/N,place,nasal,20,0.9,0.09682458365518543,2.6525169843266014,audio_0426
onset_0_300ms,6v_sup,P/B,laryngeal,stop,20,0.5525,0.1697240407249368,0.26289427625674233,audio_0426
onset_0_300ms,6v_sup,T/D,laryngeal,stop,20,0.55,0.1457737973711325,0.25006577937460334,audio_0426
onset_0_300ms,6v_sup,K/G,laryngeal,stop,20,0.5975,0.14424371736751657,0.49207951472648426,audio_0426
onset_0_300ms,6v_sup,F/V,laryngeal,fricative,20,0.5,0.1346291201783626,0.0,audio_0426
onset_0_300ms,6v_sup,S/Z,laryngeal,fricative,20,0.55,0.1695582495781317,0.2503822772969586,audio_0426
onset_0_300ms,6v_sup,SH/ZH,laryngeal,fricative,20,0.6725,0.13894693231590255,0.8899356572622941,audio_0426
onset_0_300ms,6v_sup,CH/JH,laryngeal,affricate,20,0.5875,0.1681703005884214,0.4415249447956091,audio_0426
onset_0_300ms,6v_sup,TH/DH,laryngeal,fricative,20,0.6725,0.14337450958939665,0.8914599372880554,audio_0426
onset_0_300ms,6v_sup,P/T,place,stop,20,0.8175,0.11513578939669455,1.8179011612860945,audio_0426
onset_0_300ms,6v_sup,T/K,place,stop,20,0.5725,0.15429274124209474,0.3648865380992679,audio_0426
onset_0_300ms,6v_sup,B/D,place,stop,20,0.835,0.11842719282327012,1.9352268772358148,audio_0426
onset_0_300ms,6v_sup,D/G,place,stop,20,0.5325,0.16920771259017717,0.1628370115532923,audio_0426
onset_0_300ms,6v_sup,F/S,place,fricative,20,0.73,0.1738533865071371,1.219261710076196,audio_0426
onset_0_300ms,6v_sup,F/TH,place,fricative,20,0.69,0.1484082207965583,0.9867369406150904,audio_0426
onset_0_300ms,6v_sup,S/SH,place,fricative,20,0.64,0.15937377450509227,0.7154718986408349,audio_0426
onset_0_300ms,6v_sup,V/Z,place,fricative,20,0.69,0.1397318861248212,0.9943596174569169,audio_0426
onset_0_300ms,6v_sup,M/N,place,nasal,20,0.7725,0.12422258248804845,1.5079280758374582,audio_0426
onset_0_300ms,6v_inf,P/B,laryngeal,stop,20,0.765,0.14062361110425234,1.4380778972912083,audio_0426
onset_0_300ms,6v_inf,T/D,laryngeal,stop,20,0.5525,0.15630499032340586,0.26264464607123916,audio_0426
onset_0_300ms,6v_inf,K/G,laryngeal,stop,20,0.665,0.1445683229480096,0.8506449723586449,audio_0426
onset_0_300ms,6v_inf,F/V,laryngeal,fricative,20,0.5925,0.1537245913964321,0.4660592874666778,audio_0426
onset_0_300ms,6v_inf,S/Z,laryngeal,fricative,20,0.5625,0.1772180859844728,0.31445396095817724,audio_0426
onset_0_300ms,6v_inf,SH/ZH,laryngeal,fricative,20,0.7625,0.13520817282989958,1.4307105951940091,audio_0426
onset_0_300ms,6v_inf,CH/JH,laryngeal,affricate,20,0.7825,0.1387668908637792,1.5518452167430912,audio_0426
onset_0_300ms,6v_inf,TH/DH,laryngeal,fricative,20,0.7875,0.13975424859373686,1.645072177710289,audio_0426
onset_0_300ms,6v_inf,P/T,place,stop,20,0.7525,0.12116620816052634,1.418336667837857,audio_0426
onset_0_300ms,6v_inf,T/K,place,stop,20,0.9075,0.08219641111386797,2.6779868785442176,audio_0426
onset_0_300ms,6v_inf,B/D,place,stop,20,0.865,0.12206555615733702,2.278878797535267,audio_0426
onset_0_300ms,6v_inf,D/G,place,stop,20,0.65,0.1436140661634507,0.7722599175061756,audio_0426
onset_0_300ms,6v_inf,F/S,place,fricative,20,0.7675,0.11728704105739898,1.4537758134185061,audio_0426
onset_0_300ms,6v_inf,F/TH,place,fricative,20,0.8025,0.13012013679673104,1.6904285555411986,audio_0426
onset_0_300ms,6v_inf,S/SH,place,fricative,20,0.6675,0.1360376786041279,0.8616360955296506,audio_0426
onset_0_300ms,6v_inf,V/Z,place,fricative,20,0.7575,0.12847665157529597,1.4388740666240596,audio_0426
onset_0_300ms,6v_inf,M/N,place,nasal,20,0.9375,0.07603453162872774,3.3266512033155995,audio_0426
onset_0_300ms,44,P/B,laryngeal,stop,20,0.5625,0.14197270864500683,0.31319921600211437,audio_0426
onset_0_300ms,44,T/D,laryngeal,stop,20,0.5975,0.1625769048788911,0.49207951472648426,audio_0426
onset_0_300ms,44,K/G,laryngeal,stop,20,0.5475,0.18352452152232954,0.23754413580412237,audio_0426
onset_0_300ms,44,F/V,laryngeal,fricative,20,0.465,0.16015617378046967,-0.17681234607348226,audio_0426
onset_0_300ms,44,S/Z,laryngeal,fricative,20,0.5575,0.14188463623662712,0.2908784563104858,audio_0426
onset_0_300ms,44,SH/ZH,laryngeal,fricative,20,0.515,0.16703293088490065,0.0750526822250511,audio_0426
onset_0_300ms,44,CH/JH,laryngeal,affricate,20,0.485,0.15937377450509227,-0.07512903429526306,audio_0426
onset_0_300ms,44,TH/DH,laryngeal,fricative,20,0.6625,0.1605654072333141,0.8357351775311321,audio_0426
onset_0_300ms,44,P/T,place,stop,20,0.6475,0.17622783548577106,0.7552576655800091,audio_0426
onset_0_300ms,44,T/K,place,stop,20,0.5525,0.1501873829587559,0.2635208171374191,audio_0426
onset_0_300ms,44,B/D,place,stop,20,0.58,0.11926860441876563,0.4057336112793297,audio_0426
onset_0_300ms,44,D/G,place,stop,20,0.5925,0.1475,0.46560006453318076,audio_0426
onset_0_300ms,44,F/S,place,fricative,20,0.3375,0.12311072252245132,-0.8365119397738516,audio_0426
onset_0_300ms,44,F/TH,place,fricative,20,0.5675,0.1699448439935734,0.33848713552550735,audio_0426
onset_0_300ms,44,S/SH,place,fricative,20,0.4175,0.16319083920367589,-0.414896574763692,audio_0426
onset_0_300ms,44,V/Z,place,fricative,20,0.71,0.13564659966250536,1.106390984895029,audio_0426
onset_0_300ms,44,M/N,place,nasal,20,0.6025,0.14510771860931448,0.5172717770224067,audio_0426
onset_0_300ms,all,P/B,laryngeal,stop,20,0.7025,0.14337450958939668,1.0620194770236722,audio_0426
onset_0_300ms,all,T/D,laryngeal,stop,20,0.6325,0.16280740155164938,0.6735974172125755,audio_0426
onset_0_300ms,all,K/G,laryngeal,stop,20,0.615,0.17471405209656146,0.582545957352812,audio_0426
onset_0_300ms,all,F/V,laryngeal,fricative,20,0.4725,0.1353005912773481,-0.13789285016670522,audio_0426
onset_0_300ms,all,S/Z,laryngeal,fricative,20,0.595,0.16688319268278637,0.4841696124342958,audio_0426
onset_0_300ms,all,SH/ZH,laryngeal,fricative,20,0.6775,0.16025370510537346,0.9283537279463739,audio_0426
onset_0_300ms,all,CH/JH,laryngeal,affricate,20,0.6375,0.1625,0.7017887834745531,audio_0426
onset_0_300ms,all,TH/DH,laryngeal,fricative,20,0.8075,0.1462232881588976,1.7297601162428633,audio_0426
onset_0_300ms,all,P/T,place,stop,20,0.695,0.132664991614216,1.0196475257618434,audio_0426
onset_0_300ms,all,T/K,place,stop,20,0.685,0.15858751527153706,0.9586502359954303,audio_0426
onset_0_300ms,all,B/D,place,stop,20,0.79,0.14017845768876186,1.627198210675945,audio_0426
onset_0_300ms,all,D/G,place,stop,20,0.575,0.16393596310755001,0.3763629739840112,audio_0426
onset_0_300ms,all,F/S,place,fricative,20,0.645,0.1646207763315433,0.7401021445515469,audio_0426
onset_0_300ms,all,F/TH,place,fricative,20,0.6825,0.1699448439935734,0.9461740587664893,audio_0426
onset_0_300ms,all,S/SH,place,fricative,20,0.6325,0.15493950432346168,0.6767856813102295,audio_0426
onset_0_300ms,all,V/Z,place,fricative,20,0.77,0.1258967831201417,1.522166528918374,audio_0426
onset_0_300ms,all,M/N,place,nasal,20,0.85,0.11180339887498948,2.129723366100857,audio_0426
onset_0_500ms,6v,P/B,laryngeal,stop,20,0.83,0.1317193987231949,1.8957565530831864,audio_0426
onset_0_500ms,6v,T/D,laryngeal,stop,20,0.6225,0.15101738310538956,0.6225132209205697,audio_0426
onset_0_500ms,6v,K/G,laryngeal,stop,20,0.65,0.125,0.7804684679975433,audio_0426
onset_0_500ms,6v,F/V,laryngeal,fricative,20,0.5925,0.1496036430037718,0.4660592874666778,audio_0426
onset_0_500ms,6v,S/Z,laryngeal,fricative,20,0.575,0.1414213562373095,0.3807603077037614,audio_0426
onset_0_500ms,6v,SH/ZH,laryngeal,fricative,20,0.755,0.14991664350564948,1.4074725116068123,audio_0426
onset_0_500ms,6v,CH/JH,laryngeal,affricate,20,0.785,0.1392838827718412,1.5689221402554048,audio_0426
onset_0_500ms,6v,TH/DH,laryngeal,fricative,20,0.695,0.12288205727444508,1.015019965030504,audio_0426
onset_0_500ms,6v,P/T,place,stop,20,0.8325,0.12147530613256342,1.9196114503310553,audio_0426
onset_0_500ms,6v,T/K,place,stop,20,0.84,0.14150971698084908,1.9853547231054853,audio_0426
onset_0_500ms,6v,B/D,place,stop,20,0.8975,0.095818839483684,2.631568231127071,audio_0426
onset_0_500ms,6v,D/G,place,stop,20,0.8025,0.13012013679673104,1.852227119400339,audio_0426
onset_0_500ms,6v,F/S,place,fricative,20,0.7325,0.14363582422223226,1.2337964469352325,audio_0426
onset_0_500ms,6v,F/TH,place,fricative,20,0.81,0.14413535305399575,1.7550266004497486,audio_0426
onset_0_500ms,6v,S/SH,place,fricative,20,0.8025,0.1325,1.6920427769163593,audio_0426
onset_0_500ms,6v,V/Z,place,fricative,20,0.7975,0.1114955156048888,1.8242504744072896,audio_0426
onset_0_500ms,6v,M/N,place,nasal,20,0.92,0.08930285549745877,2.7959991412652005,audio_0426
onset_0_500ms,6v_sup,P/B,laryngeal,stop,20,0.51,0.1319090595827292,0.050079378649482933,audio_0426
onset_0_500ms,6v_sup,T/D,laryngeal,stop,20,0.505,0.1478174549909448,0.025037696965667475,audio_0426
onset_0_500ms,6v_sup,K/G,laryngeal,stop,20,0.5525,0.1641074343227631,0.2630610087693301,audio_0426
onset_0_500ms,6v_sup,F/V,laryngeal,fricative,20,0.6,0.1479019945774904,0.5041609025003425,audio_0426
onset_0_500ms,6v_sup,S/Z,laryngeal,fricative,20,0.5,0.16770509831248423,0.0,audio_0426
onset_0_500ms,6v_sup,SH/ZH,laryngeal,fricative,20,0.645,0.15483862567202022,0.7408955866294586,audio_0426
onset_0_500ms,6v_sup,CH/JH,laryngeal,affricate,20,0.64,0.16324827717314508,0.7131953058116093,audio_0426
onset_0_500ms,6v_sup,TH/DH,laryngeal,fricative,20,0.6975,0.12522479786368193,1.0309375660243107,audio_0426
onset_0_500ms,6v_sup,P/T,place,stop,20,0.86,0.09886859966642594,2.149378124440656,audio_0426
onset_0_500ms,6v_sup,T/K,place,stop,20,0.65,0.1541103500742244,0.7666129541986199,audio_0426
onset_0_500ms,6v_sup,B/D,place,stop,20,0.7875,0.10680004681646914,1.5857733350104428,audio_0426
onset_0_500ms,6v_sup,D/G,place,stop,20,0.715,0.11736694594305504,1.1341840323520191,audio_0426
onset_0_500ms,6v_sup,F/S,place,fricative,20,0.705,0.1452583904633395,1.0772475587091928,audio_0426
onset_0_500ms,6v_sup,F/TH,place,fricative,20,0.7125,0.1644118304745738,1.1238577399134495,audio_0426
onset_0_500ms,6v_sup,S/SH,place,fricative,20,0.6225,0.1468204686002602,0.6210193139914759,audio_0426
onset_0_500ms,6v_sup,V/Z,place,fricative,20,0.8425,0.12944593465999618,2.0350129391903433,audio_0426
onset_0_500ms,6v_sup,M/N,place,nasal,20,0.7975,0.13667936932836644,1.6627652186936994,audio_0426
onset_0_500ms,6v_inf,P/B,laryngeal,stop,20,0.7875,0.13520817282989958,1.5871629095710598,audio_0426
onset_0_500ms,6v_inf,T/D,laryngeal,stop,20,0.5975,0.1353005912773481,0.4942094092897422,audio_0426
onset_0_500ms,6v_inf,K/G,laryngeal,stop,20,0.675,0.14577379737113252,0.9254855462457394,audio_0426
onset_0_500ms,6v_inf,F/V,laryngeal,fricative,20,0.6575,0.1318379687343521,0.8072022994219977,audio_0426
onset_0_500ms,6v_inf,S/Z,laryngeal,fricative,20,0.6075,0.17322312201320006,0.5433930850186917,audio_0426
onset_0_500ms,6v_inf,SH/ZH,laryngeal,fricative,20,0.675,0.13919410907075055,0.92854100942868,audio_0426
onset_0_500ms,6v_inf,CH/JH,laryngeal,affricate,20,0.675,0.13693063937629152,0.9040686898470875,audio_0426
onset_0_500ms,6v_inf,TH/DH,laryngeal,fricative,20,0.85,0.11180339887498948,2.081166233301052,audio_0426
onset_0_500ms,6v_inf,P/T,place,stop,20,0.8325,0.09877373132569205,1.9499361250358307,audio_0426
onset_0_500ms,6v_inf,T/K,place,stop,20,0.795,0.13865424623862047,1.6414786395890624,audio_0426
onset_0_500ms,6v_inf,B/D,place,stop,20,0.8775,0.0951643315533714,2.3585743403063644,audio_0426
onset_0_500ms,6v_inf,D/G,place,stop,20,0.6275,0.13344006145082518,0.6494983621825727,audio_0426
onset_0_500ms,6v_inf,F/S,place,fricative,20,0.845,0.10770329614269007,2.0525758268957532,audio_0426
onset_0_500ms,6v_inf,F/TH,place,fricative,20,0.765,0.15540270267920056,1.4365779204289735,audio_0426
onset_0_500ms,6v_inf,S/SH,place,fricative,20,0.665,0.15297058540778355,0.8528822047119471,audio_0426
onset_0_500ms,6v_inf,V/Z,place,fricative,20,0.6975,0.12013013776733963,1.0707985931419686,audio_0426
onset_0_500ms,6v_inf,M/N,place,nasal,20,0.915,0.10440306508910552,2.740079838309508,audio_0426
onset_0_500ms,44,P/B,laryngeal,stop,20,0.605,0.15074813431681336,0.5353245080486148,audio_0426
onset_0_500ms,44,T/D,laryngeal,stop,20,0.4725,0.13759087905817013,-0.1382624709227741,audio_0426
onset_0_500ms,44,K/G,laryngeal,stop,20,0.465,0.14370107863199913,-0.17992842195545625,audio_0426
onset_0_500ms,44,F/V,laryngeal,fricative,20,0.56,0.15858751527153706,0.3039131884116716,audio_0426
onset_0_500ms,44,S/Z,laryngeal,fricative,20,0.5375,0.1681703005884214,0.1881663263148127,audio_0426
onset_0_500ms,44,SH/ZH,laryngeal,fricative,20,0.53,0.1105667219374799,0.15036590085578996,audio_0426
onset_0_500ms,44,CH/JH,laryngeal,affricate,20,0.495,0.12980754985747167,-0.02510051026711667,audio_0426
onset_0_500ms,44,TH/DH,laryngeal,fricative,20,0.6975,0.1697240407249368,1.0288466181929334,audio_0426
onset_0_500ms,44,P/T,place,stop,20,0.6475,0.1407346794503757,0.7639520640051649,audio_0426
onset_0_500ms,44,T/K,place,stop,20,0.48,0.16271140095272982,-0.09987779211180357,audio_0426
onset_0_500ms,44,B/D,place,stop,20,0.5275,0.132970861469722,0.1382624709227741,audio_0426
onset_0_500ms,44,D/G,place,stop,20,0.4675,0.17466038474708567,-0.16283701155329217,audio_0426
onset_0_500ms,44,F/S,place,fricative,20,0.4575,0.1313630465541965,-0.21392221001441855,audio_0426
onset_0_500ms,44,F/TH,place,fricative,20,0.5475,0.15590461827668864,0.23750666608456206,audio_0426
onset_0_500ms,44,S/SH,place,fricative,20,0.4275,0.1325,-0.3640050770958584,audio_0426
onset_0_500ms,44,V/Z,place,fricative,20,0.63,0.12489995996796797,0.6631025661439477,audio_0426
onset_0_500ms,44,M/N,place,nasal,20,0.6375,0.14415703243338496,0.7000599356032049,audio_0426
onset_0_500ms,all,P/B,laryngeal,stop,20,0.7575,0.13786315678962235,1.3958338068184086,audio_0426
onset_0_500ms,all,T/D,laryngeal,stop,20,0.4925,0.16660207081546136,-0.0378041218659905,audio_0426
onset_0_500ms,all,K/G,laryngeal,stop,20,0.61,0.14062361110425234,0.5587940719417511,audio_0426
onset_0_500ms,all,F/V,laryngeal,fricative,20,0.56,0.1484082207965583,0.3005204845297429,audio_0426
onset_0_500ms,all,S/Z,laryngeal,fricative,20,0.56,0.1504991694329241,0.30752468017443724,audio_0426
onset_0_500ms,all,SH/ZH,laryngeal,fricative,20,0.7425,0.13088640112708425,1.3011960941938658,audio_0426
onset_0_500ms,all,CH/JH,laryngeal,affricate,20,0.6775,0.13939601859450648,0.9165405584175872,audio_0426
onset_0_500ms,all,TH/DH,laryngeal,fricative,20,0.74,0.157797338380595,1.2806874799815104,audio_0426
onset_0_500ms,all,P/T,place,stop,20,0.7825,0.12944593465999618,1.5522861211954595,audio_0426
onset_0_500ms,all,T/K,place,stop,20,0.69,0.14628738838327796,0.9887994685416372,audio_0426
onset_0_500ms,all,B/D,place,stop,20,0.815,0.12806248474865697,1.8129324721206754,audio_0426
onset_0_500ms,all,D/G,place,stop,20,0.6375,0.16630168369562587,0.7006761194316662,audio_0426
onset_0_500ms,all,F/S,place,fricative,20,0.655,0.13592277219068188,0.8023946654701843,audio_0426
onset_0_500ms,all,F/TH,place,fricative,20,0.705,0.14739402972983673,1.0718759616256253,audio_0426
onset_0_500ms,all,S/SH,place,fricative,20,0.5525,0.1325,0.2645306739079021,audio_0426
onset_0_500ms,all,V/Z,place,fricative,20,0.8225,0.12270391191808028,2.0249453708757943,audio_0426
onset_0_500ms,all,M/N,place,nasal,20,0.8525,0.1339076174084208,2.115057326337027,audio_0426
