session,partition,mat_missing,n_trials_align,n_trials_mat,n_trial_idx_out_of_range,n_text_mismatch,n_window_beyond_T
t12.2022.04.28,test,False,20,20,0,0,0
t12.2022.04.28,train,False,280,280,0,0,0
t12.2022.05.05,test,False,20,20,0,0,0
t12.2022.05.05,train,False,360,360,0,0,0
t12.2022.05.17,test,False,20,20,0,0,0
t12.2022.05.17,train,False,420,420,0,0,0
t12.2022.05.19,test,False,20,20,0,0,0
t12.2022.05.19,train,False,180,180,0,0,0
t12.2022.05.24,test,False,40,40,0,0,0
t12.2022.05.24,train,False,360,360,0,0,0
t12.2022.05.26,test,False,40,40,0,0,0
t12.2022.05.26,train,False,360,360,0,0,0
t12.2022.06.02,test,False,40,40,0,0,0
t12.2022.06.02,train,False,400,400,0,0,0
t12.2022.06.07,test,False,40,40,0,0,0
t12.2022.06.07,train,False,360,360,0,0,0
t12.2022.06.14,test,False,40,40,0,0,0
t12.2022.06.14,train,False,320,320,0,0,0
t12.2022.06.16,test,False,40,40,0,0,0
t12.2022.06.16,train,False,320,320,0,0,0
t12.2022.06.21,test,False,40,40,0,0,0
t12.2022.06.21,train,False,320,320,0,0,0
t12.2022.06.23,test,False,40,40,0,0,0
t12.2022.06.23,train,False,480,480,0,0,0
t12.2022.06.28,test,False,40,40,0,0,0
t12.2022.06.28,train,False,360,360,0,0,0
t12.2022.07.05,test,False,40,40,0,0,0
t12.2022.07.05,train,False,360,360,0,0,0
t12.2022.07.14,test,False,40,40,0,0,0
t12.2022.07.14,train,False,400,400,0,0,0
t12.2022.07.21,test,False,40,40,0,0,0
t12.2022.07.21,train,False,400,400,0,0,0
t12.2022.07.27,test,False,40,40,0,0,0
t12.2022.07.27,train,False,400,400,0,0,0
t12.2022.07.29,test,False,40,40,0,0,0
t12.2022.07.29,train,False,200,200,0,0,0
t12.2022.08.02,test,False,40,40,0,0,0
t12.2022.08.02,train,False,400,400,0,0,0
t12.2022.08.11,test,False,40,40,0,0,0
t12.2022.08.11,train,False,320,320,0,0,0
t12.2022.08.13,test,False,40,40,0,0,0
t12.2022.08.13,train,False,320,320,0,0,0
t12.2022.08.18,test,False,40,40,0,0,0
t12.2022.08.18,train,False,440,440,0,0,0
t12.2022.08.23,test,False,40,40,0,0,0
t12.2022.08.23,train,False,520,520,0,0,0
t12.2022.08.25,test,False,40,40,0,0,0
t12.2022.08.25,train,False,520,520,0,0,0
