session,partition,modality,feature,n_trials,n_bins,n_chan,n_nan,n_inf,raw_chan_mean_med,raw_chan_std_med,raw_chan_std_min,raw_chan_std_max,z_chan_mean_absmax,z_chan_std_med,n_dead_chan,trial_bins_mean,trial_bins_p05,trial_bins_p95
t12.2022.04.28,train,vocal,tx1,280,158447,256,0,0,0.5224,0.7628,0.257049,7.6748,0.0,1.0,0,565.9,337,850
t12.2022.04.28,train,vocal,spikePow,280,158447,256,0,0,840.3396,579.3872,19.269687,316933.8595,0.0,1.0,0,565.9,337,850
t12.2022.05.05,train,vocal,tx1,360,182625,256,0,0,0.5284,0.7705,0.26316,3.4346,0.0,1.0,0,507.3,320,765
t12.2022.05.05,train,vocal,spikePow,360,182625,256,0,0,905.8021,543.9811,4.909137,380579.822,0.0,1.0,0,507.3,320,765
t12.2022.05.17,train,vocal,tx1,420,153243,256,0,0,0.5299,0.7686,0.241344,1.6552,0.0,1.0,0,364.9,227,494
t12.2022.05.17,train,vocal,spikePow,420,153243,256,0,0,887.0713,471.7145,5.472011,4308.1469,0.0,1.0,0,364.9,227,494
t12.2022.05.19,train,vocal,tx1,180,63926,256,0,0,0.5281,0.7661,0.269894,1.4271,0.0,1.0,0,355.1,224,459
t12.2022.05.19,train,vocal,spikePow,180,63926,256,0,0,884.6298,475.4391,5.97549,5294.8127,0.0,1.0,0,355.1,224,459
t12.2022.05.24,train,vocal,tx1,360,116065,256,0,0,0.5398,0.7692,0.263661,1.4393,0.0,1.0,0,322.4,194,477
t12.2022.05.24,train,vocal,spikePow,360,116065,256,0,0,902.5312,507.532,9.394327,6016.7148,0.0,1.0,0,322.4,194,477
t12.2022.05.26,train,vocal,tx1,360,124101,256,0,0,0.5532,0.7844,0.234189,6.462,0.0,1.0,0,344.7,194,503
t12.2022.05.26,train,vocal,spikePow,360,124101,256,0,0,905.54,533.7131,4.299645,197056.2363,0.0,1.0,0,344.7,194,503
t12.2022.06.02,train,vocal,tx1,400,117818,256,0,0,0.6147,0.8248,0.272693,1.658,0.0,1.0,0,294.5,164,446
t12.2022.06.02,train,vocal,spikePow,400,117818,256,0,0,1022.2697,584.8824,9.887636,8986.1676,0.0,1.0,0,294.5,164,446
t12.2022.06.07,train,vocal,tx1,360,104997,256,0,0,0.5775,0.8095,0.254025,1.4368,0.0,1.0,0,291.7,168,448
t12.2022.06.07,train,vocal,spikePow,360,104997,256,0,0,944.7194,591.2471,5.535744,7840.5221,0.0,1.0,0,291.7,168,448
t12.2022.06.14,train,vocal,tx1,320,103273,256,0,0,0.3163,0.7364,0.238064,1.7434,0.0,1.0001,0,322.7,177,485
t12.2022.06.14,train,vocal,spikePow,320,103273,256,0,0,42006.1362,572550.6937,61.247419,22411845.2572,0.0,1.0,0,322.7,177,485
t12.2022.06.16,train,vocal,tx1,320,99896,256,0,0,0.6015,0.8232,0.022369,1.8056,0.0,1.0,0,312.2,173,474
t12.2022.06.16,train,vocal,spikePow,320,99896,256,0,0,912.3145,562.8765,5.5425,7391.129,0.0,1.0,0,312.2,173,474
t12.2022.06.21,train,vocal,tx1,320,88153,256,0,0,0.5633,0.7943,0.264464,1.5226,0.0,1.0,0,275.5,163,420
t12.2022.06.21,train,vocal,spikePow,320,88153,256,0,0,949.9505,572.2574,5.769432,28121.3194,0.0,1.0,0,275.5,163,420
t12.2022.06.23,train,nonvocal,tx1,480,130089,256,0,0,0.5744,0.7944,0.254457,1.7218,0.0,1.0,0,271.0,166,399
t12.2022.06.23,train,nonvocal,spikePow,480,130089,256,0,0,929.0483,528.1307,5.681739,6885.7216,0.0,1.0,0,271.0,166,399
t12.2022.06.28,train,vocal,tx1,360,103907,256,0,0,0.6211,0.8104,0.24528,1.6303,0.0,1.0,0,288.6,167,436
t12.2022.06.28,train,vocal,spikePow,360,103907,256,0,0,931.8729,510.4393,5.606998,5994.6193,0.0,1.0,0,288.6,167,436
t12.2022.07.05,train,vocal,tx1,360,102780,256,0,0,0.5323,0.7693,0.188491,1.5006,0.0,1.0,0,285.5,170,426
t12.2022.07.05,train,vocal,spikePow,360,102780,256,0,0,861.4563,456.8084,5.662035,5960.3663,0.0,1.0,0,285.5,170,426
t12.2022.07.14,train,vocal,tx1,400,117574,256,0,0,0.5804,0.8142,0.271272,2.2488,0.0,1.0,0,293.9,174,435
t12.2022.07.14,train,vocal,spikePow,400,117574,256,0,0,889.7573,480.1298,6.51361,5584.4637,0.0,1.0,0,293.9,174,435
t12.2022.07.21,train,vocal,tx1,400,115898,256,0,0,0.5464,0.7746,0.20609,1.7173,0.0,1.0,0,289.7,166,447
t12.2022.07.21,train,vocal,spikePow,400,115898,256,0,0,846.0866,460.0905,6.133074,7748.7887,0.0,1.0,0,289.7,166,447
t12.2022.07.27,train,vocal,tx1,400,115710,256,0,0,0.5937,0.8112,0.244121,2.5162,0.0,1.0,0,289.3,166,443
t12.2022.07.27,train,vocal,spikePow,400,115710,256,0,0,855.7493,459.9231,5.825083,9696.8436,0.0,1.0,0,289.3,166,443
t12.2022.07.29,train,vocal,tx1,200,58447,256,0,0,0.5373,0.7619,0.229665,1.6859,0.0,1.0,0,292.2,180,439
t12.2022.07.29,train,vocal,spikePow,200,58447,256,0,0,793.8153,411.1631,4.2094,7811.2313,0.0,1.0,0,292.2,180,439
t12.2022.08.02,train,vocal,tx1,400,121053,256,0,0,0.5678,0.8072,0.255965,1.5305,0.0,1.0,0,302.6,173,456
t12.2022.08.02,train,vocal,spikePow,400,121053,256,0,0,739.3128,385.57,6.521827,7675.3996,0.0,1.0,0,302.6,173,456
t12.2022.08.11,train,vocal,tx1,320,95432,256,0,0,0.5863,0.8175,0.258239,3.3946,0.0,1.0,0,298.2,173,452
t12.2022.08.11,train,vocal,spikePow,320,95432,256,0,0,761.787,409.2582,5.29279,6414.9055,0.0,1.0,0,298.2,173,452
t12.2022.08.13,train,vocal,tx1,320,92165,256,0,0,0.5824,0.8194,0.226463,4.1346,0.0,1.0,0,288.0,168,440
t12.2022.08.13,train,vocal,spikePow,320,92165,256,0,0,796.3068,432.4765,5.501987,450427.9234,0.0,1.0,0,288.0,168,440
t12.2022.08.18,train,nonvocal,tx1,440,129275,256,0,0,0.5536,0.7968,0.199232,2.1605,0.0,1.0,0,293.8,188,435
t12.2022.08.18,train,nonvocal,spikePow,440,129275,256,0,0,834.9289,444.8213,5.494982,15885.4151,0.0,1.0,0,293.8,188,435
t12.2022.08.23,train,nonvocal,tx1,520,129295,256,0,0,0.5753,0.8083,0.266988,2.0772,0.0,1.0,0,248.6,156,369
t12.2022.08.23,train,nonvocal,spikePow,520,129295,256,0,0,740.6943,411.6248,5.517422,9905.0042,0.0,1.0,0,248.6,156,369
t12.2022.08.25,train,nonvocal,tx1,520,144599,256,0,0,0.5571,0.7871,0.234773,1.751,0.0,1.0,0,278.1,171,400
t12.2022.08.25,train,nonvocal,spikePow,520,144599,256,0,0,737.8639,398.3617,5.391546,8666.732,0.0,1.0,0,278.1,171,400
t12.2022.04.28,test,vocal,tx1,20,11414,256,0,0,0.4919,0.7405,0.116472,5.7367,0.0,1.0,0,570.7,370,830
t12.2022.04.28,test,vocal,spikePow,20,11414,256,0,0,813.3711,500.8294,4.417977,470742.5986,0.0,1.0,0,570.7,370,830
t12.2022.05.05,test,vocal,tx1,20,9718,256,0,0,0.572,0.7878,0.271571,5.8023,0.0,1.0,0,485.9,290,751
t12.2022.05.05,test,vocal,spikePow,20,9718,256,0,0,943.7596,532.2729,5.033873,625837.434,0.0,1.0,0,485.9,290,751
t12.2022.05.17,test,vocal,tx1,20,7560,256,0,0,0.5124,0.7465,0.19035,1.765,0.0,1.0,0,378.0,219,480
t12.2022.05.17,test,vocal,spikePow,20,7560,256,0,0,884.6827,473.6972,5.438539,4666.0903,0.0,1.0,0,378.0,219,480
t12.2022.05.19,test,vocal,tx1,20,6672,256,0,0,0.565,0.8071,0.231028,1.7644,0.0,1.0,0,333.6,234,436
t12.2022.05.19,test,vocal,spikePow,20,6672,256,0,0,905.5386,481.0585,6.137509,5589.9372,0.0,1.0,0,333.6,234,436
t12.2022.05.24,test,vocal,tx1,40,13729,256,0,0,0.5582,0.7825,0.249823,1.5788,0.0,1.0,0,343.2,205,492
t12.2022.05.24,test,vocal,spikePow,40,13729,256,0,0,935.6147,487.9691,9.891504,6995.2876,0.0,1.0,0,343.2,205,492
t12.2022.05.26,test,vocal,tx1,40,13495,256,0,0,0.5449,0.7719,0.166936,7.0472,0.0,1.0,0,337.4,225,472
t12.2022.05.26,test,vocal,spikePow,40,13495,256,0,0,929.4778,529.4313,4.306373,335135.6958,0.0,1.0,0,337.4,225,472
t12.2022.06.02,test,vocal,tx1,40,11461,256,0,0,0.5866,0.8022,0.148947,1.4111,0.0,1.0,0,286.5,152,436
t12.2022.06.02,test,vocal,spikePow,40,11461,256,0,0,988.3636,557.4461,9.02478,9048.2248,0.0,1.0,0,286.5,152,436
t12.2022.06.07,test,vocal,tx1,40,11409,256,0,0,0.5425,0.7991,0.260581,1.6353,0.0,1.0,0,285.2,186,398
t12.2022.06.07,test,vocal,spikePow,40,11409,256,0,0,941.0695,562.5658,5.556905,7916.3678,0.0,1.0,0,285.2,186,398
t12.2022.06.14,test,vocal,tx1,40,13212,256,0,0,0.2431,0.9159,0.225196,1.4231,0.0,1.0,0,330.3,180,448
t12.2022.06.14,test,vocal,spikePow,40,13212,256,0,0,92165.0779,887152.457,24.641106,27992683.1506,0.0,1.0,0,330.3,180,448
t12.2022.06.16,test,vocal,tx1,40,12860,256,0,0,0.6691,0.8756,0.031783,1.9507,0.0,1.0,0,321.5,177,445
t12.2022.06.16,test,vocal,spikePow,40,12860,256,0,0,978.827,579.7941,5.580095,8394.6029,0.0,1.0,0,321.5,177,445
t12.2022.06.21,test,vocal,tx1,40,12126,256,0,0,0.6029,0.8045,0.219307,1.5336,0.0,1.0,0,303.1,180,469
t12.2022.06.21,test,vocal,spikePow,40,12126,256,0,0,987.2111,539.0085,5.472489,6373.8049,0.0,1.0,0,303.1,180,469
t12.2022.06.23,test,nonvocal,tx1,40,10395,256,0,0,0.6325,0.8282,0.230659,1.9705,0.0,1.0,0,259.9,170,363
t12.2022.06.23,test,nonvocal,spikePow,40,10395,256,0,0,986.966,551.7181,5.684511,6544.7899,0.0,1.0,0,259.9,170,363
t12.2022.06.28,test,vocal,tx1,40,10413,256,0,0,0.6582,0.833,0.183955,3.4916,0.0,1.0,0,260.3,164,430
t12.2022.06.28,test,vocal,spikePow,40,10413,256,0,0,973.1829,535.3887,5.702563,7463.8653,0.0,1.0,0,260.3,164,430
t12.2022.07.05,test,vocal,tx1,40,10397,256,0,0,0.5303,0.7727,0.119006,1.6824,0.0,1.0,0,259.9,172,397
t12.2022.07.05,test,vocal,spikePow,40,10397,256,0,0,847.4959,416.3602,5.5544,7846.7403,0.0,1.0,0,259.9,172,397
t12.2022.07.14,test,vocal,tx1,40,11946,256,0,0,0.606,0.8181,0.100148,6.109,0.0,1.0,0,298.6,167,405
t12.2022.07.14,test,vocal,spikePow,40,11946,256,0,0,907.3271,466.37,6.667262,5843.3227,0.0,1.0,0,298.6,167,405
t12.2022.07.21,test,vocal,tx1,40,11390,256,0,0,0.5327,0.7636,0.158105,4.3916,0.0,1.0,0,284.8,153,390
t12.2022.07.21,test,vocal,spikePow,40,11390,256,0,0,857.181,446.4434,6.611387,8443.8367,0.0,1.0,0,284.8,153,390
t12.2022.07.27,test,vocal,tx1,40,10323,256,0,0,0.5525,0.8006,0.111933,2.7009,0.0,1.0,0,258.1,169,421
t12.2022.07.27,test,vocal,spikePow,40,10323,256,0,0,872.447,445.8394,5.837121,10342.3289,0.0,1.0,0,258.1,169,421
t12.2022.07.29,test,vocal,tx1,40,11295,256,0,0,0.5236,0.7483,0.084437,1.8099,0.0,1.0,0,282.4,178,416
t12.2022.07.29,test,vocal,spikePow,40,11295,256,0,0,794.427,385.5687,4.229251,7520.2701,0.0,1.0,0,282.4,178,416
t12.2022.08.02,test,vocal,tx1,40,9425,256,0,0,0.5866,0.8089,0.22351,2.245,0.0,1.0,0,235.6,141,333
t12.2022.08.02,test,vocal,spikePow,40,9425,256,0,0,761.7132,376.0491,5.905096,7789.1141,0.0,1.0,0,235.6,141,333
t12.2022.08.11,test,vocal,tx1,40,10721,256,0,0,0.6,0.8127,0.184607,2.3213,0.0,1.0,0,268.0,180,369
t12.2022.08.11,test,vocal,spikePow,40,10721,256,0,0,754.7043,411.0741,5.274626,6913.4763,0.0,1.0,0,268.0,180,369
t12.2022.08.13,test,vocal,tx1,40,10856,256,0,0,0.5843,0.8039,0.128853,4.4268,0.0,1.0,0,271.4,165,407
t12.2022.08.13,test,vocal,spikePow,40,10856,256,0,0,802.4168,402.5882,5.436361,299011.5279,0.0,1.0,0,271.4,165,407
t12.2022.08.18,test,nonvocal,tx1,40,12009,256,0,0,0.5677,0.7907,0.176499,3.1809,0.0,1.0,0,300.2,188,422
t12.2022.08.18,test,nonvocal,spikePow,40,12009,256,0,0,855.1137,429.4003,5.582978,14469.583,0.0,1.0,0,300.2,188,422
t12.2022.08.23,test,nonvocal,tx1,40,11861,256,0,0,0.5366,0.7762,0.20178,2.1557,0.0,1.0,0,296.5,174,416
t12.2022.08.23,test,nonvocal,spikePow,40,11861,256,0,0,748.276,376.7371,5.42529,8821.5813,0.0,1.0,0,296.5,174,416
t12.2022.08.25,test,nonvocal,tx1,40,9785,256,0,0,0.5625,0.7847,0.092816,1.6741,0.0,1.0,0,244.6,148,357
t12.2022.08.25,test,nonvocal,spikePow,40,9785,256,0,0,734.7564,360.916,5.357617,10837.0758,0.0,1.0,0,244.6,148,357
t12.2022.05.24,competitionHoldOut,vocal,tx1,80,23455,256,0,0,0.561,0.7814,0.265684,1.3566,0.0,1.0,0,293.2,178,448
t12.2022.05.24,competitionHoldOut,vocal,spikePow,80,23455,256,0,0,928.1007,499.1357,9.561736,6195.511,0.0,1.0,0,293.2,178,448
t12.2022.05.26,competitionHoldOut,vocal,tx1,80,26310,256,0,0,0.5597,0.7781,0.252403,1.5181,0.0,1.0,0,328.9,202,476
t12.2022.05.26,competitionHoldOut,vocal,spikePow,80,26310,256,0,0,926.6033,494.201,4.259041,14441.6966,0.0,1.0,0,328.9,202,476
t12.2022.06.02,competitionHoldOut,vocal,tx1,80,23190,256,0,0,0.6007,0.8107,0.27434,1.3964,0.0,1.0,0,289.9,163,471
t12.2022.06.02,competitionHoldOut,vocal,spikePow,80,23190,256,0,0,1017.7575,577.8247,6.208842,8162.9989,0.0,1.0,0,289.9,163,471
t12.2022.06.07,competitionHoldOut,vocal,tx1,80,22873,256,0,0,0.5383,0.7974,0.256015,1.2977,0.0,1.0,0,285.9,174,429
t12.2022.06.07,competitionHoldOut,vocal,spikePow,80,22873,256,0,0,981.4596,545.0299,5.505168,8348.8612,0.0,1.0,0,285.9,174,429
t12.2022.06.14,competitionHoldOut,vocal,tx1,80,22212,256,0,0,0.5873,0.7999,0.25384,1.537,0.0,1.0,0,277.6,170,410
t12.2022.06.14,competitionHoldOut,vocal,spikePow,80,22212,256,0,0,1064.36,638.9049,5.790592,23997.922,0.0,1.0,0,277.6,170,410
t12.2022.06.16,competitionHoldOut,vocal,tx1,80,26649,256,0,0,0.5766,0.7919,0.253489,1.5363,0.0,1.0,0,333.1,195,527
t12.2022.06.16,competitionHoldOut,vocal,spikePow,80,26649,256,0,0,906.7788,529.3283,5.50178,7374.577,0.0,1.0,0,333.1,195,527
t12.2022.06.21,competitionHoldOut,vocal,tx1,80,20847,256,0,0,0.6169,0.8109,0.246701,1.6123,0.0,1.0,0,260.6,158,396
t12.2022.06.21,competitionHoldOut,vocal,spikePow,80,20847,256,0,0,1001.6051,577.7861,5.312213,9705.9531,0.0,1.0,0,260.6,158,396
t12.2022.06.28,competitionHoldOut,vocal,tx1,80,20822,256,0,0,0.5723,0.795,0.24448,1.4606,0.0,1.0,0,260.3,158,387
t12.2022.06.28,competitionHoldOut,vocal,spikePow,80,20822,256,0,0,953.4389,524.0247,5.167259,5550.3145,0.0,1.0,0,260.3,158,387
t12.2022.07.05,competitionHoldOut,vocal,tx1,80,22057,256,0,0,0.5661,0.7827,0.240033,1.4887,0.0,1.0,0,275.7,173,373
t12.2022.07.05,competitionHoldOut,vocal,spikePow,80,22057,256,0,0,865.2171,488.937,5.497748,6241.9154,0.0,1.0,0,275.7,173,373
t12.2022.07.14,competitionHoldOut,vocal,tx1,80,25549,256,0,0,0.558,0.8041,0.275569,2.0539,0.0,1.0,0,319.4,193,455
t12.2022.07.14,competitionHoldOut,vocal,spikePow,80,25549,256,0,0,881.8807,493.8064,6.261999,5051.5691,0.0,1.0,0,319.4,193,455
t12.2022.07.21,competitionHoldOut,vocal,tx1,80,23735,256,0,0,0.5644,0.7936,0.207673,1.5073,0.0,1.0,0,296.7,176,425
t12.2022.07.21,competitionHoldOut,vocal,spikePow,80,23735,256,0,0,853.545,452.6798,6.698294,8341.4245,0.0,1.0,0,296.7,176,425
t12.2022.07.27,competitionHoldOut,vocal,tx1,80,23897,256,0,0,0.5892,0.8101,0.214514,1.52,0.0,1.0,0,298.7,173,418
t12.2022.07.27,competitionHoldOut,vocal,spikePow,80,23897,256,0,0,887.4475,445.0833,5.491184,9144.0153,0.0,1.0,0,298.7,173,418
t12.2022.08.02,competitionHoldOut,vocal,tx1,80,25445,256,0,0,0.5306,0.7663,0.236998,1.594,0.0,1.0,0,318.1,191,448
t12.2022.08.02,competitionHoldOut,vocal,spikePow,80,25445,256,0,0,715.713,353.1,5.668749,7789.4105,0.0,1.0,0,318.1,191,448
t12.2022.08.11,competitionHoldOut,vocal,tx1,80,26744,256,0,0,0.5682,0.7854,0.235728,1.541,0.0,1.0,0,334.3,215,444
t12.2022.08.11,competitionHoldOut,vocal,spikePow,80,26744,256,0,0,763.3788,382.4478,5.333742,5509.7843,0.0,1.0,0,334.3,215,444
t12.2022.08.13,competitionHoldOut,vocal,tx1,80,24253,256,0,0,0.5229,0.7574,0.218204,1.5166,0.0,1.0,0,303.2,178,447
t12.2022.08.13,competitionHoldOut,vocal,spikePow,80,24253,256,0,0,778.9412,399.131,5.451955,5974.7349,0.0,1.0,0,303.2,178,447
