stage,test,array,position,pair,contrast,manner,partitions,n_per_class,acc,acc_sd,dprime,p_perm,class_a,class_b,n_features_in,n_available_min_class,clf,n_splits,n_repeats,n_perm,chance,n_features_used,skipped,n_matched_across_positions,window,group
stage2,T1_position,6v,initial,P/B,laryngeal,stop,pooled,300,0.6686666666666666,0.041785164831552354,0.8748284989085644,,B,P,256,1705,lda,5,10,0,0.5,30,,True,seg,stops
stage2,T1_position,6v,initial,T/D,laryngeal,stop,pooled,300,0.6713333333333334,0.029019150764815826,0.8874830971141537,,D,T,256,2260,lda,5,10,0,0.5,30,,True,seg,stops
stage2,T1_position,6v,initial,K/G,laryngeal,stop,pooled,300,0.6505,0.0466491038380041,0.7731050290360102,,G,K,256,1517,lda,5,10,0,0.5,30,,True,seg,stops
stage2,T1_position,6v,initial,P/T,place,stop,pooled,300,0.7325,0.04184130070211064,1.2403964851344673,,P,T,256,1705,lda,5,10,0,0.5,30,,True,seg,stops
stage2,T1_position,6v,initial,T/K,place,stop,pooled,300,0.7123333333333334,0.03493008890786153,1.123114063871005,,K,T,256,2228,lda,5,10,0,0.5,30,,True,seg,stops
stage2,T1_position,6v,initial,B/D,place,stop,pooled,300,0.6396666666666667,0.04526342649179112,0.7149427309532213,,B,D,256,2144,lda,5,10,0,0.5,30,,True,seg,stops
stage2,T1_position,6v,initial,D/G,place,stop,pooled,300,0.6343333333333334,0.0341418609139377,0.6871144736148677,,D,G,256,1517,lda,5,10,0,0.5,30,,True,seg,stops
stage2,T1_position,6v,noninitial,P/B,laryngeal,stop,pooled,300,0.6545000000000001,0.04213767119019908,0.7947272225304205,,B,P,256,1168,lda,5,10,0,0.5,30,,True,seg,stops
stage2,T1_position,6v,noninitial,T/D,laryngeal,stop,pooled,300,0.5414999999999999,0.043540849274624344,0.20847180994663803,,D,T,256,5311,lda,5,10,0,0.5,30,,True,seg,stops
stage2,T1_position,6v,noninitial,K/G,laryngeal,stop,pooled,300,0.6024999999999999,0.044604745636908784,0.5196272122280047,,G,K,256,662,lda,5,10,0,0.5,30,,True,seg,stops
stage2,T1_position,6v,noninitial,P/T,place,stop,pooled,300,0.7258333333333333,0.043405388810351386,1.2091763415444716,,P,T,256,2052,lda,5,10,0,0.5,30,,True,seg,stops
stage2,T1_position,6v,noninitial,T/K,place,stop,pooled,300,0.6766666666666667,0.037006005518624194,0.920515480667933,,K,T,256,3886,lda,5,10,0,0.5,30,,True,seg,stops
stage2,T1_position,6v,noninitial,B/D,place,stop,pooled,300,0.7445,0.02923135683170083,1.3144798005039338,,B,D,256,1168,lda,5,10,0,0.5,30,,True,seg,stops
stage2,T1_position,6v,noninitial,D/G,place,stop,pooled,300,0.752,0.03706450833044705,1.36157344167263,,D,G,256,662,lda,5,10,0,0.5,30,,True,seg,stops
stage2,T1_position,6v,initial,F/V,laryngeal,fricative,pooled,300,0.6851666666666667,0.03641161292164294,0.9640448042486092,,F,V,256,417,lda,5,10,0,0.5,30,,True,seg,fric
stage2,T1_position,6v,initial,TH/DH,laryngeal,fricative,pooled,300,0.796,0.03313440642125475,1.6717853754629666,,DH,TH,256,715,lda,5,10,0,0.5,30,,True,seg,fric
stage2,T1_position,6v,initial,P/T,place,stop,pooled,300,0.7325,0.04184130070211064,1.2403964851344673,,P,T,256,1705,lda,5,10,0,0.5,30,,True,seg,fric
stage2,T1_position,6v,initial,T/K,place,stop,pooled,300,0.7123333333333334,0.03493008890786153,1.123114063871005,,K,T,256,2228,lda,5,10,0,0.5,30,,True,seg,fric
stage2,T1_position,6v,initial,B/D,place,stop,pooled,300,0.6396666666666667,0.04526342649179112,0.7149427309532213,,B,D,256,2144,lda,5,10,0,0.5,30,,True,seg,fric
stage2,T1_position,6v,initial,D/G,place,stop,pooled,300,0.6343333333333334,0.0341418609139377,0.6871144736148677,,D,G,256,1517,lda,5,10,0,0.5,30,,True,seg,fric
stage2,T1_position,6v,noninitial,F/V,laryngeal,fricative,pooled,300,0.5903333333333334,0.03888587289892193,0.45677252216501063,,F,V,256,1206,lda,5,10,0,0.5,30,,True,seg,fric
stage2,T1_position,6v,noninitial,TH/DH,laryngeal,fricative,pooled,300,0.6868333333333334,0.034281919432843894,0.9800633795197904,,DH,TH,256,453,lda,5,10,0,0.5,30,,True,seg,fric
stage2,T1_position,6v,noninitial,P/T,place,stop,pooled,300,0.7258333333333333,0.043405388810351386,1.2091763415444716,,P,T,256,2052,lda,5,10,0,0.5,30,,True,seg,fric
stage2,T1_position,6v,noninitial,T/K,place,stop,pooled,300,0.6766666666666667,0.037006005518624194,0.920515480667933,,K,T,256,3886,lda,5,10,0,0.5,30,,True,seg,fric
stage2,T1_position,6v,noninitial,B/D,place,stop,pooled,300,0.7445,0.02923135683170083,1.3144798005039338,,B,D,256,1168,lda,5,10,0,0.5,30,,True,seg,fric
stage2,T1_position,6v,noninitial,D/G,place,stop,pooled,300,0.752,0.03706450833044705,1.36157344167263,,D,G,256,662,lda,5,10,0,0.5,30,,True,seg,fric
stage2,T1_position,6v,initial,P/B,laryngeal,stop,pooled,300,0.6301666666666665,0.036889098058309255,0.66463330043252,,B,P,256,1705,lda,5,10,0,0.5,30,,True,pre100,stops
stage2,T1_position,6v,initial,T/D,laryngeal,stop,pooled,300,0.7066666666666667,0.035355339059327376,1.0898220962428327,,D,T,256,2260,lda,5,10,0,0.5,30,,True,pre100,stops
stage2,T1_position,6v,initial,K/G,laryngeal,stop,pooled,300,0.6426666666666666,0.0470118188449576,0.731609133254046,,G,K,256,1517,lda,5,10,0,0.5,30,,True,pre100,stops
stage2,T1_position,6v,initial,P/T,place,stop,pooled,300,0.7755,0.03895902405804791,1.5231130258537857,,P,T,256,1705,lda,5,10,0,0.5,30,,True,pre100,stops
stage2,T1_position,6v,initial,T/K,place,stop,pooled,300,0.7356666666666668,0.031886953096490395,1.268034811208522,,K,T,256,2228,lda,5,10,0,0.5,30,,True,pre100,stops
stage2,T1_position,6v,initial,B/D,place,stop,pooled,300,0.6930000000000001,0.0392767955244145,1.009217483875553,,B,D,256,2144,lda,5,10,0,0.5,30,,True,pre100,stops
stage2,T1_position,6v,initial,D/G,place,stop,pooled,300,0.6356666666666666,0.03915921915008578,0.6937159378555753,,D,G,256,1517,lda,5,10,0,0.5,30,,True,pre100,stops
stage2,T1_position,6v,noninitial,P/B,laryngeal,stop,pooled,300,0.6043333333333334,0.03548238999842034,0.5290026583752556,,B,P,256,1168,lda,5,10,0,0.5,30,,True,pre100,stops
stage2,T1_position,6v,noninitial,T/D,laryngeal,stop,pooled,300,0.5836666666666667,0.03312266763277244,0.4225040431184101,,D,T,256,5311,lda,5,10,0,0.5,30,,True,pre100,stops
stage2,T1_position,6v,noninitial,K/G,laryngeal,stop,pooled,300,0.6466666666666667,0.03811532208676424,0.7524177925525695,,G,K,256,662,lda,5,10,0,0.5,30,,True,pre100,stops
stage2,T1_position,6v,noninitial,P/T,place,stop,pooled,300,0.7893333333333333,0.04113122631016218,1.6078619968996264,,P,T,256,2052,lda,5,10,0,0.5,30,,True,pre100,stops
stage2,T1_position,6v,noninitial,T/K,place,stop,pooled,300,0.7234999999999999,0.03596641952340173,1.1863434806398814,,K,T,256,3886,lda,5,10,0,0.5,30,,True,pre100,stops
stage2,T1_position,6v,noninitial,B/D,place,stop,pooled,300,0.8021666666666666,0.02924085802054683,1.6997636126973341,,B,D,256,1168,lda,5,10,0,0.5,30,,True,pre100,stops
stage2,T1_position,6v,noninitial,D/G,place,stop,pooled,300,0.8256666666666668,0.033326665999866625,1.8745771812675527,,D,G,256,662,lda,5,10,0,0.5,30,,True,pre100,stops
stage2,T1_position,6v,initial,F/V,laryngeal,fricative,pooled,300,0.6711666666666666,0.04522198334635245,0.8860488704472151,,F,V,256,417,lda,5,10,0,0.5,30,,True,pre100,fric
stage2,T1_position,6v,initial,TH/DH,laryngeal,fricative,pooled,300,0.8058333333333334,0.029779280642009385,1.7272907983214458,,DH,TH,256,715,lda,5,10,0,0.5,30,,True,pre100,fric
stage2,T1_position,6v,initial,P/T,place,stop,pooled,300,0.7755,0.03895902405804791,1.5231130258537857,,P,T,256,1705,lda,5,10,0,0.5,30,,True,pre100,fric
stage2,T1_position,6v,initial,T/K,place,stop,pooled,300,0.7356666666666668,0.031886953096490395,1.268034811208522,,K,T,256,2228,lda,5,10,0,0.5,30,,True,pre100,fric
stage2,T1_position,6v,initial,B/D,place,stop,pooled,300,0.6930000000000001,0.0392767955244145,1.009217483875553,,B,D,256,2144,lda,5,10,0,0.5,30,,True,pre100,fric
stage2,T1_position,6v,initial,D/G,place,stop,pooled,300,0.6356666666666666,0.03915921915008578,0.6937159378555753,,D,G,256,1517,lda,5,10,0,0.5,30,,True,pre100,fric
stage2,T1_position,6v,noninitial,F/V,laryngeal,fricative,pooled,300,0.5928333333333334,0.04384347157787578,0.46968058068610175,,F,V,256,1206,lda,5,10,0,0.5,30,,True,pre100,fric
stage2,T1_position,6v,noninitial,TH/DH,laryngeal,fricative,pooled,300,0.7304999999999999,0.03352486639297265,1.2407130788830785,,DH,TH,256,453,lda,5,10,0,0.5,30,,True,pre100,fric
stage2,T1_position,6v,noninitial,P/T,place,stop,pooled,300,0.7893333333333333,0.04113122631016218,1.6078619968996264,,P,T,256,2052,lda,5,10,0,0.5,30,,True,pre100,fric
stage2,T1_position,6v,noninitial,T/K,place,stop,pooled,300,0.7234999999999999,0.03596641952340173,1.1863434806398814,,K,T,256,3886,lda,5,10,0,0.5,30,,True,pre100,fric
stage2,T1_position,6v,noninitial,B/D,place,stop,pooled,300,0.8021666666666666,0.02924085802054683,1.6997636126973341,,B,D,256,1168,lda,5,10,0,0.5,30,,True,pre100,fric
stage2,T1_position,6v,noninitial,D/G,place,stop,pooled,300,0.8256666666666668,0.033326665999866625,1.8745771812675527,,D,G,256,662,lda,5,10,0,0.5,30,,True,pre100,fric
stage2,T1_position,6v,initial,P/B,laryngeal,stop,pooled,300,0.6388333333333334,0.03867995461332508,0.7105046841990871,,B,P,256,1705,lda,5,10,0,0.5,30,,True,pre300,stops
stage2,T1_position,6v,initial,T/D,laryngeal,stop,pooled,300,0.7198333333333333,0.03423326841928283,1.1642694011987242,,D,T,256,2260,lda,5,10,0,0.5,30,,True,pre300,stops
stage2,T1_position,6v,initial,K/G,laryngeal,stop,pooled,300,0.6878333333333332,0.03990300740545754,0.9811251641667748,,G,K,256,1517,lda,5,10,0,0.5,30,,True,pre300,stops
stage2,T1_position,6v,initial,P/T,place,stop,pooled,300,0.8375,0.031633754826837175,1.9857972644560906,,P,T,256,1705,lda,5,10,0,0.5,30,,True,pre300,stops
stage2,T1_position,6v,initial,T/K,place,stop,pooled,300,0.7496666666666666,0.03148897514298545,1.3575050096071917,,K,T,256,2228,lda,5,10,0,0.5,30,,True,pre300,stops
stage2,T1_position,6v,initial,B/D,place,stop,pooled,300,0.8030000000000002,0.031214312956291918,1.7040487300012632,,B,D,256,2144,lda,5,10,0,0.5,30,,True,pre300,stops
stage2,T1_position,6v,initial,D/G,place,stop,pooled,300,0.7211666666666666,0.03359108678073859,1.1723398811784769,,D,G,256,1517,lda,5,10,0,0.5,30,,True,pre300,stops
stage2,T1_position,6v,noninitial,P/B,laryngeal,stop,pooled,300,0.624,0.03714236873915766,0.6319177152089797,,B,P,256,1168,lda,5,10,0,0.5,30,,True,pre300,stops
stage2,T1_position,6v,noninitial,T/D,laryngeal,stop,pooled,300,0.639,0.04107716316073121,0.7117554969572788,,D,T,256,5311,lda,5,10,0,0.5,30,,True,pre300,stops
stage2,T1_position,6v,noninitial,K/G,laryngeal,stop,pooled,300,0.6808333333333334,0.03363406011768427,0.9411252136266101,,G,K,256,662,lda,5,10,0,0.5,30,,True,pre300,stops
stage2,T1_position,6v,noninitial,P/T,place,stop,pooled,300,0.8656666666666668,0.02951647374301717,2.211908105020394,,P,T,256,2052,lda,5,10,0,0.5,30,,True,pre300,stops
stage2,T1_position,6v,noninitial,T/K,place,stop,pooled,300,0.8048333333333333,0.029396239366437475,1.7256843867168123,,K,T,256,3886,lda,5,10,0,0.5,30,,True,pre300,stops
stage2,T1_position,6v,noninitial,B/D,place,stop,pooled,300,0.902,0.023007245235649863,2.585095257436462,,B,D,256,1168,lda,5,10,0,0.5,30,,True,pre300,stops
stage2,T1_position,6v,noninitial,D/G,place,stop,pooled,300,0.8788333333333332,0.025287788005719725,2.3371925503487714,,D,G,256,662,lda,5,10,0,0.5,30,,True,pre300,stops
stage2,T1_position,6v,initial,F/V,laryngeal,fricative,pooled,300,0.7340000000000001,0.04511836285445945,1.2550448069114077,,F,V,256,417,lda,5,10,0,0.5,30,,True,pre300,fric
stage2,T1_position,6v,initial,TH/DH,laryngeal,fricative,pooled,300,0.8296666666666667,0.031098410105841603,1.9271315760996812,,DH,TH,256,715,lda,5,10,0,0.5,30,,True,pre300,fric
stage2,T1_position,6v,initial,P/T,place,stop,pooled,300,0.8375,0.031633754826837175,1.9857972644560906,,P,T,256,1705,lda,5,10,0,0.5,30,,True,pre300,fric
stage2,T1_position,6v,initial,T/K,place,stop,pooled,300,0.7496666666666666,0.03148897514298545,1.3575050096071917,,K,T,256,2228,lda,5,10,0,0.5,30,,True,pre300,fric
stage2,T1_position,6v,initial,B/D,place,stop,pooled,300,0.8030000000000002,0.031214312956291918,1.7040487300012632,,B,D,256,2144,lda,5,10,0,0.5,30,,True,pre300,fric
stage2,T1_position,6v,initial,D/G,place,stop,pooled,300,0.7211666666666666,0.03359108678073859,1.1723398811784769,,D,G,256,1517,lda,5,10,0,0.5,30,,True,pre300,fric
stage2,T1_position,6v,noninitial,F/V,laryngeal,fricative,pooled,300,0.6924999999999999,0.04120578438358705,1.0056880587107624,,F,V,256,1206,lda,5,10,0,0.5,30,,True,pre300,fric
stage2,T1_position,6v,noninitial,TH/DH,laryngeal,fricative,pooled,300,0.7969999999999999,0.026810031290130525,1.7089529579342089,,DH,TH,256,453,lda,5,10,0,0.5,30,,True,pre300,fric
stage2,T1_position,6v,noninitial,P/T,place,stop,pooled,300,0.8656666666666668,0.02951647374301717,2.211908105020394,,P,T,256,2052,lda,5,10,0,0.5,30,,True,pre300,fric
stage2,T1_position,6v,noninitial,T/K,place,stop,pooled,300,0.8048333333333333,0.029396239366437475,1.7256843867168123,,K,T,256,3886,lda,5,10,0,0.5,30,,True,pre300,fric
stage2,T1_position,6v,noninitial,B/D,place,stop,pooled,300,0.902,0.023007245235649863,2.585095257436462,,B,D,256,1168,lda,5,10,0,0.5,30,,True,pre300,fric
stage2,T1_position,6v,noninitial,D/G,place,stop,pooled,300,0.8788333333333332,0.025287788005719725,2.3371925503487714,,D,G,256,662,lda,5,10,0,0.5,30,,True,pre300,fric
