group,n_pairs,mean_drop,sd_drop,uniformity_p,comparator
laryngeal,7,0.04133456000892976,0.028224922031010895,,primary_0729
place (non-nasal),8,0.06868274010699427,0.02576558402358092,,primary_0729
nasal,1,0.05596879535558782,,,primary_0729
laryngeal:stop,3,0.06655219780219783,0.007495860367847617,,primary_0729
laryngeal:fricative,4,0.02242133166397872,0.021046558731384918,,primary_0729
UNIFORMITY TEST (laryngeal SD vs random 7 of 16),7,0.028224922031010895,0.0276890382424874,0.5467453254674532,primary_0729
laryngeal,6,0.019654642381616075,0.06420890003570426,,secondary_datematch
place (non-nasal),7,0.029074753824974958,0.03191683270077992,,secondary_datematch
nasal,1,-0.0009999999999999898,,,secondary_datematch
laryngeal:stop,3,0.026137501137501157,0.0667993322648701,,secondary_datematch
laryngeal:fricative,3,0.013171783625730992,0.07562224504409316,,secondary_datematch
UNIFORMITY TEST (laryngeal SD vs random 6 of 14),6,0.06420890003570426,0.04454335692858806,0.9646035396460354,secondary_datematch
laryngeal,8,-0.012505556122770045,0.025579914689581512,,tertiary_allvocal
place (non-nasal),8,0.009092221732867877,0.027406296377571377,,tertiary_allvocal
nasal,1,-0.018750000000000006,,,tertiary_allvocal
laryngeal:stop,3,-0.007259589432046343,0.02052237821946757,,tertiary_allvocal
laryngeal:fricative,4,-0.019116858767996566,0.033495989533873005,,tertiary_allvocal
laryngeal:affricate,1,-0.001798245614035071,,,tertiary_allvocal
UNIFORMITY TEST (laryngeal SD vs random 8 of 17),8,0.025579914689581512,0.026866342450604545,0.38846115388461155,tertiary_allvocal
