stage,test,array,position,pair,contrast,manner,partitions,n_per_class,acc,acc_sd,dprime,p_perm,class_a,class_b,n_features_in,n_available_min_class,clf,n_splits,n_repeats,n_perm,chance,n_features_used,acc_for_perm,acc_perm_mean,acc_perm_p95,skipped,n_matched_across_positions,run
stage2,T1_position,6v,initial,P/B,laryngeal,stop,pooled,300,0.6686666666666666,0.041785164831552354,0.8748284989085644,0.009900990099009901,B,P,256,1705,lda,5,10,100,0.5,30,0.6725,0.4966083333333332,0.5317083333333332,,True,pooled_2lvl
stage2,T1_position,6v,initial,T/D,laryngeal,stop,pooled,300,0.6713333333333334,0.029019150764815826,0.8874830971141537,0.009900990099009901,D,T,256,2260,lda,5,10,100,0.5,30,0.6591666666666667,0.49669166666666664,0.5416666666666666,,True,pooled_2lvl
stage2,T1_position,6v,initial,K/G,laryngeal,stop,pooled,300,0.6505,0.0466491038380041,0.7731050290360102,0.009900990099009901,G,K,256,1517,lda,5,10,100,0.5,30,0.6575,0.5009416666666667,0.5343749999999999,,True,pooled_2lvl
stage2,T1_position,6v,initial,P/T,place,stop,pooled,300,0.7325,0.04184130070211064,1.2403964851344673,0.009900990099009901,P,T,256,1705,lda,5,10,100,0.5,30,0.7275,0.5029833333333333,0.5391666666666667,,True,pooled_2lvl
stage2,T1_position,6v,initial,T/K,place,stop,pooled,300,0.7123333333333334,0.03493008890786153,1.123114063871005,0.009900990099009901,K,T,256,2228,lda,5,10,100,0.5,30,0.7058333333333333,0.50135,0.5308333333333334,,True,pooled_2lvl
stage2,T1_position,6v,initial,B/D,place,stop,pooled,300,0.6396666666666667,0.04526342649179112,0.7149427309532213,0.009900990099009901,B,D,256,2144,lda,5,10,100,0.5,30,0.6366666666666667,0.5010916666666667,0.5350833333333332,,True,pooled_2lvl
stage2,T1_position,6v,initial,D/G,place,stop,pooled,300,0.6343333333333334,0.0341418609139377,0.6871144736148677,0.009900990099009901,D,G,256,1517,lda,5,10,100,0.5,30,0.6325000000000001,0.4977749999999999,0.5287083333333333,,True,pooled_2lvl
stage2,T1_position,6v,noninitial,P/B,laryngeal,stop,pooled,300,0.6545000000000001,0.04213767119019908,0.7947272225304205,0.009900990099009901,B,P,256,1168,lda,5,10,100,0.5,30,0.6475,0.49928333333333336,0.5267916666666667,,True,pooled_2lvl
stage2,T1_position,6v,noninitial,T/D,laryngeal,stop,pooled,300,0.5414999999999999,0.043540849274624344,0.20847180994663803,0.04950495049504951,D,T,256,5311,lda,5,10,100,0.5,30,0.5375,0.5037583333333333,0.5358333333333333,,True,pooled_2lvl
stage2,T1_position,6v,noninitial,K/G,laryngeal,stop,pooled,300,0.6024999999999999,0.044604745636908784,0.5196272122280047,0.009900990099009901,G,K,256,662,lda,5,10,100,0.5,30,0.6083333333333334,0.4942249999999999,0.528375,,True,pooled_2lvl
stage2,T1_position,6v,noninitial,P/T,place,stop,pooled,300,0.7258333333333333,0.043405388810351386,1.2091763415444716,0.009900990099009901,P,T,256,2052,lda,5,10,100,0.5,30,0.7275,0.499975,0.5433749999999999,,True,pooled_2lvl
stage2,T1_position,6v,noninitial,T/K,place,stop,pooled,300,0.6766666666666667,0.037006005518624194,0.920515480667933,0.009900990099009901,K,T,256,3886,lda,5,10,100,0.5,30,0.6716666666666666,0.4993333333333333,0.5259583333333333,,True,pooled_2lvl
stage2,T1_position,6v,noninitial,B/D,place,stop,pooled,300,0.7445,0.02923135683170083,1.3144798005039338,0.009900990099009901,B,D,256,1168,lda,5,10,100,0.5,30,0.7508333333333332,0.4956916666666666,0.5325,,True,pooled_2lvl
stage2,T1_position,6v,noninitial,D/G,place,stop,pooled,300,0.752,0.03706450833044705,1.36157344167263,0.009900990099009901,D,G,256,662,lda,5,10,100,0.5,30,0.7466666666666667,0.5037333333333333,0.5417083333333333,,True,pooled_2lvl
stage2,T1_position,6v,initial,P/B,laryngeal,stop,test,67,0.6412250712250711,0.08473329626354632,0.7221401440978541,,B,P,256,124,lda,5,10,0,0.5,30,,,,,True,testonly_2lvl
stage2,T1_position,6v,initial,T/D,laryngeal,stop,test,173,0.7557267080745342,0.042039353737487704,1.3847768620367762,,D,T,256,173,lda,5,10,0,0.5,30,,,,,True,testonly_2lvl
stage2,T1_position,6v,initial,K/G,laryngeal,stop,test,32,0.6737179487179489,0.12826440937132208,0.8959298782554908,,G,K,256,123,lda,5,10,0,0.5,30,,,,,True,testonly_2lvl
stage2,T1_position,6v,initial,P/T,place,stop,test,124,0.8111428571428572,0.051921014564779724,1.7705666056767226,,P,T,256,124,lda,5,10,0,0.5,30,,,,,True,testonly_2lvl
stage2,T1_position,6v,initial,T/K,place,stop,test,175,0.7737142857142857,0.04565710709814441,1.5077680389392671,,K,T,256,175,lda,5,10,0,0.5,30,,,,,True,testonly_2lvl
stage2,T1_position,6v,initial,B/D,place,stop,test,67,0.6782905982905983,0.08395976109678682,0.9264264745916937,,B,D,256,168,lda,5,10,0,0.5,30,,,,,True,testonly_2lvl
stage2,T1_position,6v,initial,D/G,place,stop,test,32,0.6861538461538461,0.11918223440057116,0.968166543826283,,D,G,256,123,lda,5,10,0,0.5,30,,,,,True,testonly_2lvl
stage2,T1_position,6v,noninitial,P/B,laryngeal,stop,test,67,0.6635042735042735,0.09054420163240492,0.8431407424372502,,B,P,256,67,lda,5,10,0,0.5,30,,,,,True,testonly_2lvl
stage2,T1_position,6v,noninitial,T/D,laryngeal,stop,test,173,0.5340828157349897,0.06320182109192721,0.17129115470937345,,D,T,256,356,lda,5,10,0,0.5,30,,,,,True,testonly_2lvl
stage2,T1_position,6v,noninitial,K/G,laryngeal,stop,test,32,0.5457692307692308,0.14626070092961885,0.23526820657690292,,G,K,256,32,lda,5,10,0,0.5,30,,,,,True,testonly_2lvl
stage2,T1_position,6v,noninitial,P/T,place,stop,test,124,0.7153714285714285,0.06463891877892107,1.1371383349455544,,P,T,256,157,lda,5,10,0,0.5,30,,,,,True,testonly_2lvl
stage2,T1_position,6v,noninitial,T/K,place,stop,test,175,0.7045714285714285,0.05499090833947009,1.0758368173032558,,K,T,256,306,lda,5,10,0,0.5,30,,,,,True,testonly_2lvl
stage2,T1_position,6v,noninitial,B/D,place,stop,test,67,0.7513960113960114,0.06607429126227511,1.3560563080938153,,B,D,256,67,lda,5,10,0,0.5,30,,,,,True,testonly_2lvl
stage2,T1_position,6v,noninitial,D/G,place,stop,test,32,0.7823076923076923,0.09623893670888108,1.5671729768669,,D,G,256,32,lda,5,10,0,0.5,30,,,,,True,testonly_2lvl
stage2,T1_position,6v,initial,P/B,laryngeal,stop,pooled,300,0.6686666666666666,0.041785164831552354,0.8748284989085644,,B,P,256,1705,lda,5,10,0,0.5,30,,,,,True,pooled_2lvl_noflap
stage2,T1_position,6v,initial,T/D,laryngeal,stop,pooled,300,0.6713333333333334,0.029019150764815826,0.8874830971141537,,D,T,256,2260,lda,5,10,0,0.5,30,,,,,True,pooled_2lvl_noflap
stage2,T1_position,6v,initial,K/G,laryngeal,stop,pooled,300,0.6505,0.0466491038380041,0.7731050290360102,,G,K,256,1517,lda,5,10,0,0.5,30,,,,,True,pooled_2lvl_noflap
stage2,T1_position,6v,initial,P/T,place,stop,pooled,300,0.7325,0.04184130070211064,1.2403964851344673,,P,T,256,1705,lda,5,10,0,0.5,30,,,,,True,pooled_2lvl_noflap
stage2,T1_position,6v,initial,T/K,place,stop,pooled,300,0.7123333333333334,0.03493008890786153,1.123114063871005,,K,T,256,2228,lda,5,10,0,0.5,30,,,,,True,pooled_2lvl_noflap
stage2,T1_position,6v,initial,B/D,place,stop,pooled,300,0.6396666666666667,0.04526342649179112,0.7149427309532213,,B,D,256,2144,lda,5,10,0,0.5,30,,,,,True,pooled_2lvl_noflap
stage2,T1_position,6v,initial,D/G,place,stop,pooled,300,0.6343333333333334,0.0341418609139377,0.6871144736148677,,D,G,256,1517,lda,5,10,0,0.5,30,,,,,True,pooled_2lvl_noflap
stage2,T1_position,6v,noninitial,P/B,laryngeal,stop,pooled,300,0.6545000000000001,0.04213767119019908,0.7947272225304205,,B,P,256,1168,lda,5,10,0,0.5,30,,,,,True,pooled_2lvl_noflap
stage2,T1_position,6v,noninitial,T/D,laryngeal,stop,pooled,300,0.6033333333333334,0.04242640687119286,0.5243832892894551,,D,T,256,4639,lda,5,10,0,0.5,30,,,,,True,pooled_2lvl_noflap
stage2,T1_position,6v,noninitial,K/G,laryngeal,stop,pooled,300,0.6024999999999999,0.044604745636908784,0.5196272122280047,,G,K,256,662,lda,5,10,0,0.5,30,,,,,True,pooled_2lvl_noflap
stage2,T1_position,6v,noninitial,P/T,place,stop,pooled,300,0.7206666666666667,0.036218472880255155,1.1721134025032356,,P,T,256,2052,lda,5,10,0,0.5,30,,,,,True,pooled_2lvl_noflap
stage2,T1_position,6v,noninitial,T/K,place,stop,pooled,300,0.7020000000000002,0.03676350847723262,1.0604362789459079,,K,T,256,3886,lda,5,10,0,0.5,30,,,,,True,pooled_2lvl_noflap
stage2,T1_position,6v,noninitial,B/D,place,stop,pooled,300,0.7249999999999999,0.035316033500695156,1.1960736522783744,,B,D,256,1168,lda,5,10,0,0.5,30,,,,,True,pooled_2lvl_noflap
stage2,T1_position,6v,noninitial,D/G,place,stop,pooled,300,0.7749999999999999,0.04075673086879161,1.5112974494947298,,D,G,256,662,lda,5,10,0,0.5,30,,,,,True,pooled_2lvl_noflap
stage2,T1_position,6v,initial,P/B,laryngeal,stop,pooled,78,0.6205040322580646,0.0752376054358601,0.6209671068739917,,B,P,256,1705,lda,5,10,0,0.5,30,,,,,True,pooled_3lvl
stage2,T1_position,6v,initial,T/D,laryngeal,stop,pooled,300,0.6713333333333334,0.029019150764815826,0.8874830971141537,,D,T,256,2260,lda,5,10,0,0.5,30,,,,,True,pooled_3lvl
stage2,T1_position,6v,initial,K/G,laryngeal,stop,pooled,139,0.614038961038961,0.0576157952448523,0.5801332724809947,,G,K,256,1517,lda,5,10,0,0.5,30,,,,,True,pooled_3lvl
stage2,T1_position,6v,initial,P/T,place,stop,pooled,300,0.7325,0.04184130070211064,1.2403964851344673,,P,T,256,1705,lda,5,10,0,0.5,30,,,,,True,pooled_3lvl
stage2,T1_position,6v,initial,T/K,place,stop,pooled,300,0.7123333333333334,0.03493008890786153,1.123114063871005,,K,T,256,2228,lda,5,10,0,0.5,30,,,,,True,pooled_3lvl
stage2,T1_position,6v,initial,B/D,place,stop,pooled,78,0.6256048387096773,0.06726170263619002,0.640107586793026,,B,D,256,2144,lda,5,10,0,0.5,30,,,,,True,pooled_3lvl
stage2,T1_position,6v,initial,D/G,place,stop,pooled,139,0.6402727272727273,0.04795519216298448,0.7179381279407451,,D,G,256,1517,lda,5,10,0,0.5,30,,,,,True,pooled_3lvl
stage2,T1_position,6v,medial,P/B,laryngeal,stop,pooled,78,0.5609475806451613,0.06834178126686023,0.30609474756022087,,B,P,256,1090,lda,5,10,0,0.5,30,,,,,True,pooled_3lvl
stage2,T1_position,6v,medial,T/D,laryngeal,stop,pooled,300,0.545,0.040517485937144056,0.22601707771674734,,D,T,256,1437,lda,5,10,0,0.5,30,,,,,True,pooled_3lvl
stage2,T1_position,6v,medial,K/G,laryngeal,stop,pooled,139,0.5778441558441558,0.05749458457855856,0.39370630773545245,,G,K,256,523,lda,5,10,0,0.5,30,,,,,True,pooled_3lvl
stage2,T1_position,6v,medial,P/T,place,stop,pooled,300,0.6965,0.0355156460044177,1.0283557104215755,,P,T,256,1538,lda,5,10,0,0.5,30,,,,,True,pooled_3lvl
stage2,T1_position,6v,medial,T/K,place,stop,pooled,300,0.6335,0.04385867455057589,0.6825926882172391,,K,T,256,2308,lda,5,10,0,0.5,30,,,,,True,pooled_3lvl
stage2,T1_position,6v,medial,B/D,place,stop,pooled,78,0.5754233870967742,0.07674640585919898,0.3816037188388839,,B,D,256,1090,lda,5,10,0,0.5,30,,,,,True,pooled_3lvl
stage2,T1_position,6v,medial,D/G,place,stop,pooled,139,0.6694220779220779,0.060788574940629524,0.8760289606656172,,D,G,256,523,lda,5,10,0,0.5,30,,,,,True,pooled_3lvl
stage2,T1_position,6v,final,P/B,laryngeal,stop,pooled,78,0.5884677419354839,0.08132789630232358,0.44663501408636186,,B,P,256,78,lda,5,10,0,0.5,30,,,,,True,pooled_3lvl
stage2,T1_position,6v,final,T/D,laryngeal,stop,pooled,300,0.5451666666666666,0.04203470788130526,0.22738916440572432,,D,T,256,3874,lda,5,10,0,0.5,30,,,,,True,pooled_3lvl
stage2,T1_position,6v,final,K/G,laryngeal,stop,pooled,139,0.6679675324675326,0.05603330282490976,0.8700816679575513,,G,K,256,139,lda,5,10,0,0.5,30,,,,,True,pooled_3lvl
stage2,T1_position,6v,final,P/T,place,stop,pooled,300,0.7348333333333334,0.03736791553072115,1.2564479917299702,,P,T,256,514,lda,5,10,0,0.5,30,,,,,True,pooled_3lvl
stage2,T1_position,6v,final,T/K,place,stop,pooled,300,0.7096666666666667,0.03521205601621252,1.1048541875031845,,K,T,256,1578,lda,5,10,0,0.5,30,,,,,True,pooled_3lvl
stage2,T1_position,6v,final,B/D,place,stop,pooled,78,0.7712298387096774,0.05403692580343704,1.4837572468252058,,B,D,256,78,lda,5,10,0,0.5,30,,,,,True,pooled_3lvl
stage2,T1_position,6v,final,D/G,place,stop,pooled,139,0.7507337662337663,0.0500052624149235,1.358687805309041,,D,G,256,139,lda,5,10,0,0.5,30,,,,,True,pooled_3lvl
stage2,T1_position,6v,initial,F/V,laryngeal,fricative,pooled,300,0.6851666666666667,0.03641161292164294,0.9640448042486092,,F,V,256,417,lda,5,10,0,0.5,30,,,,,True,fric_pooled_2lvl
stage2,T1_position,6v,initial,TH/DH,laryngeal,fricative,pooled,300,0.796,0.03313440642125475,1.6717853754629666,,DH,TH,256,715,lda,5,10,0,0.5,30,,,,,True,fric_pooled_2lvl
stage2,T1_position,6v,initial,P/T,place,stop,pooled,300,0.7325,0.04184130070211064,1.2403964851344673,,P,T,256,1705,lda,5,10,0,0.5,30,,,,,True,fric_pooled_2lvl
stage2,T1_position,6v,initial,T/K,place,stop,pooled,300,0.7123333333333334,0.03493008890786153,1.123114063871005,,K,T,256,2228,lda,5,10,0,0.5,30,,,,,True,fric_pooled_2lvl
stage2,T1_position,6v,initial,B/D,place,stop,pooled,300,0.6396666666666667,0.04526342649179112,0.7149427309532213,,B,D,256,2144,lda,5,10,0,0.5,30,,,,,True,fric_pooled_2lvl
stage2,T1_position,6v,initial,D/G,place,stop,pooled,300,0.6343333333333334,0.0341418609139377,0.6871144736148677,,D,G,256,1517,lda,5,10,0,0.5,30,,,,,True,fric_pooled_2lvl
stage2,T1_position,6v,noninitial,F/V,laryngeal,fricative,pooled,300,0.5903333333333334,0.03888587289892193,0.45677252216501063,,F,V,256,1206,lda,5,10,0,0.5,30,,,,,True,fric_pooled_2lvl
stage2,T1_position,6v,noninitial,TH/DH,laryngeal,fricative,pooled,300,0.6868333333333334,0.034281919432843894,0.9800633795197904,,DH,TH,256,453,lda,5,10,0,0.5,30,,,,,True,fric_pooled_2lvl
stage2,T1_position,6v,noninitial,P/T,place,stop,pooled,300,0.7258333333333333,0.043405388810351386,1.2091763415444716,,P,T,256,2052,lda,5,10,0,0.5,30,,,,,True,fric_pooled_2lvl
stage2,T1_position,6v,noninitial,T/K,place,stop,pooled,300,0.6766666666666667,0.037006005518624194,0.920515480667933,,K,T,256,3886,lda,5,10,0,0.5,30,,,,,True,fric_pooled_2lvl
stage2,T1_position,6v,noninitial,B/D,place,stop,pooled,300,0.7445,0.02923135683170083,1.3144798005039338,,B,D,256,1168,lda,5,10,0,0.5,30,,,,,True,fric_pooled_2lvl
stage2,T1_position,6v,noninitial,D/G,place,stop,pooled,300,0.752,0.03706450833044705,1.36157344167263,,D,G,256,662,lda,5,10,0,0.5,30,,,,,True,fric_pooled_2lvl
