stage,window,array,pair,contrast,manner,n_per_class,acc,acc_sd,dprime,p_perm,class_a,class_b,n_features_in,n_available_min_class,clf,n_splits,n_repeats,n_perm,chance,n_features_used,acc_for_perm,acc_perm_mean,acc_perm_p95,skipped
stage1,go_all,6v,P/B,laryngeal,stop,36,0.7482857142857142,0.11556824018989634,1.33695266005652,0.004975124378109453,B,P,256,36,lda,5,10,200,0.5,30,0.75,0.4958833333333334,0.5901190476190477,
stage1,go_all,6v,T/D,laryngeal,stop,36,0.7458095238095237,0.1083284247972231,1.3230793280992117,0.009950248756218905,D,T,256,36,lda,5,10,200,0.5,30,0.6876190476190476,0.49647380952380954,0.5904761904761904,
stage1,go_all,6v,K/G,laryngeal,stop,36,0.6109523809523809,0.10206151717460338,0.5628414596845077,0.07462686567164178,G,K,256,36,lda,5,10,200,0.5,30,0.5966666666666666,0.5038357142857143,0.5987857142857141,
stage1,go_all,6v,F/V,laryngeal,fricative,36,0.7758095238095238,0.10898767327165981,1.5945728990466461,0.004975124378109453,F,V,256,36,lda,5,10,200,0.5,30,0.7842857142857144,0.49732142857142864,0.604547619047619,
stage1,go_all,6v,S/Z,laryngeal,fricative,36,0.760952380952381,0.10682810911908525,1.4262775939105745,0.004975124378109453,S,Z,256,36,lda,5,10,200,0.5,30,0.7495238095238095,0.5054500000000001,0.6174285714285714,
stage1,go_all,6v,SH/ZH,laryngeal,fricative,36,0.8682857142857142,0.0880455973395851,2.235497766995305,0.004975124378109453,SH,ZH,256,36,lda,5,10,200,0.5,30,0.8552380952380952,0.49544047619047615,0.6117619047619046,
stage1,go_all,6v,CH/JH,laryngeal,affricate,36,0.7962857142857142,0.10844307366889493,1.675529360180406,0.004975124378109453,CH,JH,256,36,lda,5,10,200,0.5,30,0.8114285714285714,0.49896428571428564,0.5971428571428572,
stage1,go_all,6v,TH/DH,laryngeal,fricative,36,0.8093333333333333,0.06997220050518217,1.7501796608575446,0.004975124378109453,DH,TH,256,36,lda,5,10,200,0.5,30,0.8109523809523809,0.4993285714285714,0.6255,
stage1,go_all,6v,P/T,place,stop,36,0.9222857142857143,0.07095359538749746,2.86685554381703,0.004975124378109453,P,T,256,36,lda,5,10,200,0.5,30,0.89,0.49423095238095227,0.5976428571428571,
stage1,go_all,6v,T/K,place,stop,36,0.7652380952380952,0.09263220618976299,1.4419996209001509,0.004975124378109453,K,T,256,36,lda,5,10,200,0.5,30,0.7552380952380953,0.4968190476190476,0.6033095238095236,
stage1,go_all,6v,B/D,place,stop,36,0.9426666666666668,0.04956920995904332,3.309198586591334,0.004975124378109453,B,D,256,36,lda,5,10,200,0.5,30,0.9504761904761905,0.4988571428571429,0.610952380952381,
stage1,go_all,6v,D/G,place,stop,36,0.8352380952380952,0.10536622236906157,1.9608668990880802,0.004975124378109453,D,G,256,36,lda,5,10,200,0.5,30,0.8057142857142857,0.49570952380952377,0.5979285714285714,
stage1,go_all,6v,F/S,place,fricative,36,0.959809523809524,0.045982940738955216,3.4663442966174562,0.004975124378109453,F,S,256,36,lda,5,10,200,0.5,30,0.9380952380952381,0.49903571428571425,0.6110000000000001,
stage1,go_all,6v,F/TH,place,fricative,36,0.9873333333333335,0.02704845739814097,4.93009451744858,0.004975124378109453,F,TH,256,36,lda,5,10,200,0.5,30,0.9857142857142858,0.5052261904761904,0.6126190476190475,
stage1,go_all,6v,S/SH,place,fricative,36,0.8350476190476189,0.083210848760687,1.9392900128384638,0.004975124378109453,S,SH,256,36,lda,5,10,200,0.5,30,0.7985714285714286,0.4984976190476191,0.603190476190476,
stage1,go_all,6v,V/Z,place,fricative,36,0.9461904761904762,0.06283729845479917,3.248035690058958,0.004975124378109453,V,Z,256,36,lda,5,10,200,0.5,30,0.9514285714285714,0.510495238095238,0.6052380952380952,
stage1,go_all,6v,M/N,place,nasal,36,0.9643809523809524,0.05819070999875091,3.59774038180417,0.004975124378109453,M,N,256,36,lda,5,10,200,0.5,30,0.96,0.5018261904761904,0.624904761904762,
stage1,go_all,44,P/B,laryngeal,stop,36,0.6051428571428571,0.11967393341967186,0.5342095444684571,0.0845771144278607,B,P,256,36,lda,5,10,200,0.5,30,0.5980952380952381,0.5009261904761906,0.6057142857142856,
stage1,go_all,44,T/D,laryngeal,stop,36,0.5414285714285714,0.12497346657166382,0.20886838966059362,0.10945273631840796,D,T,256,36,lda,5,10,200,0.5,30,0.5771428571428572,0.49683095238095243,0.5910714285714285,
stage1,go_all,44,K/G,laryngeal,stop,36,0.4002857142857142,0.13042546806927102,-0.5128773695159147,0.9353233830845771,G,K,256,36,lda,5,10,200,0.5,30,0.39380952380952383,0.4945404761904762,0.6043333333333334,
stage1,go_all,44,F/V,laryngeal,fricative,36,0.5732380952380952,0.09439094656613416,0.3752955305689255,0.24378109452736318,F,V,256,36,lda,5,10,200,0.5,30,0.5419047619047619,0.4987142857142857,0.6034047619047618,
stage1,go_all,44,S/Z,laryngeal,fricative,36,0.511047619047619,0.10298686704905874,0.05590129982096345,0.2835820895522388,S,Z,256,36,lda,5,10,200,0.5,30,0.5366666666666668,0.49889523809523806,0.5911428571428571,
stage1,go_all,44,SH/ZH,laryngeal,fricative,36,0.7247619047619047,0.12446711811584413,1.1835142710256519,0.004975124378109453,SH,ZH,256,36,lda,5,10,200,0.5,30,0.7228571428571429,0.4951452380952381,0.6116666666666666,
stage1,go_all,44,CH/JH,laryngeal,affricate,36,0.5672380952380952,0.12045507061257811,0.34751969356201673,0.0845771144278607,CH,JH,256,36,lda,5,10,200,0.5,30,0.5876190476190476,0.4955238095238094,0.5982380952380952,
stage1,go_all,44,TH/DH,laryngeal,fricative,36,0.5951428571428571,0.11794725751604213,0.4770745981083182,0.05970149253731343,DH,TH,256,36,lda,5,10,200,0.5,30,0.6004761904761905,0.49504523809523804,0.603452380952381,
stage1,go_all,44,P/T,place,stop,36,0.6228571428571429,0.10144086668156269,0.6288609885480373,0.03980099502487562,P,T,256,36,lda,5,10,200,0.5,30,0.6233333333333333,0.4989166666666667,0.5974523809523808,
stage1,go_all,44,T/K,place,stop,36,0.4713333333333333,0.1253403167832995,-0.13996415458498185,0.6069651741293532,K,T,256,36,lda,5,10,200,0.5,30,0.48428571428571426,0.5004880952380952,0.5976904761904761,
stage1,go_all,44,B/D,place,stop,36,0.614857142857143,0.10185419306042796,0.5856438993726152,0.05970149253731343,B,D,256,36,lda,5,10,200,0.5,30,0.5952380952380953,0.4995690476190476,0.6046666666666666,
stage1,go_all,44,D/G,place,stop,36,0.458952380952381,0.12564893683910813,-0.20191268867448334,0.9203980099502488,D,G,256,36,lda,5,10,200,0.5,30,0.4076190476190476,0.49716428571428567,0.6131666666666665,
stage1,go_all,44,F/S,place,fricative,36,0.5203809523809524,0.14005518834485542,0.10420128105794041,0.5223880597014925,F,S,256,36,lda,5,10,200,0.5,30,0.49285714285714277,0.49531904761904755,0.5976904761904761,
stage1,go_all,44,F/TH,place,fricative,36,0.5599047619047619,0.09817421693473445,0.3001075076200156,0.1791044776119403,F,TH,256,36,lda,5,10,200,0.5,30,0.5580952380952381,0.4996357142857143,0.6085952380952381,
stage1,go_all,44,S/SH,place,fricative,36,0.5533333333333332,0.11759494644146673,0.2647296229528497,0.17412935323383086,S,SH,256,36,lda,5,10,200,0.5,30,0.5623809523809524,0.4893357142857143,0.601952380952381,
stage1,go_all,44,V/Z,place,fricative,36,0.5374285714285714,0.12870895642826338,0.19054045505342693,0.572139303482587,V,Z,256,36,lda,5,10,200,0.5,30,0.47904761904761906,0.49166428571428566,0.5917380952380952,
stage1,go_all,44,M/N,place,nasal,36,0.5762857142857143,0.10843972797445871,0.387217927107447,0.43781094527363185,M,N,256,36,lda,5,10,200,0.5,30,0.5204761904761904,0.5021119047619047,0.5974285714285714,
stage1,go_all,all,P/B,laryngeal,stop,36,0.6880952380952381,0.11967169754266782,0.9843808395698495,0.014925373134328358,B,P,512,36,lda,5,10,200,0.5,30,0.6385714285714286,0.5001261904761904,0.6087142857142855,
stage1,go_all,all,T/D,laryngeal,stop,36,0.6596190476190477,0.11548277840805328,0.8212836961208292,0.01990049751243781,D,T,512,36,lda,5,10,200,0.5,30,0.639047619047619,0.4959166666666666,0.6024523809523809,
stage1,go_all,all,K/G,laryngeal,stop,36,0.4738095238095238,0.13928632478498684,-0.13215884037574988,0.9154228855721394,G,K,512,36,lda,5,10,200,0.5,30,0.4219047619047619,0.501552380952381,0.604047619047619,
stage1,go_all,all,F/V,laryngeal,fricative,36,0.6230476190476191,0.09897139924483601,0.6421114960453312,0.04477611940298507,F,V,512,36,lda,5,10,200,0.5,30,0.6171428571428572,0.49524047619047623,0.6060238095238094,
stage1,go_all,all,S/Z,laryngeal,fricative,36,0.6180952380952381,0.09290963107496047,0.6039282287614981,0.009950248756218905,S,Z,512,36,lda,5,10,200,0.5,30,0.6395238095238095,0.5012119047619048,0.5966666666666667,
stage1,go_all,all,SH/ZH,laryngeal,fricative,36,0.7956190476190477,0.1205536735591943,1.644455268502653,0.004975124378109453,SH,ZH,512,36,lda,5,10,200,0.5,30,0.7728571428571429,0.4943261904761904,0.6110238095238095,
stage1,go_all,all,CH/JH,laryngeal,affricate,36,0.7325714285714287,0.09726584185072222,1.2897344195181886,0.004975124378109453,CH,JH,512,36,lda,5,10,200,0.5,30,0.7542857142857142,0.49887857142857145,0.6047857142857143,
stage1,go_all,all,TH/DH,laryngeal,fricative,36,0.7625714285714286,0.0957699908972669,1.4272519071341014,0.004975124378109453,DH,TH,512,36,lda,5,10,200,0.5,30,0.75,0.4985952380952381,0.6105952380952381,
stage1,go_all,all,P/T,place,stop,36,0.8587619047619048,0.09484973197288857,2.2503411657089307,0.004975124378109453,P,T,512,36,lda,5,10,200,0.5,30,0.8619047619047618,0.49539523809523806,0.602,
stage1,go_all,all,T/K,place,stop,36,0.6211428571428572,0.11907108340186685,0.621672308443245,0.029850746268656716,K,T,512,36,lda,5,10,200,0.5,30,0.6233333333333333,0.5016404761904762,0.5968095238095238,
stage1,go_all,all,B/D,place,stop,36,0.8858095238095238,0.0698653710218962,2.4597826367055573,0.004975124378109453,B,D,512,36,lda,5,10,200,0.5,30,0.8595238095238095,0.5035071428571428,0.6117857142857142,
stage1,go_all,all,D/G,place,stop,36,0.689047619047619,0.11034988674968785,0.9973500228135035,0.009950248756218905,D,G,512,36,lda,5,10,200,0.5,30,0.680952380952381,0.4955571428571428,0.6103571428571427,
stage1,go_all,all,F/S,place,fricative,36,0.8572380952380952,0.10062160544829923,2.126591415466824,0.004975124378109453,F,S,512,36,lda,5,10,200,0.5,30,0.8342857142857143,0.49883809523809525,0.603642857142857,
stage1,go_all,all,F/TH,place,fricative,36,0.9497142857142857,0.0561513988413177,3.3976647033287586,0.004975124378109453,F,TH,512,36,lda,5,10,200,0.5,30,0.9585714285714285,0.5051214285714286,0.6125952380952381,
stage1,go_all,all,S/SH,place,fricative,36,0.6431428571428571,0.12352865577745895,0.7311974550741073,0.029850746268656716,S,SH,512,36,lda,5,10,200,0.5,30,0.6452380952380952,0.4971642857142857,0.6069285714285714,
stage1,go_all,all,V/Z,place,fricative,36,0.7864761904761904,0.11617626767144842,1.5927562019392463,0.004975124378109453,V,Z,512,36,lda,5,10,200,0.5,30,0.778095238095238,0.49267380952380946,0.5860476190476189,
stage1,go_all,all,M/N,place,nasal,36,0.9518095238095239,0.07174305373788593,3.3072656433906054,0.004975124378109453,M,N,512,36,lda,5,10,200,0.5,30,0.9533333333333334,0.5021523809523809,0.604142857142857,
stage1,go_0_500ms,6v,P/B,laryngeal,stop,36,0.7641904761904763,0.11004117967601855,1.4423505342730032,0.004975124378109453,B,P,256,36,lda,5,10,200,0.5,30,0.7485714285714286,0.4982857142857142,0.5913333333333333,
stage1,go_0_500ms,6v,T/D,laryngeal,stop,36,0.7260952380952381,0.10400697691580855,1.203849830974344,0.009950248756218905,D,T,256,36,lda,5,10,200,0.5,30,0.6942857142857143,0.5011666666666666,0.6064047619047618,
stage1,go_0_500ms,6v,K/G,laryngeal,stop,36,0.627904761904762,0.11506878550165288,0.6514906020119771,0.024875621890547265,G,K,256,36,lda,5,10,200,0.5,30,0.6252380952380954,0.49988571428571427,0.5976666666666667,
stage1,go_0_500ms,6v,F/V,laryngeal,fricative,36,0.6311428571428571,0.14432644403912817,0.6720808153442022,0.029850746268656716,F,V,256,36,lda,5,10,200,0.5,30,0.6223809523809524,0.49909761904761907,0.6000238095238094,
stage1,go_0_500ms,6v,S/Z,laryngeal,fricative,36,0.7219047619047619,0.09076145505310065,1.175602328745737,0.004975124378109453,S,Z,256,36,lda,5,10,200,0.5,30,0.709047619047619,0.5037452380952381,0.5962380952380952,
stage1,go_0_500ms,6v,SH/ZH,laryngeal,fricative,36,0.7963809523809523,0.09794514638653756,1.652312381432092,0.004975124378109453,SH,ZH,256,36,lda,5,10,200,0.5,30,0.82,0.4998285714285714,0.6171904761904763,
stage1,go_0_500ms,6v,CH/JH,laryngeal,affricate,36,0.746095238095238,0.10933084450460769,1.33394097609871,0.004975124378109453,CH,JH,256,36,lda,5,10,200,0.5,30,0.7142857142857143,0.4959047619047619,0.6109761904761906,
stage1,go_0_500ms,6v,TH/DH,laryngeal,fricative,36,0.6772380952380953,0.12129419268513361,0.9203517005151817,0.009950248756218905,DH,TH,256,36,lda,5,10,200,0.5,30,0.6923809523809524,0.4910071428571429,0.5911428571428571,
stage1,go_0_500ms,6v,P/T,place,stop,36,0.9623809523809524,0.04235954515524968,4.423426995067334,0.004975124378109453,P,T,256,36,lda,5,10,200,0.5,30,0.9652380952380953,0.49570952380952377,0.5958333333333332,
stage1,go_0_500ms,6v,T/K,place,stop,36,0.8389523809523811,0.089420862794696,1.9726391822770841,0.004975124378109453,K,T,256,36,lda,5,10,200,0.5,30,0.8400000000000001,0.4987880952380952,0.5976428571428573,
stage1,go_0_500ms,6v,B/D,place,stop,36,0.9285714285714285,0.07089962883975144,3.4440014954985796,0.004975124378109453,B,D,256,36,lda,5,10,200,0.5,30,0.9295238095238096,0.49912619047619045,0.6054999999999998,
stage1,go_0_500ms,6v,D/G,place,stop,36,0.8318095238095238,0.08883953278261889,1.9178664531909408,0.004975124378109453,D,G,256,36,lda,5,10,200,0.5,30,0.832857142857143,0.5063452380952381,0.6140238095238094,
stage1,go_0_500ms,6v,F/S,place,fricative,36,0.9084761904761904,0.0659023533829096,2.65076786217678,0.004975124378109453,F,S,256,36,lda,5,10,200,0.5,30,0.8957142857142857,0.49893809523809524,0.5974047619047618,
stage1,go_0_500ms,6v,F/TH,place,fricative,36,0.9720000000000002,0.03717507759988972,4.094005207305115,0.004975124378109453,F,TH,256,36,lda,5,10,200,0.5,30,0.971904761904762,0.5071690476190476,0.6104523809523807,
stage1,go_0_500ms,6v,S/SH,place,fricative,36,0.7879999999999999,0.10526390547532599,1.5922582481821002,0.004975124378109453,S,SH,256,36,lda,5,10,200,0.5,30,0.7623809523809524,0.5015809523809525,0.6044999999999999,
stage1,go_0_500ms,6v,V/Z,place,fricative,36,0.9442857142857143,0.055657276490175614,3.228959280493539,0.004975124378109453,V,Z,256,36,lda,5,10,200,0.5,30,0.9438095238095239,0.5068761904761905,0.609738095238095,
stage1,go_0_500ms,6v,M/N,place,nasal,36,0.9864761904761906,0.027061029539318913,4.886564448838779,0.004975124378109453,M,N,256,36,lda,5,10,200,0.5,30,0.9866666666666667,0.5029928571428571,0.6100476190476192,
stage1,go_0_500ms,44,P/B,laryngeal,stop,36,0.5622857142857142,0.10682318448616,0.3146000540353753,0.1791044776119403,B,P,256,36,lda,5,10,200,0.5,30,0.5676190476190477,0.5050142857142857,0.6033809523809524,
stage1,go_0_500ms,44,T/D,laryngeal,stop,36,0.54,0.11680943645290155,0.20171595285458033,0.3781094527363184,D,T,256,36,lda,5,10,200,0.5,30,0.5266666666666666,0.5034047619047619,0.5834285714285713,
stage1,go_0_500ms,44,K/G,laryngeal,stop,36,0.5092380952380952,0.11856056557620905,0.042157479618131266,0.31840796019900497,G,K,256,36,lda,5,10,200,0.5,30,0.5199999999999999,0.48976190476190473,0.5957380952380953,
stage1,go_0_500ms,44,F/V,laryngeal,fricative,36,0.4782857142857142,0.12834251226119403,-0.1112511549527463,0.5970149253731343,F,V,256,36,lda,5,10,200,0.5,30,0.47904761904761906,0.49435476190476196,0.6038333333333333,
stage1,go_0_500ms,44,S/Z,laryngeal,fricative,36,0.5591428571428572,0.12514332825887983,0.3014789161598397,0.30845771144278605,S,Z,256,36,lda,5,10,200,0.5,30,0.5347619047619048,0.5010261904761905,0.6105,
stage1,go_0_500ms,44,SH/ZH,laryngeal,fricative,36,0.5524761904761906,0.13105360589868414,0.2651527873450782,0.19900497512437812,SH,ZH,256,36,lda,5,10,200,0.5,30,0.5552380952380951,0.49581428571428576,0.6125952380952379,
stage1,go_0_500ms,44,CH/JH,laryngeal,affricate,36,0.5891428571428571,0.11473736153284715,0.45676724676094843,0.04477611940298507,CH,JH,256,36,lda,5,10,200,0.5,30,0.6171428571428572,0.4997571428571429,0.611,
stage1,go_0_500ms,44,TH/DH,laryngeal,fricative,36,0.5725714285714285,0.11493687511312883,0.36791136384704465,0.12437810945273632,DH,TH,256,36,lda,5,10,200,0.5,30,0.569047619047619,0.49884285714285714,0.5985714285714285,
stage1,go_0_500ms,44,P/T,place,stop,36,0.7077142857142857,0.09568888551859815,1.1081826568898083,0.004975124378109453,P,T,256,36,lda,5,10,200,0.5,30,0.7285714285714286,0.5017095238095238,0.5981428571428572,
stage1,go_0_500ms,44,T/K,place,stop,36,0.5143809523809524,0.09684590467180676,0.07710676058897153,0.40298507462686567,K,T,256,36,lda,5,10,200,0.5,30,0.5185714285714286,0.5037619047619047,0.6044047619047619,
stage1,go_0_500ms,44,B/D,place,stop,36,0.5321904761904761,0.11380278920102078,0.15998960434444903,0.3781094527363184,B,D,256,36,lda,5,10,200,0.5,30,0.5142857142857143,0.4932666666666667,0.6036904761904761,
stage1,go_0_500ms,44,D/G,place,stop,36,0.5141904761904762,0.11722989410795505,0.0764536703515256,0.6268656716417911,D,G,256,36,lda,5,10,200,0.5,30,0.4780952380952381,0.49130476190476186,0.5900714285714285,
stage1,go_0_500ms,44,F/S,place,fricative,36,0.4293333333333333,0.09841077315065075,-0.35649200553899085,0.9104477611940298,F,S,256,36,lda,5,10,200,0.5,30,0.4038095238095238,0.4983952380952381,0.6130476190476188,
stage1,go_0_500ms,44,F/TH,place,fricative,36,0.5635238095238095,0.10985709125434832,0.32106006979945434,0.07960199004975124,F,TH,256,36,lda,5,10,200,0.5,30,0.5842857142857143,0.49357142857142855,0.5971428571428572,
stage1,go_0_500ms,44,S/SH,place,fricative,36,0.5558095238095239,0.12602429309057675,0.27897761363996176,0.15920398009950248,S,SH,256,36,lda,5,10,200,0.5,30,0.5614285714285714,0.4943642857142858,0.6181190476190477,
stage1,go_0_500ms,44,V/Z,place,fricative,36,0.5980952380952381,0.13425869366784718,0.5010398473567744,0.04975124378109453,V,Z,256,36,lda,5,10,200,0.5,30,0.6114285714285714,0.4957357142857143,0.6105,
stage1,go_0_500ms,44,M/N,place,nasal,36,0.4636190476190476,0.11129727714650865,-0.18113536533870972,0.7164179104477612,M,N,256,36,lda,5,10,200,0.5,30,0.46238095238095234,0.4935071428571429,0.5905238095238096,
stage1,go_0_500ms,all,P/B,laryngeal,stop,36,0.6717142857142858,0.09982029203998477,0.8915979359495099,0.009950248756218905,B,P,512,36,lda,5,10,200,0.5,30,0.650952380952381,0.5026857142857143,0.6043571428571428,
stage1,go_0_500ms,all,T/D,laryngeal,stop,36,0.7120952380952381,0.10096680040776027,1.1257792453566766,0.004975124378109453,D,T,512,36,lda,5,10,200,0.5,30,0.6728571428571428,0.5039642857142856,0.6024285714285714,
stage1,go_0_500ms,all,K/G,laryngeal,stop,36,0.6195238095238095,0.12084453384636071,0.6115551163916966,0.0845771144278607,G,K,512,36,lda,5,10,200,0.5,30,0.589047619047619,0.49411428571428573,0.6024285714285714,
stage1,go_0_500ms,all,F/V,laryngeal,fricative,36,0.5795238095238094,0.13219668573311838,0.3993069776811239,0.03980099502487562,F,V,512,36,lda,5,10,200,0.5,30,0.6247619047619047,0.49783809523809525,0.6185714285714285,
stage1,go_0_500ms,all,S/Z,laryngeal,fricative,36,0.6311428571428572,0.12810925750862204,0.6721170949676637,0.07462686567164178,S,Z,512,36,lda,5,10,200,0.5,30,0.5980952380952381,0.4977690476190476,0.6047857142857143,
stage1,go_0_500ms,all,SH/ZH,laryngeal,fricative,36,0.7665714285714285,0.102142535242028,1.4531411269214485,0.004975124378109453,SH,ZH,512,36,lda,5,10,200,0.5,30,0.7357142857142857,0.4963547619047619,0.6100714285714286,
stage1,go_0_500ms,all,CH/JH,laryngeal,affricate,36,0.7178095238095239,0.09255658317178403,1.1809440403804334,0.004975124378109453,CH,JH,512,36,lda,5,10,200,0.5,30,0.7076190476190476,0.4996238095238095,0.6045476190476189,
stage1,go_0_500ms,all,TH/DH,laryngeal,fricative,36,0.6344761904761905,0.13743210238674192,0.7012584843123792,0.029850746268656716,DH,TH,512,36,lda,5,10,200,0.5,30,0.6257142857142857,0.4973833333333333,0.5976428571428573,
stage1,go_0_500ms,all,P/T,place,stop,36,0.9540000000000001,0.04339984429996001,3.818957235953283,0.004975124378109453,P,T,512,36,lda,5,10,200,0.5,30,0.930952380952381,0.5024761904761904,0.6109761904761906,
stage1,go_0_500ms,all,T/K,place,stop,36,0.7229523809523809,0.09719741698461296,1.2026849571876441,0.004975124378109453,K,T,512,36,lda,5,10,200,0.5,30,0.7219047619047619,0.5052619047619048,0.6015238095238093,
stage1,go_0_500ms,all,B/D,place,stop,36,0.9217142857142858,0.0711114229018108,3.0568898919153895,0.004975124378109453,B,D,512,36,lda,5,10,200,0.5,30,0.9085714285714287,0.4985547619047619,0.5916190476190475,
stage1,go_0_500ms,all,D/G,place,stop,36,0.6965714285714286,0.11061583948774349,1.0336643799836525,0.01990049751243781,D,G,512,36,lda,5,10,200,0.5,30,0.638095238095238,0.4944404761904762,0.6095238095238095,
stage1,go_0_500ms,all,F/S,place,fricative,36,0.8014285714285714,0.10151795748344218,1.6947451562417093,0.004975124378109453,F,S,512,36,lda,5,10,200,0.5,30,0.77,0.4994404761904762,0.6122142857142856,
stage1,go_0_500ms,all,F/TH,place,fricative,36,0.9511428571428572,0.05603537917084939,3.330109382984584,0.004975124378109453,F,TH,512,36,lda,5,10,200,0.5,30,0.9580952380952381,0.498997619047619,0.6097142857142855,
stage1,go_0_500ms,all,S/SH,place,fricative,36,0.653142857142857,0.12311291205899672,0.7844510437707548,0.03980099502487562,S,SH,512,36,lda,5,10,200,0.5,30,0.6166666666666667,0.49619523809523813,0.5981190476190476,
stage1,go_0_500ms,all,V/Z,place,fricative,36,0.8377142857142856,0.0957407686650807,2.0281407639046036,0.004975124378109453,V,Z,512,36,lda,5,10,200,0.5,30,0.819047619047619,0.4987714285714286,0.611547619047619,
stage1,go_0_500ms,all,M/N,place,nasal,36,0.9615238095238096,0.054501159778793336,3.499320000151133,0.004975124378109453,M,N,512,36,lda,5,10,200,0.5,30,0.9514285714285714,0.5009619047619047,0.6033809523809525,
