stage,test,array,position,pair,contrast,manner,partitions,n_per_class,acc,acc_sd,dprime,p_perm,class_a,class_b,n_features_in,n_available_min_class,clf,n_splits,n_repeats,n_perm,chance,n_features_used,skipped
stage2,T1_position,6v,initial,P/B,laryngeal,stop,pooled,300,0.6345000000000001,0.04123139310983535,0.6915003486120925,,B,P,256,671,lda,5,10,0,0.5,30.0,
stage2,T1_position,6v,initial,T/D,laryngeal,stop,pooled,300,0.6571666666666667,0.03847834889042581,0.8111015643045997,,D,T,256,835,lda,5,10,0,0.5,30.0,
stage2,T1_position,6v,initial,K/G,laryngeal,stop,pooled,300,0.6188333333333333,0.037372375418809604,0.6056219895344388,,G,K,256,500,lda,5,10,0,0.5,30.0,
stage2,T1_position,6v,initial,F/V,laryngeal,fricative,pooled,184,0.619041095890411,0.05299935690679604,0.6058704932303807,,F,V,256,184,lda,5,10,0,0.5,30.0,
stage2,T1_position,6v,initial,S/Z,laryngeal,fricative,pooled,7,,,,,S,Z,256,7,lda,5,10,0,0.5,,n_per_class 부족
stage2,T1_position,6v,initial,SH/ZH,laryngeal,fricative,pooled,1,,,,,SH,ZH,256,1,lda,5,10,0,0.5,,n_per_class 부족
stage2,T1_position,6v,initial,CH/JH,laryngeal,affricate,pooled,96,0.6935762483130904,0.07190014908686247,1.0183462628330566,,CH,JH,256,96,lda,5,10,0,0.5,30.0,
stage2,T1_position,6v,initial,TH/DH,laryngeal,fricative,pooled,219,0.7719122257053291,0.041346276579779385,1.4919276830779653,,DH,TH,256,219,lda,5,10,0,0.5,30.0,
stage2,T1_position,6v,initial,P/T,place,stop,pooled,300,0.7509999999999999,0.033855903801585666,1.3548429406382656,,P,T,256,671,lda,5,10,0,0.5,30.0,
stage2,T1_position,6v,initial,T/K,place,stop,pooled,300,0.7053333333333334,0.0357366913845016,1.0819765658239702,,K,T,256,847,lda,5,10,0,0.5,30.0,
stage2,T1_position,6v,initial,B/D,place,stop,pooled,300,0.6315,0.03848845425723293,0.6714304181905548,,B,D,256,835,lda,5,10,0,0.5,30.0,
stage2,T1_position,6v,initial,D/G,place,stop,pooled,300,0.6143333333333334,0.03403592872898351,0.5831048207628353,,D,G,256,500,lda,5,10,0,0.5,30.0,
stage2,T1_position,6v,initial,F/S,place,fricative,pooled,300,0.5893333333333333,0.04262367625836346,0.45175996555866815,,F,S,256,642,lda,5,10,0,0.5,30.0,
stage2,T1_position,6v,initial,F/TH,place,fricative,pooled,219,0.752539184952978,0.04594086371110842,1.378268123273072,,F,TH,256,219,lda,5,10,0,0.5,30.0,
stage2,T1_position,6v,initial,S/SH,place,fricative,pooled,191,0.6133526999316473,0.04621136188121833,0.5759294472814629,,S,SH,256,191,lda,5,10,0,0.5,30.0,
stage2,T1_position,6v,initial,V/Z,place,fricative,pooled,7,,,,,V,Z,256,7,lda,5,10,0,0.5,,n_per_class 부족
stage2,T1_position,6v,initial,M/N,place,nasal,pooled,300,0.7283333333333334,0.03793268892247015,1.216960414843147,,M,N,256,572,lda,5,10,0,0.5,30.0,
stage2,T1_position,6v,medial,P/B,laryngeal,stop,pooled,300,0.6283333333333334,0.036666666666666674,0.6546608173806261,,B,P,256,406,lda,5,10,0,0.5,30.0,
stage2,T1_position,6v,medial,T/D,laryngeal,stop,pooled,300,0.5844999999999999,0.04699320281818543,0.4267314345632632,,D,T,256,636,lda,5,10,0,0.5,30.0,
stage2,T1_position,6v,medial,K/G,laryngeal,stop,pooled,258,0.5637808065720686,0.042699128107581516,0.32100879282052824,,G,K,256,258,lda,5,10,0,0.5,30.0,
stage2,T1_position,6v,medial,F/V,laryngeal,fricative,pooled,300,0.6166666666666667,0.04813176359397884,0.5936902348959125,,F,V,256,334,lda,5,10,0,0.5,30.0,
stage2,T1_position,6v,medial,S/Z,laryngeal,fricative,pooled,269,0.5215420560747663,0.042006779287792353,0.10815937681796543,,S,Z,256,269,lda,5,10,0,0.5,30.0,
stage2,T1_position,6v,medial,SH/ZH,laryngeal,fricative,pooled,238,0.5691228070175439,0.04657331486247423,0.34835946647602883,,SH,ZH,256,238,lda,5,10,0,0.5,30.0,
stage2,T1_position,6v,medial,CH/JH,laryngeal,affricate,pooled,118,0.5475975177304965,0.06399118250339014,0.23828701061735108,,CH,JH,256,118,lda,5,10,0,0.5,30.0,
stage2,T1_position,6v,medial,TH/DH,laryngeal,fricative,pooled,99,0.6924230769230769,0.06401990696523191,1.0057808359699483,,DH,TH,256,99,lda,5,10,0,0.5,30.0,
stage2,T1_position,6v,medial,P/T,place,stop,pooled,300,0.649,0.03839270764090493,0.7679581046956336,,P,T,256,657,lda,5,10,0,0.5,30.0,
stage2,T1_position,6v,medial,T/K,place,stop,pooled,300,0.5658333333333334,0.034166666666666665,0.3317086343422904,,K,T,256,994,lda,5,10,0,0.5,30.0,
stage2,T1_position,6v,medial,B/D,place,stop,pooled,300,0.6925,0.04134038918270821,1.005850757646808,,B,D,256,406,lda,5,10,0,0.5,30.0,
stage2,T1_position,6v,medial,D/G,place,stop,pooled,258,0.6558364451082899,0.04238064532764329,0.8018469020671841,,D,G,256,258,lda,5,10,0,0.5,30.0,
stage2,T1_position,6v,medial,F/S,place,fricative,pooled,300,0.6345,0.04068886006431408,0.6879369468729104,,F,S,256,334,lda,5,10,0,0.5,30.0,
stage2,T1_position,6v,medial,F/TH,place,fricative,pooled,99,0.5881794871794872,0.07462784722778786,0.4467297409089945,,F,TH,256,99,lda,5,10,0,0.5,30.0,
stage2,T1_position,6v,medial,S/SH,place,fricative,pooled,238,0.6365416666666667,0.0407536617102082,0.6992748381858684,,S,SH,256,238,lda,5,10,0,0.5,30.0,
stage2,T1_position,6v,medial,V/Z,place,fricative,pooled,269,0.6776964347525094,0.03992513189632675,0.9225194722894731,,V,Z,256,269,lda,5,10,0,0.5,30.0,
stage2,T1_position,6v,medial,M/N,place,nasal,pooled,300,0.6793333333333333,0.02863758214499106,0.9313433283918715,,M,N,256,684,lda,5,10,0,0.5,30.0,
stage2,T1_position,6v,final,P/B,laryngeal,stop,pooled,34,0.5803296703296703,0.11209809262105701,0.4073207619761111,,B,P,256,34,lda,5,10,0,0.5,30.0,
stage2,T1_position,6v,final,T/D,laryngeal,stop,pooled,300,0.5353333333333333,0.037027017163147234,0.17770805232336265,,D,T,256,1484,lda,5,10,0,0.5,30.0,
stage2,T1_position,6v,final,K/G,laryngeal,stop,pooled,65,0.5876923076923077,0.062036446626633705,0.4445285934829809,,G,K,256,65,lda,5,10,0,0.5,30.0,
stage2,T1_position,6v,final,F/V,laryngeal,fricative,pooled,194,0.6169730269730269,0.041482342278186535,0.5959183967077469,,F,V,256,194,lda,5,10,0,0.5,30.0,
stage2,T1_position,6v,final,S/Z,laryngeal,fricative,pooled,300,0.5246666666666667,0.03880005727372635,0.12378572654387518,,S,Z,256,1093,lda,5,10,0,0.5,30.0,
stage2,T1_position,6v,final,SH/ZH,laryngeal,fricative,pooled,13,0.42666666666666664,0.21385353243127253,-0.3655997559409424,,SH,ZH,256,13,lda,5,10,0,0.5,25.0,
stage2,T1_position,6v,final,CH/JH,laryngeal,affricate,pooled,92,0.5512012012012012,0.05538383492475737,0.2568848990045358,,CH,JH,256,92,lda,5,10,0,0.5,30.0,
stage2,T1_position,6v,final,TH/DH,laryngeal,fricative,pooled,77,0.6669247311827958,0.06568917795465569,0.8814708978454769,,DH,TH,256,77,lda,5,10,0,0.5,30.0,
stage2,T1_position,6v,final,P/T,place,stop,pooled,184,0.7249537208441319,0.043567518839061035,1.1974569009680038,,P,T,256,184,lda,5,10,0,0.5,30.0,
stage2,T1_position,6v,final,T/K,place,stop,pooled,300,0.6791666666666666,0.03895331964173414,0.9342587941568081,,K,T,256,498,lda,5,10,0,0.5,30.0,
stage2,T1_position,6v,final,B/D,place,stop,pooled,34,0.6486813186813187,0.12287763496559231,0.7629875259749574,,B,D,256,34,lda,5,10,0,0.5,30.0,
stage2,T1_position,6v,final,D/G,place,stop,pooled,65,0.7092307692307692,0.09267874142664022,1.1079417965551077,,D,G,256,65,lda,5,10,0,0.5,30.0,
stage2,T1_position,6v,final,F/S,place,fricative,pooled,194,0.6327172827172827,0.04650120729341226,0.6783479177454925,,F,S,256,194,lda,5,10,0,0.5,30.0,
stage2,T1_position,6v,final,F/TH,place,fricative,pooled,77,0.6178924731182796,0.0784871877461872,0.6059569394786637,,F,TH,256,77,lda,5,10,0,0.5,30.0,
stage2,T1_position,6v,final,S/SH,place,fricative,pooled,43,0.4470588235294118,0.12166171149930444,-0.26911517698488246,,S,SH,256,43,lda,5,10,0,0.5,30.0,
stage2,T1_position,6v,final,V/Z,place,fricative,pooled,300,0.6616666666666667,0.038151743807531995,0.8337873430472262,,V,Z,256,736,lda,5,10,0,0.5,30.0,
stage2,T1_position,6v,final,M/N,place,nasal,pooled,300,0.7148333333333333,0.04528582068987551,1.1348484322922736,,M,N,256,545,lda,5,10,0,0.5,30.0,
stage2,T1_position,6v_sup,initial,P/B,laryngeal,stop,pooled,300,0.5585,0.04700738712632775,0.29557034200453797,,B,P,128,671,lda,5,10,0,0.5,30.0,
stage2,T1_position,6v_sup,initial,T/D,laryngeal,stop,pooled,300,0.6238333333333332,0.032914451402250536,0.6309620451839191,,D,T,128,835,lda,5,10,0,0.5,30.0,
stage2,T1_position,6v_sup,initial,K/G,laryngeal,stop,pooled,300,0.5820000000000001,0.03895724151767764,0.4140301760827081,,G,K,128,500,lda,5,10,0,0.5,30.0,
stage2,T1_position,6v_sup,initial,F/V,laryngeal,fricative,pooled,184,0.5554498333950388,0.05701354243348948,0.278979832877565,,F,V,128,184,lda,5,10,0,0.5,30.0,
stage2,T1_position,6v_sup,initial,S/Z,laryngeal,fricative,pooled,7,,,,,S,Z,128,7,lda,5,10,0,0.5,,n_per_class 부족
stage2,T1_position,6v_sup,initial,SH/ZH,laryngeal,fricative,pooled,1,,,,,SH,ZH,128,1,lda,5,10,0,0.5,,n_per_class 부족
stage2,T1_position,6v_sup,initial,CH/JH,laryngeal,affricate,pooled,96,0.6421727395411607,0.06664675542833527,0.7316226338352583,,CH,JH,128,96,lda,5,10,0,0.5,30.0,
stage2,T1_position,6v_sup,initial,TH/DH,laryngeal,fricative,pooled,219,0.7132601880877742,0.04558263220054116,1.1254823421597895,,DH,TH,128,219,lda,5,10,0,0.5,30.0,
stage2,T1_position,6v_sup,initial,P/T,place,stop,pooled,300,0.7026666666666667,0.03885299931222241,1.064824744218296,,P,T,128,671,lda,5,10,0,0.5,30.0,
stage2,T1_position,6v_sup,initial,T/K,place,stop,pooled,300,0.6216666666666667,0.03511884584284246,0.6196239019791783,,K,T,128,847,lda,5,10,0,0.5,30.0,
stage2,T1_position,6v_sup,initial,B/D,place,stop,pooled,300,0.5985,0.03608208234936929,0.49968545606960524,,B,D,128,835,lda,5,10,0,0.5,30.0,
stage2,T1_position,6v_sup,initial,D/G,place,stop,pooled,300,0.6118333333333333,0.03944370108845715,0.5680650500348536,,D,G,128,500,lda,5,10,0,0.5,30.0,
stage2,T1_position,6v_sup,initial,F/S,place,fricative,pooled,300,0.5843333333333333,0.038392707640904924,0.4264380677476237,,F,S,128,642,lda,5,10,0,0.5,30.0,
stage2,T1_position,6v_sup,initial,F/TH,place,fricative,pooled,219,0.6780276907001046,0.040693820414987654,0.9252038035541709,,F,TH,128,219,lda,5,10,0,0.5,30.0,
stage2,T1_position,6v_sup,initial,S/SH,place,fricative,pooled,191,0.5625666438824334,0.04826116921797641,0.316135044634718,,S,SH,128,191,lda,5,10,0,0.5,30.0,
stage2,T1_position,6v_sup,initial,V/Z,place,fricative,pooled,7,,,,,V,Z,128,7,lda,5,10,0,0.5,,n_per_class 부족
stage2,T1_position,6v_sup,initial,M/N,place,nasal,pooled,300,0.7169999999999999,0.03157706622077345,1.1476382604214412,,M,N,128,572,lda,5,10,0,0.5,30.0,
stage2,T1_position,6v_sup,medial,P/B,laryngeal,stop,pooled,300,0.5673333333333334,0.038218669085496246,0.33909917544058965,,B,P,128,406,lda,5,10,0,0.5,30.0,
stage2,T1_position,6v_sup,medial,T/D,laryngeal,stop,pooled,300,0.5406666666666667,0.04047083998249714,0.20424173529783274,,D,T,128,636,lda,5,10,0,0.5,30.0,
stage2,T1_position,6v_sup,medial,K/G,laryngeal,stop,pooled,258,0.5777613890963406,0.04327131425884687,0.3930380253648417,,G,K,128,258,lda,5,10,0,0.5,30.0,
stage2,T1_position,6v_sup,medial,F/V,laryngeal,fricative,pooled,300,0.5640000000000001,0.04589964899405853,0.3221953089903609,,F,V,128,334,lda,5,10,0,0.5,30.0,
stage2,T1_position,6v_sup,medial,S/Z,laryngeal,fricative,pooled,269,0.5009293873312565,0.037267007177163934,0.004665090102180421,,S,Z,128,269,lda,5,10,0,0.5,30.0,
stage2,T1_position,6v_sup,medial,SH/ZH,laryngeal,fricative,pooled,238,0.5368004385964913,0.04546277367055318,0.1846558684255897,,SH,ZH,128,238,lda,5,10,0,0.5,30.0,
stage2,T1_position,6v_sup,medial,CH/JH,laryngeal,affricate,pooled,118,0.5144237588652483,0.06130421454200882,0.07219909619027379,,CH,JH,128,118,lda,5,10,0,0.5,30.0,
stage2,T1_position,6v_sup,medial,TH/DH,laryngeal,fricative,pooled,99,0.6120384615384616,0.06631481236684979,0.5693107221716078,,DH,TH,128,99,lda,5,10,0,0.5,30.0,
stage2,T1_position,6v_sup,medial,P/T,place,stop,pooled,300,0.6548333333333332,0.03869718623132981,0.7983381738331717,,P,T,128,657,lda,5,10,0,0.5,30.0,
stage2,T1_position,6v_sup,medial,T/K,place,stop,pooled,300,0.5368333333333333,0.042166666666666665,0.18486644757081977,,K,T,128,994,lda,5,10,0,0.5,30.0,
stage2,T1_position,6v_sup,medial,B/D,place,stop,pooled,300,0.6658333333333333,0.036257183196345154,0.857598503745357,,B,D,128,406,lda,5,10,0,0.5,30.0,
stage2,T1_position,6v_sup,medial,D/G,place,stop,pooled,258,0.5637696041822255,0.04021892521813598,0.3210871444108616,,D,G,128,258,lda,5,10,0,0.5,30.0,
stage2,T1_position,6v_sup,medial,F/S,place,fricative,pooled,300,0.6026666666666667,0.03820413008505174,0.5213712133450978,,F,S,128,334,lda,5,10,0,0.5,30.0,
stage2,T1_position,6v_sup,medial,F/TH,place,fricative,pooled,99,0.5515,0.0636447252483622,0.2587388528225735,,F,TH,128,99,lda,5,10,0,0.5,30.0,
stage2,T1_position,6v_sup,medial,S/SH,place,fricative,pooled,238,0.6283640350877193,0.03971498760007196,0.6547486354822146,,S,SH,128,238,lda,5,10,0,0.5,30.0,
stage2,T1_position,6v_sup,medial,V/Z,place,fricative,pooled,269,0.6660159224645206,0.04803308329017752,0.8590634366289133,,V,Z,128,269,lda,5,10,0,0.5,30.0,
stage2,T1_position,6v_sup,medial,M/N,place,nasal,pooled,300,0.6836666666666668,0.03370459909270543,0.955636615048908,,M,N,128,684,lda,5,10,0,0.5,30.0,
stage2,T1_position,6v_sup,final,P/B,laryngeal,stop,pooled,34,0.4235164835164834,0.11995571376178185,-0.3864323693652802,,B,P,128,34,lda,5,10,0,0.5,30.0,
stage2,T1_position,6v_sup,final,T/D,laryngeal,stop,pooled,300,0.4871666666666667,0.03746146167878545,-0.064400809531379,,D,T,128,1484,lda,5,10,0,0.5,30.0,
stage2,T1_position,6v_sup,final,K/G,laryngeal,stop,pooled,65,0.6092307692307692,0.07744438737632751,0.5551959512779459,,G,K,128,65,lda,5,10,0,0.5,30.0,
stage2,T1_position,6v_sup,final,F/V,laryngeal,fricative,pooled,194,0.5481052281052281,0.046678330913482495,0.24209844831927757,,F,V,128,194,lda,5,10,0,0.5,30.0,
stage2,T1_position,6v_sup,final,S/Z,laryngeal,fricative,pooled,300,0.49683333333333335,0.04300807417735006,-0.015886653335781417,,S,Z,128,1093,lda,5,10,0,0.5,30.0,
stage2,T1_position,6v_sup,final,SH/ZH,laryngeal,fricative,pooled,13,0.48466666666666675,0.20925370035225452,-0.07706616503148671,,SH,ZH,128,13,lda,5,10,0,0.5,25.0,
stage2,T1_position,6v_sup,final,CH/JH,laryngeal,affricate,pooled,92,0.6103003003003002,0.06743561356131346,0.5597409783914833,,CH,JH,128,92,lda,5,10,0,0.5,30.0,
stage2,T1_position,6v_sup,final,TH/DH,laryngeal,fricative,pooled,77,0.633763440860215,0.08897483993403985,0.6857401694736244,,DH,TH,128,77,lda,5,10,0,0.5,30.0,
stage2,T1_position,6v_sup,final,P/T,place,stop,pooled,184,0.6616623472787855,0.04354310132311096,0.8336897508443203,,P,T,128,184,lda,5,10,0,0.5,30.0,
stage2,T1_position,6v_sup,final,T/K,place,stop,pooled,300,0.5461666666666666,0.03844946177921235,0.23198434275841867,,K,T,128,498,lda,5,10,0,0.5,30.0,
stage2,T1_position,6v_sup,final,B/D,place,stop,pooled,34,0.6713186813186812,0.10326566052138302,0.8887763411819423,,B,D,128,34,lda,5,10,0,0.5,30.0,
stage2,T1_position,6v_sup,final,D/G,place,stop,pooled,65,0.6292307692307691,0.0896277640838739,0.6596513647181099,,D,G,128,65,lda,5,10,0,0.5,30.0,
stage2,T1_position,6v_sup,final,F/S,place,fricative,pooled,194,0.6028038628038628,0.0486692052238693,0.5220745781271482,,F,S,128,194,lda,5,10,0,0.5,30.0,
stage2,T1_position,6v_sup,final,F/TH,place,fricative,pooled,77,0.5058494623655914,0.07906704230502497,0.02928951785842339,,F,TH,128,77,lda,5,10,0,0.5,30.0,
stage2,T1_position,6v_sup,final,S/SH,place,fricative,pooled,43,0.5550980392156863,0.09377891568538378,0.27549486116094263,,S,SH,128,43,lda,5,10,0,0.5,30.0,
stage2,T1_position,6v_sup,final,V/Z,place,fricative,pooled,300,0.636,0.03977156996873243,0.6965280161889577,,V,Z,128,736,lda,5,10,0,0.5,30.0,
stage2,T1_position,6v_sup,final,M/N,place,nasal,pooled,300,0.6823333333333333,0.03791950538824166,0.9481301026437337,,M,N,128,545,lda,5,10,0,0.5,30.0,
stage2,T1_position,6v_inf,initial,P/B,laryngeal,stop,pooled,300,0.6333333333333333,0.04278499217664479,0.6833724852941744,,B,P,128,671,lda,5,10,0,0.5,30.0,
stage2,T1_position,6v_inf,initial,T/D,laryngeal,stop,pooled,300,0.6231666666666666,0.036487821408123434,0.6284070979269587,,D,T,128,835,lda,5,10,0,0.5,30.0,
stage2,T1_position,6v_inf,initial,K/G,laryngeal,stop,pooled,300,0.607,0.04404416974911536,0.5446788153256198,,G,K,128,500,lda,5,10,0,0.5,30.0,
stage2,T1_position,6v_inf,initial,F/V,laryngeal,fricative,pooled,184,0.6350796001480934,0.05542876735622734,0.6922988704101991,,F,V,128,184,lda,5,10,0,0.5,30.0,
stage2,T1_position,6v_inf,initial,S/Z,laryngeal,fricative,pooled,7,,,,,S,Z,128,7,lda,5,10,0,0.5,,n_per_class 부족
stage2,T1_position,6v_inf,initial,SH/ZH,laryngeal,fricative,pooled,1,,,,,SH,ZH,128,1,lda,5,10,0,0.5,,n_per_class 부족
stage2,T1_position,6v_inf,initial,CH/JH,laryngeal,affricate,pooled,96,0.6831174089068824,0.07040278883821974,0.9572008154626681,,CH,JH,128,96,lda,5,10,0,0.5,30.0,
stage2,T1_position,6v_inf,initial,TH/DH,laryngeal,fricative,pooled,219,0.7570846394984325,0.04411028851395508,1.4081926547437473,,DH,TH,128,219,lda,5,10,0,0.5,30.0,
stage2,T1_position,6v_inf,initial,P/T,place,stop,pooled,300,0.7085000000000001,0.041281217143985575,1.0976266000969117,,P,T,128,671,lda,5,10,0,0.5,30.0,
stage2,T1_position,6v_inf,initial,T/K,place,stop,pooled,300,0.6663333333333332,0.042096450101060924,0.8600476170542988,,K,T,128,847,lda,5,10,0,0.5,30.0,
stage2,T1_position,6v_inf,initial,B/D,place,stop,pooled,300,0.6214999999999999,0.037382779755152286,0.618669601581099,,B,D,128,835,lda,5,10,0,0.5,30.0,
stage2,T1_position,6v_inf,initial,D/G,place,stop,pooled,300,0.5991666666666666,0.0406629096625195,0.5046283847802769,,D,G,128,500,lda,5,10,0,0.5,30.0,
stage2,T1_position,6v_inf,initial,F/S,place,fricative,pooled,300,0.5656666666666667,0.04248006068210773,0.33073053948045283,,F,S,128,642,lda,5,10,0,0.5,30.0,
stage2,T1_position,6v_inf,initial,F/TH,place,fricative,pooled,219,0.7242032392894461,0.04360216419385215,1.1960807632276669,,F,TH,128,219,lda,5,10,0,0.5,30.0,
stage2,T1_position,6v_inf,initial,S/SH,place,fricative,pooled,191,0.5919172932330826,0.04807634962816944,0.4646459466660296,,S,SH,128,191,lda,5,10,0,0.5,30.0,
stage2,T1_position,6v_inf,initial,V/Z,place,fricative,pooled,7,,,,,V,Z,128,7,lda,5,10,0,0.5,,n_per_class 부족
stage2,T1_position,6v_inf,initial,M/N,place,nasal,pooled,300,0.6243333333333334,0.043360248051771,0.6337650918265421,,M,N,128,572,lda,5,10,0,0.5,30.0,
stage2,T1_position,6v_inf,medial,P/B,laryngeal,stop,pooled,300,0.6073333333333334,0.03186952567370069,0.5445814312298498,,B,P,128,406,lda,5,10,0,0.5,30.0,
stage2,T1_position,6v_inf,medial,T/D,laryngeal,stop,pooled,300,0.5546666666666666,0.04279018579066934,0.27495586538176375,,D,T,128,636,lda,5,10,0,0.5,30.0,
stage2,T1_position,6v_inf,medial,K/G,laryngeal,stop,pooled,258,0.5573973114264377,0.0359423263870053,0.2885350554128551,,G,K,128,258,lda,5,10,0,0.5,30.0,
stage2,T1_position,6v_inf,medial,F/V,laryngeal,fricative,pooled,300,0.5883333333333334,0.04024232155883212,0.44640508802413914,,F,V,128,334,lda,5,10,0,0.5,30.0,
stage2,T1_position,6v_inf,medial,S/Z,laryngeal,fricative,pooled,269,0.5377448944271374,0.03614918656974731,0.18951029947412945,,S,Z,128,269,lda,5,10,0,0.5,30.0,
stage2,T1_position,6v_inf,medial,SH/ZH,laryngeal,fricative,pooled,238,0.553125,0.04271449238295713,0.26822243451601374,,SH,ZH,128,238,lda,5,10,0,0.5,30.0,
stage2,T1_position,6v_inf,medial,CH/JH,laryngeal,affricate,pooled,118,0.5547429078014184,0.05610534328312463,0.2747154550522139,,CH,JH,128,118,lda,5,10,0,0.5,30.0,
stage2,T1_position,6v_inf,medial,TH/DH,laryngeal,fricative,pooled,99,0.6711923076923076,0.051442602842830885,0.8883813986387775,,DH,TH,128,99,lda,5,10,0,0.5,30.0,
stage2,T1_position,6v_inf,medial,P/T,place,stop,pooled,300,0.572,0.03398365620248782,0.36359184194814426,,P,T,128,657,lda,5,10,0,0.5,30.0,
stage2,T1_position,6v_inf,medial,T/K,place,stop,pooled,300,0.5546666666666666,0.03652092246613957,0.27482957161036947,,K,T,128,994,lda,5,10,0,0.5,30.0,
stage2,T1_position,6v_inf,medial,B/D,place,stop,pooled,300,0.6491666666666667,0.037721567659187584,0.7662875086743999,,B,D,128,406,lda,5,10,0,0.5,30.0,
stage2,T1_position,6v_inf,medial,D/G,place,stop,pooled,258,0.6492961165048544,0.045640279400434136,0.7662269903941052,,D,G,128,258,lda,5,10,0,0.5,30.0,
stage2,T1_position,6v_inf,medial,F/S,place,fricative,pooled,300,0.6249999999999999,0.04711098008367524,0.6378041690652044,,F,S,128,334,lda,5,10,0,0.5,30.0,
stage2,T1_position,6v_inf,medial,F/TH,place,fricative,pooled,99,0.6253846153846154,0.06309047175732221,0.6379463009775936,,F,TH,128,99,lda,5,10,0,0.5,30.0,
stage2,T1_position,6v_inf,medial,S/SH,place,fricative,pooled,238,0.6200043859649123,0.046453477722232996,0.610476345912955,,S,SH,128,238,lda,5,10,0,0.5,30.0,
stage2,T1_position,6v_inf,medial,V/Z,place,fricative,pooled,269,0.5782364139840775,0.038453959231743634,0.39503997422125475,,V,Z,128,269,lda,5,10,0,0.5,30.0,
stage2,T1_position,6v_inf,medial,M/N,place,nasal,pooled,300,0.6191666666666665,0.04263051854142888,0.6063903797280872,,M,N,128,684,lda,5,10,0,0.5,30.0,
stage2,T1_position,6v_inf,final,P/B,laryngeal,stop,pooled,34,0.5801098901098901,0.11395286483426699,0.40716012610225205,,B,P,128,34,lda,5,10,0,0.5,30.0,
stage2,T1_position,6v_inf,final,T/D,laryngeal,stop,pooled,300,0.5658333333333333,0.04385107372307623,0.33199898365441993,,D,T,128,1484,lda,5,10,0,0.5,30.0,
stage2,T1_position,6v_inf,final,K/G,laryngeal,stop,pooled,65,0.5584615384615385,0.07585411098843722,0.29497251203611113,,G,K,128,65,lda,5,10,0,0.5,30.0,
stage2,T1_position,6v_inf,final,F/V,laryngeal,fricative,pooled,194,0.6628571428571429,0.04832311749230004,0.8419459471929744,,F,V,128,194,lda,5,10,0,0.5,30.0,
stage2,T1_position,6v_inf,final,S/Z,laryngeal,fricative,pooled,300,0.5271666666666667,0.041157218888873755,0.1363070242711879,,S,Z,128,1093,lda,5,10,0,0.5,30.0,
stage2,T1_position,6v_inf,final,SH/ZH,laryngeal,fricative,pooled,13,0.3773333333333333,0.15992220330870602,-0.6110281176306709,,SH,ZH,128,13,lda,5,10,0,0.5,25.0,
stage2,T1_position,6v_inf,final,CH/JH,laryngeal,affricate,pooled,92,0.5451801801801802,0.059712524906218124,0.22638029362225306,,CH,JH,128,92,lda,5,10,0,0.5,30.0,
stage2,T1_position,6v_inf,final,TH/DH,laryngeal,fricative,pooled,77,0.6234838709677419,0.06773727923919129,0.6278795077977419,,DH,TH,128,77,lda,5,10,0,0.5,30.0,
stage2,T1_position,6v_inf,final,P/T,place,stop,pooled,184,0.6779896334690855,0.0520609592237172,0.9261287919335163,,P,T,128,184,lda,5,10,0,0.5,30.0,
stage2,T1_position,6v_inf,final,T/K,place,stop,pooled,300,0.6829999999999998,0.04149832660615499,0.9551067541977953,,K,T,128,498,lda,5,10,0,0.5,30.0,
stage2,T1_position,6v_inf,final,B/D,place,stop,pooled,34,0.5272527472527472,0.12389328939107463,0.13242573039514635,,B,D,128,34,lda,5,10,0,0.5,30.0,
stage2,T1_position,6v_inf,final,D/G,place,stop,pooled,65,0.676923076923077,0.08837788686981582,0.9167436142530407,,D,G,128,65,lda,5,10,0,0.5,30.0,
stage2,T1_position,6v_inf,final,F/S,place,fricative,pooled,194,0.6422577422577421,0.049478851985582085,0.7297202736137296,,F,S,128,194,lda,5,10,0,0.5,30.0,
stage2,T1_position,6v_inf,final,F/TH,place,fricative,pooled,77,0.6412903225806451,0.0840681442921548,0.7270131948658956,,F,TH,128,77,lda,5,10,0,0.5,30.0,
stage2,T1_position,6v_inf,final,S/SH,place,fricative,pooled,43,0.5351633986928105,0.10360571889124086,0.17477164698752728,,S,SH,128,43,lda,5,10,0,0.5,30.0,
stage2,T1_position,6v_inf,final,V/Z,place,fricative,pooled,300,0.601,0.045935945740902207,0.5117471168648748,,V,Z,128,736,lda,5,10,0,0.5,30.0,
stage2,T1_position,6v_inf,final,M/N,place,nasal,pooled,300,0.655,0.039440531887330765,0.7975602382948692,,M,N,128,545,lda,5,10,0,0.5,30.0,
