array,pair,contrast,n,acc,dprime
6v_sup,P/B,laryngeal,36,0.5967619047619048,0.4910489013530696
6v_sup,T/D,laryngeal,36,0.5823809523809524,0.4135174021838032
6v_sup,K/G,laryngeal,36,0.5600952380952381,0.2996930605791624
6v_sup,F/V,laryngeal,36,0.6600000000000001,0.8210024753365412
6v_sup,S/Z,laryngeal,36,0.5954285714285714,0.4840334762422531
6v_sup,SH/ZH,laryngeal,36,0.6923809523809524,1.0012446942462578
6v_sup,CH/JH,laryngeal,36,0.7346666666666667,1.2508969548394056
6v_sup,TH/DH,laryngeal,36,0.5457142857142857,0.2297550142584443
6v_sup,P/T,place,36,0.8547619047619048,2.172289167121772
6v_sup,T/K,place,36,0.7265714285714285,1.203849830974344
6v_sup,B/D,place,36,0.8397142857142856,2.0674120053978067
6v_sup,D/G,place,36,0.6848571428571429,0.9593679024669768
6v_sup,F/S,place,36,0.8985714285714286,2.5852211820948905
6v_sup,F/TH,place,36,0.939904761904762,3.1947749673909147
6v_sup,S/SH,place,36,0.5823809523809524,0.4147742617508121
6v_sup,V/Z,place,36,0.9097142857142857,2.708027675608645
6v_sup,M/N,place,36,0.9560952380952381,3.451269192250038
6v_sup,39way,39way,36,0.37677597017454667,
6v_inf,P/B,laryngeal,36,0.742952380952381,1.3146706470975755
6v_inf,T/D,laryngeal,36,0.7712380952380953,1.488942360393498
6v_inf,K/G,laryngeal,36,0.6134285714285713,0.5727872002015995
6v_inf,F/V,laryngeal,36,0.791047619047619,1.6499277190432673
6v_inf,S/Z,laryngeal,36,0.7967619047619047,1.6656684391731584
6v_inf,SH/ZH,laryngeal,36,0.8602857142857142,2.1643054550361525
6v_inf,CH/JH,laryngeal,36,0.7774285714285714,1.5436641598908571
6v_inf,TH/DH,laryngeal,36,0.8965714285714286,2.522198791857186
6v_inf,P/T,place,36,0.9114285714285715,2.6910232147603734
6v_inf,T/K,place,36,0.7532380952380952,1.3724450936255481
6v_inf,B/D,place,36,0.9411428571428572,3.192276273624409
6v_inf,D/G,place,36,0.8456190476190476,2.041929050111896
6v_inf,F/S,place,36,0.9486666666666668,3.2421425891300055
6v_inf,F/TH,place,36,0.963714285714286,3.597740381804169
6v_inf,S/SH,place,36,0.8261904761904763,1.8729701660970475
6v_inf,V/Z,place,36,0.927904761904762,2.9508889809307375
6v_inf,M/N,place,36,0.9683809523809523,3.6761377458725257
6v_inf,39way,39way,36,0.6080299949161159,
6v,P/B,laryngeal,36,0.7482857142857142,1.33695266005652
6v,T/D,laryngeal,36,0.7458095238095237,1.3230793280992117
6v,K/G,laryngeal,36,0.6109523809523809,0.5628414596845077
6v,F/V,laryngeal,36,0.7758095238095238,1.5945728990466461
6v,S/Z,laryngeal,36,0.760952380952381,1.4262775939105745
6v,SH/ZH,laryngeal,36,0.8682857142857142,2.235497766995305
6v,CH/JH,laryngeal,36,0.7962857142857142,1.675529360180406
6v,TH/DH,laryngeal,36,0.8093333333333333,1.7501796608575446
6v,P/T,place,36,0.9222857142857143,2.86685554381703
6v,T/K,place,36,0.7652380952380952,1.4419996209001509
6v,B/D,place,36,0.9426666666666668,3.309198586591334
6v,D/G,place,36,0.8352380952380952,1.9608668990880802
6v,F/S,place,36,0.959809523809524,3.4663442966174562
6v,F/TH,place,36,0.9873333333333335,4.93009451744858
6v,S/SH,place,36,0.8350476190476189,1.9392900128384638
6v,V/Z,place,36,0.9461904761904762,3.248035690058958
6v,M/N,place,36,0.9643809523809524,3.59774038180417
6v,39way,39way,36,0.6450762582613117,
44_sup,P/B,laryngeal,36,0.6296190476190476,0.6579351266592472
44_sup,T/D,laryngeal,36,0.5472380952380952,0.23684073670478623
44_sup,K/G,laryngeal,36,0.4627619047619047,-0.18916248300391564
44_sup,F/V,laryngeal,36,0.5705714285714285,0.35905583914440575
44_sup,S/Z,laryngeal,36,0.45533333333333326,-0.2229199144041286
44_sup,SH/ZH,laryngeal,36,0.6756190476190476,0.9087085006147579
44_sup,CH/JH,laryngeal,36,0.5254285714285715,0.13352085672446953
44_sup,TH/DH,laryngeal,36,0.5187619047619048,0.09739893217564717
44_sup,P/T,place,36,0.6101904761904762,0.5661554886061193
44_sup,T/K,place,36,0.4258095238095238,-0.3720643026191058
44_sup,B/D,place,36,0.676190476190476,0.9140572170947191
44_sup,D/G,place,36,0.49685714285714283,-0.01400934831734782
44_sup,F/S,place,36,0.5379047619047619,0.19489791953444008
44_sup,F/TH,place,36,0.514,0.06258726006575217
44_sup,S/SH,place,36,0.5897142857142856,0.44821180690231344
44_sup,V/Z,place,36,0.4708571428571428,-0.1395548537702937
44_sup,M/N,place,36,0.6112380952380952,0.5637686371877761
44_sup,39way,39way,36,0.06695560074563635,
44_inf,P/B,laryngeal,36,0.5156190476190475,0.07647584822477677
44_inf,T/D,laryngeal,36,0.4691428571428571,-0.15291104848916928
44_inf,K/G,laryngeal,36,0.39866666666666667,-0.5152243821125216
44_inf,F/V,laryngeal,36,0.5097142857142856,0.04869465216426565
44_inf,S/Z,laryngeal,36,0.6001904761904763,0.5071384094739835
44_inf,SH/ZH,laryngeal,36,0.6787619047619049,0.9220011863821205
44_inf,CH/JH,laryngeal,36,0.6259999999999999,0.6459106853242302
44_inf,TH/DH,laryngeal,36,0.6518095238095237,0.7758840683352519
44_inf,P/T,place,36,0.5877142857142857,0.4494890821976984
44_inf,T/K,place,36,0.49523809523809526,-0.020832212582966622
44_inf,B/D,place,36,0.502095238095238,0.013887583647415257
44_inf,D/G,place,36,0.5162857142857142,0.07642043169828337
44_inf,F/S,place,36,0.4003809523809524,-0.49925113883290356
44_inf,F/TH,place,36,0.5524761904761903,0.26541399359289014
44_inf,S/SH,place,36,0.5088571428571429,0.04174600178903945
44_inf,V/Z,place,36,0.6071428571428572,0.5460450243410461
44_inf,M/N,place,36,0.5860952380952381,0.4352121719106965
44_inf,39way,39way,36,0.09686748008812064,
