stage,test,array,position,pair,contrast,manner,partitions,n_per_class,acc,acc_sd,dprime,p_perm,class_a,class_b,n_features_in,n_available_min_class,clf,n_splits,n_repeats,n_perm,chance,n_features_used,skipped,n_matched_across_positions
stage2,T1_position,6v_sup,initial,P/B,laryngeal,stop,pooled,78,0.5338508064516129,0.08233415055227333,0.17278662382963123,,B,P,128,1705,lda,5,10,0,0.5,30,,True
stage2,T1_position,6v_sup,initial,T/D,laryngeal,stop,pooled,300,0.6298333333333334,0.03940847342612725,0.6625979465939202,,D,T,128,2260,lda,5,10,0,0.5,30,,True
stage2,T1_position,6v_sup,initial,K/G,laryngeal,stop,pooled,139,0.5517662337662338,0.05441497070602067,0.2603804099716969,,G,K,128,1517,lda,5,10,0,0.5,30,,True
stage2,T1_position,6v_sup,initial,F/V,laryngeal,fricative,pooled,300,0.6436666666666666,0.034462540049547526,0.7363266719727543,,F,V,128,417,lda,5,10,0,0.5,30,,True
stage2,T1_position,6v_sup,initial,CH/JH,laryngeal,affricate,pooled,171,0.6990537084398977,0.057531698812039525,1.0465627466112102,,CH,JH,128,246,lda,5,10,0,0.5,30,,True
stage2,T1_position,6v_sup,initial,TH/DH,laryngeal,fricative,pooled,160,0.7346875,0.0495576132521533,1.2532151602409451,,DH,TH,128,715,lda,5,10,0,0.5,30,,True
stage2,T1_position,6v_sup,initial,P/T,place,stop,pooled,300,0.6988333333333333,0.0400003472207152,1.0420017859175854,,P,T,128,1705,lda,5,10,0,0.5,30,,True
stage2,T1_position,6v_sup,initial,T/K,place,stop,pooled,300,0.6743333333333332,0.0383275357934736,0.9045057072891582,,K,T,128,2228,lda,5,10,0,0.5,30,,True
stage2,T1_position,6v_sup,initial,B/D,place,stop,pooled,78,0.5463306451612903,0.07211768793514765,0.23167879494403246,,B,D,128,2144,lda,5,10,0,0.5,30,,True
stage2,T1_position,6v_sup,initial,D/G,place,stop,pooled,139,0.6213506493506493,0.05575595420593878,0.6170764649152528,,D,G,128,1517,lda,5,10,0,0.5,30,,True
stage2,T1_position,6v_sup,initial,F/S,place,fricative,pooled,300,0.6253333333333333,0.04440845765291913,0.6389154789567925,,F,S,128,1605,lda,5,10,0,0.5,30,,True
stage2,T1_position,6v_sup,initial,F/TH,place,fricative,pooled,160,0.685625,0.0472526454285895,0.9665735807807472,,F,TH,128,715,lda,5,10,0,0.5,30,,True
stage2,T1_position,6v_sup,initial,S/SH,place,fricative,pooled,63,0.6493538461538462,0.10094504451350902,0.7673546816306916,,S,SH,128,424,lda,5,10,0,0.5,30,,True
stage2,T1_position,6v_sup,initial,M/N,place,nasal,pooled,300,0.6828333333333333,0.03509550461874632,0.9510443386599982,,M,N,128,1524,lda,5,10,0,0.5,30,,True
stage2,T1_position,6v_sup,medial,P/B,laryngeal,stop,pooled,78,0.5442943548387096,0.06264596963138323,0.22191105237097009,,B,P,128,1090,lda,5,10,0,0.5,30,,True
stage2,T1_position,6v_sup,medial,T/D,laryngeal,stop,pooled,300,0.5428333333333333,0.03880184703507468,0.21510000598716128,,D,T,128,1437,lda,5,10,0,0.5,30,,True
stage2,T1_position,6v_sup,medial,K/G,laryngeal,stop,pooled,139,0.5347792207792207,0.05769693884046301,0.1750238637442739,,G,K,128,523,lda,5,10,0,0.5,30,,True
stage2,T1_position,6v_sup,medial,F/V,laryngeal,fricative,pooled,300,0.5763333333333334,0.04286153416655908,0.3850012168540393,,F,V,128,673,lda,5,10,0,0.5,30,,True
stage2,T1_position,6v_sup,medial,CH/JH,laryngeal,affricate,pooled,171,0.5784100596760443,0.06126866794495414,0.39520670818120773,,CH,JH,128,253,lda,5,10,0,0.5,30,,True
stage2,T1_position,6v_sup,medial,TH/DH,laryngeal,fricative,pooled,160,0.6590625,0.05534779947071067,0.822688181554711,,DH,TH,128,292,lda,5,10,0,0.5,30,,True
stage2,T1_position,6v_sup,medial,P/T,place,stop,pooled,300,0.6731666666666665,0.028002480048897254,0.8971595719416126,,P,T,128,1538,lda,5,10,0,0.5,30,,True
stage2,T1_position,6v_sup,medial,T/K,place,stop,pooled,300,0.5703333333333334,0.03551838334659328,0.3543295731192253,,K,T,128,2308,lda,5,10,0,0.5,30,,True
stage2,T1_position,6v_sup,medial,B/D,place,stop,pooled,78,0.5391129032258065,0.07464879398066622,0.19609416961120696,,B,D,128,1090,lda,5,10,0,0.5,30,,True
stage2,T1_position,6v_sup,medial,D/G,place,stop,pooled,139,0.5824935064935065,0.05572457144784557,0.41621145169250123,,D,G,128,523,lda,5,10,0,0.5,30,,True
stage2,T1_position,6v_sup,medial,F/S,place,fricative,pooled,300,0.6181666666666668,0.03921769725236016,0.6016077509949358,,F,S,128,673,lda,5,10,0,0.5,30,,True
stage2,T1_position,6v_sup,medial,F/TH,place,fricative,pooled,160,0.6721875,0.06063546945682865,0.8914745875653807,,F,TH,128,293,lda,5,10,0,0.5,30,,True
stage2,T1_position,6v_sup,medial,S/SH,place,fricative,pooled,63,0.6116,0.0877911507718526,0.5667913350009626,,S,SH,128,498,lda,5,10,0,0.5,30,,True
stage2,T1_position,6v_sup,medial,M/N,place,nasal,pooled,300,0.6425,0.040112688488529134,0.7300650646722577,,M,N,128,1652,lda,5,10,0,0.5,30,,True
stage2,T1_position,6v_sup,final,P/B,laryngeal,stop,pooled,78,0.48336693548387094,0.06540567755736326,-0.08347194925935195,,B,P,128,78,lda,5,10,0,0.5,30,,True
stage2,T1_position,6v_sup,final,T/D,laryngeal,stop,pooled,300,0.4811666666666667,0.04683926415590521,-0.09454908456732908,,D,T,128,3874,lda,5,10,0,0.5,30,,True
stage2,T1_position,6v_sup,final,K/G,laryngeal,stop,pooled,139,0.6162337662337662,0.0651902130115491,0.591010146160631,,G,K,128,139,lda,5,10,0,0.5,30,,True
stage2,T1_position,6v_sup,final,F/V,laryngeal,fricative,pooled,300,0.6108333333333333,0.04454242671630923,0.5628060186585007,,F,V,128,533,lda,5,10,0,0.5,30,,True
stage2,T1_position,6v_sup,final,CH/JH,laryngeal,affricate,pooled,171,0.6339215686274511,0.05644644714741749,0.6870687891878464,,CH,JH,128,171,lda,5,10,0,0.5,30,,True
stage2,T1_position,6v_sup,final,TH/DH,laryngeal,fricative,pooled,160,0.64125,0.06952405159367513,0.7243019119388716,,DH,TH,128,160,lda,5,10,0,0.5,30,,True
stage2,T1_position,6v_sup,final,P/T,place,stop,pooled,300,0.64,0.041833001326703784,0.7172444055439378,,P,T,128,514,lda,5,10,0,0.5,30,,True
stage2,T1_position,6v_sup,final,T/K,place,stop,pooled,300,0.5181666666666667,0.04047255585922118,0.09120795107391781,,K,T,128,1578,lda,5,10,0,0.5,30,,True
stage2,T1_position,6v_sup,final,B/D,place,stop,pooled,78,0.7192338709677419,0.057960199753477895,1.160463164542388,,B,D,128,78,lda,5,10,0,0.5,30,,True
stage2,T1_position,6v_sup,final,D/G,place,stop,pooled,139,0.6332012987012987,0.05687777246138128,0.6813084935681548,,D,G,128,139,lda,5,10,0,0.5,30,,True
stage2,T1_position,6v_sup,final,F/S,place,fricative,pooled,300,0.5671666666666667,0.04522812546782514,0.3383967340661687,,F,S,128,533,lda,5,10,0,0.5,30,,True
stage2,T1_position,6v_sup,final,F/TH,place,fricative,pooled,160,0.576875,0.05709777797778123,0.38770799695440694,,F,TH,128,160,lda,5,10,0,0.5,30,,True
stage2,T1_position,6v_sup,final,S/SH,place,fricative,pooled,63,0.47929230769230763,0.10050109246072311,-0.10384405636365548,,S,SH,128,63,lda,5,10,0,0.5,30,,True
stage2,T1_position,6v_sup,final,M/N,place,nasal,pooled,300,0.6701666666666667,0.04288518262627418,0.8809583309184706,,M,N,128,1679,lda,5,10,0,0.5,30,,True
stage2,T1_position,6v_inf,initial,P/B,laryngeal,stop,pooled,78,0.6487701612903226,0.08038114292548523,0.7676862819060835,,B,P,128,1705,lda,5,10,0,0.5,30,,True
stage2,T1_position,6v_inf,initial,T/D,laryngeal,stop,pooled,300,0.6793333333333333,0.04117172708438535,0.9338649081419212,,D,T,128,2260,lda,5,10,0,0.5,30,,True
stage2,T1_position,6v_inf,initial,K/G,laryngeal,stop,pooled,139,0.6064350649350649,0.05583855642419976,0.54012920736223,,G,K,128,1517,lda,5,10,0,0.5,30,,True
stage2,T1_position,6v_inf,initial,F/V,laryngeal,fricative,pooled,300,0.6398333333333334,0.04435619711181542,0.7162907231524289,,F,V,128,417,lda,5,10,0,0.5,30,,True
stage2,T1_position,6v_inf,initial,CH/JH,laryngeal,affricate,pooled,171,0.6979624893435635,0.04937563654798244,1.0383254693023918,,CH,JH,128,246,lda,5,10,0,0.5,30,,True
stage2,T1_position,6v_inf,initial,TH/DH,laryngeal,fricative,pooled,160,0.7859375,0.05277920548142043,1.594106560857882,,DH,TH,128,715,lda,5,10,0,0.5,30,,True
stage2,T1_position,6v_inf,initial,P/T,place,stop,pooled,300,0.705,0.039370039370059055,1.0773168051249862,,P,T,128,1705,lda,5,10,0,0.5,30,,True
stage2,T1_position,6v_inf,initial,T/K,place,stop,pooled,300,0.6903333333333334,0.04247090507368283,0.9932328889856686,,K,T,128,2228,lda,5,10,0,0.5,30,,True
stage2,T1_position,6v_inf,initial,B/D,place,stop,pooled,78,0.6056854838709677,0.07850625236074799,0.5363779465061247,,B,D,128,2144,lda,5,10,0,0.5,30,,True
stage2,T1_position,6v_inf,initial,D/G,place,stop,pooled,139,0.5946493506493506,0.05887527517259411,0.4790827088076807,,D,G,128,1517,lda,5,10,0,0.5,30,,True
stage2,T1_position,6v_inf,initial,F/S,place,fricative,pooled,300,0.6038333333333332,0.042302153872140154,0.5266465020611266,,F,S,128,1605,lda,5,10,0,0.5,30,,True
stage2,T1_position,6v_inf,initial,F/TH,place,fricative,pooled,160,0.76,0.05428512687652116,1.420913046242906,,F,TH,128,715,lda,5,10,0,0.5,30,,True
stage2,T1_position,6v_inf,initial,S/SH,place,fricative,pooled,63,0.5588923076923077,0.08800593847633574,0.29505067591363304,,S,SH,128,424,lda,5,10,0,0.5,30,,True
stage2,T1_position,6v_inf,initial,M/N,place,nasal,pooled,300,0.6673333333333333,0.03273801731592458,0.8654893380066249,,M,N,128,1524,lda,5,10,0,0.5,30,,True
stage2,T1_position,6v_inf,medial,P/B,laryngeal,stop,pooled,78,0.5312298387096773,0.07431958362730445,0.15743846403016903,,B,P,128,1090,lda,5,10,0,0.5,30,,True
stage2,T1_position,6v_inf,medial,T/D,laryngeal,stop,pooled,300,0.5568333333333333,0.04115316917727399,0.28579544203341867,,D,T,128,1437,lda,5,10,0,0.5,30,,True
stage2,T1_position,6v_inf,medial,K/G,laryngeal,stop,pooled,139,0.5675324675324676,0.062497967583753054,0.3404757709828622,,G,K,128,523,lda,5,10,0,0.5,30,,True
stage2,T1_position,6v_inf,medial,F/V,laryngeal,fricative,pooled,300,0.6095,0.04068886006431409,0.5563983200571552,,F,V,128,673,lda,5,10,0,0.5,30,,True
stage2,T1_position,6v_inf,medial,CH/JH,laryngeal,affricate,pooled,171,0.5862830349531116,0.052653086858456544,0.4356998451020195,,CH,JH,128,253,lda,5,10,0,0.5,30,,True
stage2,T1_position,6v_inf,medial,TH/DH,laryngeal,fricative,pooled,160,0.80875,0.04856937692620732,1.7662255871002848,,DH,TH,128,292,lda,5,10,0,0.5,30,,True
stage2,T1_position,6v_inf,medial,P/T,place,stop,pooled,300,0.6861666666666666,0.04306358348096709,0.9710951084716637,,P,T,128,1538,lda,5,10,0,0.5,30,,True
stage2,T1_position,6v_inf,medial,T/K,place,stop,pooled,300,0.6193333333333333,0.04158124577258359,0.6072633262566007,,K,T,128,2308,lda,5,10,0,0.5,30,,True
stage2,T1_position,6v_inf,medial,B/D,place,stop,pooled,78,0.5844354838709678,0.08407585860400119,0.42702186441582823,,B,D,128,1090,lda,5,10,0,0.5,30,,True
stage2,T1_position,6v_inf,medial,D/G,place,stop,pooled,139,0.6395000000000001,0.05943479960382388,0.7147125189883086,,D,G,128,523,lda,5,10,0,0.5,30,,True
stage2,T1_position,6v_inf,medial,F/S,place,fricative,pooled,300,0.6133333333333334,0.042459130676189984,0.5762999271070666,,F,S,128,673,lda,5,10,0,0.5,30,,True
stage2,T1_position,6v_inf,medial,F/TH,place,fricative,pooled,160,0.7196875,0.03970226103448014,1.1635567171452532,,F,TH,128,293,lda,5,10,0,0.5,30,,True
stage2,T1_position,6v_inf,medial,S/SH,place,fricative,pooled,63,0.5954153846153847,0.0930439814561216,0.4813058839412634,,S,SH,128,498,lda,5,10,0,0.5,30,,True
stage2,T1_position,6v_inf,medial,M/N,place,nasal,pooled,300,0.6448333333333334,0.04142898877731764,0.7426386350052175,,M,N,128,1652,lda,5,10,0,0.5,30,,True
stage2,T1_position,6v_inf,final,P/B,laryngeal,stop,pooled,78,0.6240524193548387,0.0823058373490761,0.6345051689630774,,B,P,128,78,lda,5,10,0,0.5,30,,True
stage2,T1_position,6v_inf,final,T/D,laryngeal,stop,pooled,300,0.5633333333333335,0.039193253387682814,0.31877761468257526,,D,T,128,3874,lda,5,10,0,0.5,30,,True
stage2,T1_position,6v_inf,final,K/G,laryngeal,stop,pooled,139,0.649525974025974,0.06013632857800933,0.7703251074279631,,G,K,128,139,lda,5,10,0,0.5,30,,True
stage2,T1_position,6v_inf,final,F/V,laryngeal,fricative,pooled,300,0.6688333333333333,0.03187693349255679,0.873110867501518,,F,V,128,533,lda,5,10,0,0.5,30,,True
stage2,T1_position,6v_inf,final,CH/JH,laryngeal,affricate,pooled,171,0.645694799658994,0.03298648921472611,0.7470419976585484,,CH,JH,128,171,lda,5,10,0,0.5,30,,True
stage2,T1_position,6v_inf,final,TH/DH,laryngeal,fricative,pooled,160,0.63375,0.06375,0.6834996500624313,,DH,TH,128,160,lda,5,10,0,0.5,30,,True
stage2,T1_position,6v_inf,final,P/T,place,stop,pooled,300,0.7135000000000001,0.03222705902395274,1.1354604656275256,,P,T,128,514,lda,5,10,0,0.5,30,,True
stage2,T1_position,6v_inf,final,T/K,place,stop,pooled,300,0.7140000000000001,0.03694741007311758,1.1306232147995936,,K,T,128,1578,lda,5,10,0,0.5,30,,True
stage2,T1_position,6v_inf,final,B/D,place,stop,pooled,78,0.7076612903225806,0.06983057251634459,1.0932511238626137,,B,D,128,78,lda,5,10,0,0.5,30,,True
stage2,T1_position,6v_inf,final,D/G,place,stop,pooled,139,0.7381038961038959,0.043259707119646384,1.2799081935417287,,D,G,128,139,lda,5,10,0,0.5,30,,True
stage2,T1_position,6v_inf,final,F/S,place,fricative,pooled,300,0.6941666666666667,0.033551370231995656,1.0151327929863778,,F,S,128,533,lda,5,10,0,0.5,30,,True
stage2,T1_position,6v_inf,final,F/TH,place,fricative,pooled,160,0.6634375,0.042871765548551884,0.8433299751969339,,F,TH,128,160,lda,5,10,0,0.5,30,,True
stage2,T1_position,6v_inf,final,S/SH,place,fricative,pooled,63,0.5714461538461538,0.09237749155906737,0.3595915909215631,,S,SH,128,63,lda,5,10,0,0.5,30,,True
stage2,T1_position,6v_inf,final,M/N,place,nasal,pooled,300,0.6843333333333332,0.033773757070640904,0.9593717058977929,,M,N,128,1679,lda,5,10,0,0.5,30,,True
