window,array,session_set,manner,mean,sd,n_pairs
go_0_500ms,44,audio_0426,affricate,0.5975,,1
go_0_500ms,44,audio_0426,fricative,0.58375,0.10627205653416141,4
go_0_500ms,44,audio_0426,stop,0.5741666666666667,0.1475070619778366,3
go_0_500ms,44,pooled,affricate,0.5891428571428571,,1
go_0_500ms,44,pooled,fricative,0.5406190476190476,0.04238758642566478,4
go_0_500ms,44,pooled,stop,0.5371746031746031,0.026636434109524737,3
go_0_500ms,6v,audio_0426,affricate,0.8125,,1
go_0_500ms,6v,audio_0426,fricative,0.6781250000000001,0.05018196057017567,4
go_0_500ms,6v,audio_0426,stop,0.7316666666666666,0.14011899704655809,3
go_0_500ms,6v,pooled,affricate,0.746095238095238,,1
go_0_500ms,6v,pooled,fricative,0.7066666666666667,0.07035798753286635,4
go_0_500ms,6v,pooled,stop,0.7060634920634922,0.07031644271720607,3
go_0_500ms,6v_inf,audio_0426,affricate,0.8275,,1
go_0_500ms,6v_inf,audio_0426,fricative,0.7375,0.06367233831631018,4
go_0_500ms,6v_inf,audio_0426,stop,0.7425,0.15803480629279104,3
go_0_500ms,6v_inf,pooled,affricate,0.7559047619047619,,1
go_0_500ms,6v_inf,pooled,fricative,0.761095238095238,0.07565943905465478,4
go_0_500ms,6v_inf,pooled,stop,0.7253015873015872,0.06916491405587634,3
go_0_500ms,6v_sup,audio_0426,affricate,0.715,,1
go_0_500ms,6v_sup,audio_0426,fricative,0.5506249999999999,0.06124999999999999,4
go_0_500ms,6v_sup,audio_0426,stop,0.57,0.07750000000000004,3
go_0_500ms,6v_sup,pooled,affricate,0.6194285714285713,,1
go_0_500ms,6v_sup,pooled,fricative,0.5587142857142857,0.10178956550775965,4
go_0_500ms,6v_sup,pooled,stop,0.5821904761904763,0.04980952380952383,3
go_0_500ms,all,audio_0426,affricate,0.71,,1
go_0_500ms,all,audio_0426,fricative,0.649375,0.07306888872837744,4
go_0_500ms,all,audio_0426,stop,0.6891666666666666,0.10846466398478974,3
go_0_500ms,all,pooled,affricate,0.7178095238095239,,1
go_0_500ms,all,pooled,fricative,0.6529285714285714,0.07982912116856683,4
go_0_500ms,all,pooled,stop,0.6677777777777778,0.04641109154059428,3
go_all,44,audio_0426,affricate,0.545,,1
go_all,44,audio_0426,fricative,0.640625,0.12258288012606004,4
go_all,44,audio_0426,stop,0.5633333333333334,0.17625147753517792,3
go_all,44,pooled,affricate,0.5672380952380952,,1
go_all,44,pooled,fricative,0.601047619047619,0.08983959839154139,4
go_all,44,pooled,stop,0.5156190476190475,0.10483897597913545,3
go_all,6v,audio_0426,affricate,0.8375,,1
go_all,6v,audio_0426,fricative,0.8275,0.12404636230055277,4
go_all,6v,audio_0426,stop,0.7508333333333334,0.1066634114086613,3
go_all,6v,pooled,affricate,0.7962857142857142,,1
go_all,6v,pooled,fricative,0.8035952380952381,0.04763836909601852,4
go_all,6v,pooled,stop,0.7016825396825396,0.07858437603759691,3
go_all,6v_inf,audio_0426,affricate,0.9,,1
go_all,6v_inf,audio_0426,fricative,0.8356250000000001,0.09423762076085464,4
go_all,6v_inf,audio_0426,stop,0.7583333333333333,0.1029664184738565,3
go_all,6v_inf,pooled,affricate,0.7774285714285714,,1
go_all,6v_inf,pooled,fricative,0.8361666666666666,0.05105202391561548,4
go_all,6v_inf,pooled,stop,0.7092063492063492,0.08414307722683022,3
go_all,6v_sup,audio_0426,affricate,0.625,,1
go_all,6v_sup,audio_0426,fricative,0.61375,0.09170832386793834,4
go_all,6v_sup,audio_0426,stop,0.5991666666666666,0.0840138877408571,3
go_all,6v_sup,pooled,affricate,0.7346666666666667,,1
go_all,6v_sup,pooled,fricative,0.6233809523809524,0.06561351832395575,4
go_all,6v_sup,pooled,stop,0.5797460317460318,0.018474799489449415,3
go_all,all,audio_0426,affricate,0.7,,1
go_all,all,audio_0426,fricative,0.729375,0.10996921917821667,4
go_all,all,audio_0426,stop,0.6416666666666666,0.17342745841801796,3
go_all,all,pooled,affricate,0.7325714285714287,,1
go_all,all,pooled,fricative,0.6998333333333333,0.09253491915100319,4
go_all,all,pooled,stop,0.6071746031746031,0.11637184647306033,3
onset_0_300ms,44,audio_0426,affricate,0.47,,1
onset_0_300ms,44,audio_0426,fricative,0.605625,0.10840462397886913,4
onset_0_300ms,44,audio_0426,stop,0.6058333333333333,0.09520810539724724,3
onset_0_300ms,44,pooled,affricate,0.5774285714285715,,1
onset_0_300ms,44,pooled,fricative,0.5520714285714285,0.05399948909363308,4
onset_0_300ms,44,pooled,stop,0.567968253968254,0.09044943631167932,3
onset_0_300ms,6v,audio_0426,affricate,0.8325,,1
onset_0_300ms,6v,audio_0426,fricative,0.769375,0.14445839943273173,4
onset_0_300ms,6v,audio_0426,stop,0.73,0.10538619454178999,3
onset_0_300ms,6v,pooled,affricate,0.6461904761904762,,1
onset_0_300ms,6v,pooled,fricative,0.7241666666666666,0.10562505529166172,4
onset_0_300ms,6v,pooled,stop,0.6658412698412698,0.07562134657254665,3
onset_0_300ms,6v_inf,audio_0426,affricate,0.8875,,1
onset_0_300ms,6v_inf,audio_0426,fricative,0.7793749999999999,0.10332745278966289,4
onset_0_300ms,6v_inf,audio_0426,stop,0.7291666666666666,0.07891187067440061,3
onset_0_300ms,6v_inf,pooled,affricate,0.6773333333333333,,1
onset_0_300ms,6v_inf,pooled,fricative,0.732404761904762,0.08967155572573515,4
onset_0_300ms,6v_inf,pooled,stop,0.6985714285714285,0.07277362159464115,3
onset_0_300ms,6v_sup,audio_0426,affricate,0.63,,1
onset_0_300ms,6v_sup,audio_0426,fricative,0.6112500000000001,0.08991894498194841,4
onset_0_300ms,6v_sup,audio_0426,stop,0.6124999999999999,0.01887458608817685,3
onset_0_300ms,6v_sup,pooled,affricate,0.5788571428571428,,1
onset_0_300ms,6v_sup,pooled,fricative,0.6006666666666666,0.05910202306827925,4
onset_0_300ms,6v_sup,pooled,stop,0.5496825396825397,0.08330521067419742,3
onset_0_300ms,all,audio_0426,affricate,0.705,,1
onset_0_300ms,all,audio_0426,fricative,0.70125,0.13494597684505705,4
onset_0_300ms,all,audio_0426,stop,0.6633333333333333,0.11700249285093597,3
onset_0_300ms,all,pooled,affricate,0.646857142857143,,1
onset_0_300ms,all,pooled,fricative,0.6527619047619047,0.057862505467069836,4
onset_0_300ms,all,pooled,stop,0.6515555555555556,0.10561395210059546,3
onset_0_500ms,44,audio_0426,affricate,0.5025,,1
onset_0_500ms,44,audio_0426,fricative,0.64375,0.09042722672587798,4
onset_0_500ms,44,audio_0426,stop,0.5525,0.15716233645501715,3
onset_0_500ms,44,pooled,affricate,0.5584761904761905,,1
onset_0_500ms,44,pooled,fricative,0.5817857142857144,0.049899392356227985,4
onset_0_500ms,44,pooled,stop,0.5466984126984128,0.1017640476336242,3
onset_0_500ms,6v,audio_0426,affricate,0.8525,,1
onset_0_500ms,6v,audio_0426,fricative,0.76125,0.13417184255026587,4
onset_0_500ms,6v,audio_0426,stop,0.7725,0.07378177281686855,3
onset_0_500ms,6v,pooled,affricate,0.6874285714285716,,1
onset_0_500ms,6v,pooled,fricative,0.7505000000000001,0.06246725521663996,4
onset_0_500ms,6v,pooled,stop,0.686984126984127,0.06501751610026975,3
onset_0_500ms,6v_inf,audio_0426,affricate,0.81,,1
onset_0_500ms,6v_inf,audio_0426,fricative,0.77625,0.1014581194385152,4
onset_0_500ms,6v_inf,audio_0426,stop,0.73,0.04763139720814413,3
onset_0_500ms,6v_inf,pooled,affricate,0.7464761904761903,,1
onset_0_500ms,6v_inf,pooled,fricative,0.7609285714285714,0.06444485299737576,4
onset_0_500ms,6v_inf,pooled,stop,0.7157777777777777,0.07318254958058056,3
onset_0_500ms,6v_sup,audio_0426,affricate,0.665,,1
onset_0_500ms,6v_sup,audio_0426,fricative,0.61,0.08413778382312352,4
onset_0_500ms,6v_sup,audio_0426,stop,0.6266666666666666,0.027651100038395052,3
onset_0_500ms,6v_sup,pooled,affricate,0.6055238095238095,,1
onset_0_500ms,6v_sup,pooled,fricative,0.6110714285714286,0.07162843466851163,4
onset_0_500ms,6v_sup,pooled,stop,0.5711428571428572,0.056208794431375,3
onset_0_500ms,all,audio_0426,affricate,0.6675,,1
onset_0_500ms,all,audio_0426,fricative,0.7262500000000001,0.09777738320627453,4
onset_0_500ms,all,audio_0426,stop,0.6699999999999999,0.13939601859450654,3
onset_0_500ms,all,pooled,affricate,0.6539047619047619,,1
onset_0_500ms,all,pooled,fricative,0.687047619047619,0.06346150058053678,4
onset_0_500ms,all,pooled,stop,0.6247936507936509,0.08200637845516544,3
go_0_500ms,44,audio_0426,ALL_laryngeal,0.581875,0.10544760039266626,8
go_0_500ms,44,pooled,ALL_laryngeal,0.5453928571428571,0.03589062813895318,8
go_0_500ms,6v,audio_0426,ALL_laryngeal,0.715,0.09456668093391639,8
go_0_500ms,6v,pooled,ALL_laryngeal,0.7113690476190476,0.06108348861840343,8
go_0_500ms,6v_inf,audio_0426,ALL_laryngeal,0.750625,0.09921792392794472,8
go_0_500ms,6v_inf,pooled,ALL_laryngeal,0.7470238095238095,0.06439507452890143,8
go_0_500ms,6v_sup,audio_0426,ALL_laryngeal,0.5784374999999999,0.08037787430985861,8
go_0_500ms,6v_sup,pooled,ALL_laryngeal,0.5751071428571428,0.07486667882519907,8
go_0_500ms,all,audio_0426,ALL_laryngeal,0.671875,0.07921207970649789,8
go_0_500ms,all,pooled,ALL_laryngeal,0.6666071428571428,0.06187574280589297,8
go_all,44,audio_0426,ALL_laryngeal,0.5996875,0.13140339675431312,8
go_all,44,pooled,ALL_laryngeal,0.5647857142857142,0.09158421771375441,8
go_all,6v,audio_0426,ALL_laryngeal,0.8,0.10730463976122241,8
go_all,6v,pooled,ALL_laryngeal,0.7644642857142857,0.07379646033177463,8
go_all,6v_inf,audio_0426,ALL_laryngeal,0.8146875,0.09739864237100175,8
go_all,6v_inf,pooled,ALL_laryngeal,0.7812142857142856,0.08420032186096515,8
go_all,6v_sup,audio_0426,ALL_laryngeal,0.6096875,0.07557443705191783,8
go_all,6v_sup,pooled,ALL_laryngeal,0.6209285714285715,0.0672378013521935,8
go_all,all,audio_0426,ALL_laryngeal,0.6928125,0.12517443186552574,8
go_all,all,pooled,ALL_laryngeal,0.6691785714285714,0.10147760863091894,8
onset_0_300ms,44,audio_0426,ALL_laryngeal,0.58875,0.09964221709983892,8
onset_0_300ms,44,pooled,ALL_laryngeal,0.561202380952381,0.06076201005471442,8
onset_0_300ms,6v,audio_0426,ALL_laryngeal,0.7625,0.11531014080048888,8
onset_0_300ms,6v,pooled,ALL_laryngeal,0.6925476190476191,0.08717376872661094,8
onset_0_300ms,6v_inf,audio_0426,ALL_laryngeal,0.7740625,0.09525283554084583,8
onset_0_300ms,6v_inf,pooled,ALL_laryngeal,0.7128333333333334,0.07379274331961296,8
onset_0_300ms,6v_sup,audio_0426,ALL_laryngeal,0.6140625,0.060073429769622065,8
onset_0_300ms,6v_sup,pooled,ALL_laryngeal,0.5788214285714285,0.06415911823130818,8
onset_0_300ms,all,audio_0426,ALL_laryngeal,0.6875,0.11008113890606845,8
onset_0_300ms,all,pooled,ALL_laryngeal,0.6515714285714286,0.06801335641232324,8
onset_0_500ms,44,audio_0426,ALL_laryngeal,0.591875,0.11791908545390657,8
onset_0_500ms,44,pooled,ALL_laryngeal,0.5657142857142857,0.06584836956628758,8
onset_0_500ms,6v,audio_0426,ALL_laryngeal,0.776875,0.10116950062713,8
onset_0_500ms,6v,pooled,ALL_laryngeal,0.7187976190476191,0.06347272140190552,8
onset_0_500ms,6v_inf,audio_0426,ALL_laryngeal,0.763125,0.07708703337323157,8
onset_0_500ms,6v_inf,pooled,ALL_laryngeal,0.7421904761904762,0.06174430276974702,8
onset_0_500ms,6v_sup,audio_0426,ALL_laryngeal,0.623125,0.06005577764521436,8
onset_0_500ms,6v_sup,pooled,ALL_laryngeal,0.5954047619047619,0.0592342179976627,8
onset_0_500ms,all,audio_0426,ALL_laryngeal,0.6978125,0.10282993501755354,8
onset_0_500ms,all,pooled,ALL_laryngeal,0.6595595238095239,0.06783649882896521,8
