stage,test,array,position,pair,contrast,manner,partitions,n_per_class,acc,acc_sd,dprime,p_perm,class_a,class_b,n_features_in,n_available_min_class,clf,n_splits,n_repeats,n_perm,chance,n_cv_groups,n_features_used,bacc,n_folds_used,n_test_min,n_test_mean,skipped,subpos_mix,n_matched_across_positions,cv_group_col,max_per_word
stage2,T1_position,6v,initial,P/B,laryngeal,stop,pooled,300,0.6668333333333333,0.04458107470914336,0.8647866104137405,,B,P,256,1497,lda,5,10,0,0.5,569,30,0.6668333333333333,50,120,120.0,,initial,True,trial,0
stage2,T1_position,6v,initial,T/D,laryngeal,stop,pooled,300,0.7051211658217007,0.031302091119781286,1.0782430373049812,,D,T,256,1955,lda,5,10,0,0.5,576,30,0.7051612948041123,50,119,120.0,,initial,True,trial,0
stage2,T1_position,6v,initial,K/G,laryngeal,stop,pooled,300,0.6594999999999999,0.04232841178740875,0.8220648649821929,,G,K,256,1251,lda,5,10,0,0.5,580,30,0.6594999999999999,50,120,120.0,,initial,True,trial,0
stage2,T1_position,6v,initial,F/V,laryngeal,fricative,pooled,300,0.6745805264254463,0.04310855266997794,0.9044518832859869,,F,V,256,388,lda,5,10,0,0.5,572,30,0.6746782439566545,50,119,120.0,,initial,True,trial,0
stage2,T1_position,6v,initial,TH/DH,laryngeal,fricative,pooled,300,0.7908302544158158,0.03218442365818949,1.632428312595729,,DH,TH,256,589,lda,5,10,0,0.5,581,30,0.7908143002685933,50,119,120.0,,initial,True,trial,0
stage2,T1_position,6v,initial,P/T,place,stop,pooled,300,0.7770001736231681,0.03511778211399951,1.5244959648059373,,P,T,256,1497,lda,5,10,0,0.5,578,30,0.7769981476336018,50,119,120.0,,initial,True,trial,0
stage2,T1_position,6v,initial,T/K,place,stop,pooled,300,0.7258291663772947,0.045556993105664786,1.202418171174746,,K,T,256,1883,lda,5,10,0,0.5,581,30,0.7257884597573401,50,119,120.0,,initial,True,trial,0
stage2,T1_position,6v,initial,B/D,place,stop,pooled,300,0.6814546496284464,0.03551745040561271,0.9434568941583119,,B,D,256,1865,lda,5,10,0,0.5,580,30,0.6814349356302675,50,119,120.0,,initial,True,trial,0
stage2,T1_position,6v,initial,D/G,place,stop,pooled,300,0.6361666666666668,0.03780836180294278,0.6962566862223165,,D,G,256,1251,lda,5,10,0,0.5,580,30,0.6361666666666668,50,120,120.0,,initial,True,trial,0
stage2,T1_position,6v,noninitial,P/B,laryngeal,stop,pooled,299,0.5869603907678775,0.04118320846900313,0.43939773409141103,,B,P,256,299,lda,5,10,0,0.5,564,30,0.5869065944243771,50,119,119.6,,final:19;medial:280,True,trial,0
stage2,T1_position,6v,noninitial,T/D,laryngeal,stop,pooled,299,0.5369453781512605,0.03955914792054007,0.18547650905179108,,D,T,256,299,lda,5,10,0,0.5,571,30,0.537,50,119,119.6,,final:215;medial:84,True,trial,0
stage2,T1_position,6v,noninitial,K/G,laryngeal,stop,pooled,299,0.5630192837465565,0.04001309604864873,0.3173660175352198,,G,K,256,299,lda,5,10,0,0.5,564,30,0.5630449198851533,50,119,119.6,,final:60;medial:239,True,trial,0
stage2,T1_position,6v,noninitial,F/V,laryngeal,fricative,pooled,299,0.6137036136768758,0.03351439244838074,0.5778175125538019,,F,V,256,299,lda,5,10,0,0.5,582,30,0.6137783180513104,50,119,119.6,,final:123;medial:176,True,trial,0
stage2,T1_position,6v,noninitial,TH/DH,laryngeal,fricative,pooled,299,0.6758472000370395,0.04133360148734672,0.9155217612308029,,DH,TH,256,299,lda,5,10,0,0.5,576,30,0.6759331295730294,50,119,119.6,,final:113;medial:186,True,trial,0
stage2,T1_position,6v,noninitial,P/T,place,stop,pooled,299,0.6835018519804616,0.03722096763040258,0.9559064486029725,,P,T,256,299,lda,5,10,0,0.5,574,30,0.683466379549875,50,119,119.6,,final:70;medial:229,True,trial,0
stage2,T1_position,6v,noninitial,T/K,place,stop,pooled,299,0.6313841807909604,0.039949685470734755,0.6725445947673216,,K,T,256,299,lda,5,10,0,0.5,577,30,0.6313841807909604,50,118,119.6,,final:118;medial:181,True,trial,0
stage2,T1_position,6v,noninitial,B/D,place,stop,pooled,299,0.7232538949464081,0.035677453255150114,1.1852299107622635,,B,D,256,299,lda,5,10,0,0.5,566,30,0.7232494211355006,50,119,119.6,,final:19;medial:280,True,trial,0
stage2,T1_position,6v,noninitial,D/G,place,stop,pooled,299,0.6650235780262519,0.04418093997218775,0.8523080540263828,,D,G,256,299,lda,5,10,0,0.5,575,30,0.6650184773548209,50,119,119.6,,final:60;medial:239,True,trial,0
