phoneme,series,d2_cv,d2_cv_sd,dist_cv,n_reps,n_trials,array,position,baseline
B,voiced,2.2569973294251313,0.008905767259539265,1.5023306325257204,300,10,6v,initial,position_mean_LOO
D,voiced,1.426363599582005,0.015405661635093928,1.1943046510761,300,8,6v,initial,position_mean_LOO
DH,voiced,2.394441876060454,0.007258898191914532,1.5473984218876708,300,22,6v,initial,position_mean_LOO
F,voiceless,1.8906245565497017,0.018590919536375462,1.3749998387453366,300,11,6v,initial,position_mean_LOO
K,voiceless,1.6541064277692596,0.009371337453825339,1.2861206894258639,300,10,6v,initial,position_mean_LOO
S,voiceless,1.4304945855156537,0.00999229327540556,1.1960328530252227,300,12,6v,initial,position_mean_LOO
T,voiceless,1.294457761227386,0.01563906066357427,1.1377423966906508,300,13,6v,initial,position_mean_LOO
D,voiced,0.5497714973664881,0.011869654359711672,0.7414657762611084,300,15,6v,final,position_mean_LOO
T,voiceless,1.3219179139594868,0.007985433812129529,1.1497468912588922,300,34,6v,final,position_mean_LOO
V,voiced,1.898667958461198,0.016823738795141974,1.377921608242355,300,13,6v,final,position_mean_LOO
Z,voiced,0.5656076349740151,0.01188300066893558,0.7520689030760513,300,10,6v,final,position_mean_LOO
B,voiced,-0.011926330192357646,0.009886085290224842,-0.10920773870178636,300,10,44,initial,position_mean_LOO
D,voiced,0.019127538456232145,0.010843378690210072,0.13830234436274805,300,8,44,initial,position_mean_LOO
DH,voiced,-0.00022246843559726716,0.00520961921903446,-0.014915375811466071,300,22,44,initial,position_mean_LOO
F,voiceless,-0.0004882776160949539,0.009261971673781861,-0.022097004686041814,300,11,44,initial,position_mean_LOO
K,voiceless,0.014094348774195454,0.009443400019873401,0.11871962253223119,300,10,44,initial,position_mean_LOO
S,voiceless,-0.015178885580814438,0.008412278774650787,-0.12320262002414736,300,12,44,initial,position_mean_LOO
T,voiceless,-0.007887366382402304,0.0077889957611674806,-0.08881084608538703,300,13,44,initial,position_mean_LOO
D,voiced,-0.008814179050198776,0.0095737204021588,-0.09388385936996187,300,15,44,final,position_mean_LOO
T,voiceless,0.002109310675236514,0.005254741327020193,0.04592723239251974,300,34,44,final,position_mean_LOO
V,voiced,0.009769480112355339,0.01007232392453324,0.09884068045271309,300,13,44,final,position_mean_LOO
Z,voiced,-0.007308337420074225,0.009673263144791527,-0.08548881459041426,300,10,44,final,position_mean_LOO
B,voiced,1.1225354996163868,0.007422088656179582,1.059497758193186,300,10,all,initial,position_mean_LOO
D,voiced,0.7227455690191185,0.007506820514409129,0.8501444400918696,300,8,all,initial,position_mean_LOO
DH,voiced,1.1971097038124283,0.004396711215800008,1.09412508599905,300,22,all,initial,position_mean_LOO
F,voiceless,0.9450681394668036,0.010072595384679526,0.9721461512894054,300,11,all,initial,position_mean_LOO
K,voiceless,0.8341003882717274,0.006696515139446741,0.9132909658327555,300,10,all,initial,position_mean_LOO
S,voiceless,0.7076578499674195,0.006665922615711013,0.8412240188959297,300,12,all,initial,position_mean_LOO
T,voiceless,0.6432851974224921,0.008859014096022227,0.8020506202369599,300,13,all,initial,position_mean_LOO
D,voiced,0.2704786591581447,0.007682215779275814,0.5200756283062539,300,15,all,final,position_mean_LOO
T,voiceless,0.6620136123173617,0.004552048605582478,0.8136421893666538,300,34,all,final,position_mean_LOO
V,voiced,0.9542187192867766,0.00999721801268107,0.9768411945074679,300,13,all,final,position_mean_LOO
Z,voiced,0.27914964877697046,0.007945088361943714,0.5283461448491609,300,10,all,final,position_mean_LOO
