stage,test,array,position,pair,contrast,manner,partitions,n_per_class,acc,acc_sd,dprime,p_perm,class_a,class_b,n_features_in,n_available_min_class,clf,n_splits,n_repeats,n_perm,chance,n_features_used,acc_for_perm,acc_perm_mean,acc_perm_p95,skipped,n_matched_across_positions
stage2,T1_position,6v,initial,P/B,laryngeal,stop,pooled,300,0.6686666666666666,0.041785164831552354,0.8748284989085644,0.009900990099009901,B,P,256,1705,lda,5,10,100,0.5,30,0.6725,0.4966083333333332,0.5317083333333332,,True
stage2,T1_position,6v,initial,T/D,laryngeal,stop,pooled,300,0.6713333333333334,0.029019150764815826,0.8874830971141537,0.009900990099009901,D,T,256,2260,lda,5,10,100,0.5,30,0.6591666666666667,0.49669166666666664,0.5416666666666666,,True
stage2,T1_position,6v,initial,K/G,laryngeal,stop,pooled,300,0.6505,0.0466491038380041,0.7731050290360102,0.009900990099009901,G,K,256,1517,lda,5,10,100,0.5,30,0.6575,0.5009416666666667,0.5343749999999999,,True
stage2,T1_position,6v,initial,P/T,place,stop,pooled,300,0.7325,0.04184130070211064,1.2403964851344673,0.009900990099009901,P,T,256,1705,lda,5,10,100,0.5,30,0.7275,0.5029833333333333,0.5391666666666667,,True
stage2,T1_position,6v,initial,T/K,place,stop,pooled,300,0.7123333333333334,0.03493008890786153,1.123114063871005,0.009900990099009901,K,T,256,2228,lda,5,10,100,0.5,30,0.7058333333333333,0.50135,0.5308333333333334,,True
stage2,T1_position,6v,initial,B/D,place,stop,pooled,300,0.6396666666666667,0.04526342649179112,0.7149427309532213,0.009900990099009901,B,D,256,2144,lda,5,10,100,0.5,30,0.6366666666666667,0.5010916666666667,0.5350833333333332,,True
stage2,T1_position,6v,initial,D/G,place,stop,pooled,300,0.6343333333333334,0.0341418609139377,0.6871144736148677,0.009900990099009901,D,G,256,1517,lda,5,10,100,0.5,30,0.6325000000000001,0.4977749999999999,0.5287083333333333,,True
stage2,T1_position,6v,noninitial,P/B,laryngeal,stop,pooled,300,0.6545000000000001,0.04213767119019908,0.7947272225304205,0.009900990099009901,B,P,256,1168,lda,5,10,100,0.5,30,0.6475,0.49928333333333336,0.5267916666666667,,True
stage2,T1_position,6v,noninitial,T/D,laryngeal,stop,pooled,300,0.5414999999999999,0.043540849274624344,0.20847180994663803,0.04950495049504951,D,T,256,5311,lda,5,10,100,0.5,30,0.5375,0.5037583333333333,0.5358333333333333,,True
stage2,T1_position,6v,noninitial,K/G,laryngeal,stop,pooled,300,0.6024999999999999,0.044604745636908784,0.5196272122280047,0.009900990099009901,G,K,256,662,lda,5,10,100,0.5,30,0.6083333333333334,0.4942249999999999,0.528375,,True
stage2,T1_position,6v,noninitial,P/T,place,stop,pooled,300,0.7258333333333333,0.043405388810351386,1.2091763415444716,0.009900990099009901,P,T,256,2052,lda,5,10,100,0.5,30,0.7275,0.499975,0.5433749999999999,,True
stage2,T1_position,6v,noninitial,T/K,place,stop,pooled,300,0.6766666666666667,0.037006005518624194,0.920515480667933,0.009900990099009901,K,T,256,3886,lda,5,10,100,0.5,30,0.6716666666666666,0.4993333333333333,0.5259583333333333,,True
stage2,T1_position,6v,noninitial,B/D,place,stop,pooled,300,0.7445,0.02923135683170083,1.3144798005039338,0.009900990099009901,B,D,256,1168,lda,5,10,100,0.5,30,0.7508333333333332,0.4956916666666666,0.5325,,True
stage2,T1_position,6v,noninitial,D/G,place,stop,pooled,300,0.752,0.03706450833044705,1.36157344167263,0.009900990099009901,D,G,256,662,lda,5,10,100,0.5,30,0.7466666666666667,0.5037333333333333,0.5417083333333333,,True
