phoneme,series,d2_cv,d2_cv_sd,dist_cv,n_reps,n_trials,array,window,baseline
B,voiced,0.010683211039537963,0.00033852221846246904,0.10335961996610651,400,36,6v,go_all,paired_obstruents_LOO
CH,voiceless,0.0018269312272657773,0.00027669923815922415,0.04274261605547533,400,36,6v,go_all,paired_obstruents_LOO
D,voiced,0.0013232009400480343,0.00029897791005254555,0.036375829063377156,400,36,6v,go_all,paired_obstruents_LOO
DH,voiced,0.007961077112527009,0.000244751598111217,0.08922486824045754,400,36,6v,go_all,paired_obstruents_LOO
F,voiceless,0.005344622048762455,0.0004024499843045831,0.07310692203042374,400,36,6v,go_all,paired_obstruents_LOO
G,voiced,0.00454054539046415,0.00018537144957664567,0.06738356914310899,400,36,6v,go_all,paired_obstruents_LOO
JH,voiced,0.003342865499547395,0.00022385582693481887,0.057817518967415014,400,36,6v,go_all,paired_obstruents_LOO
K,voiceless,0.007240429910487687,0.00017836586400241444,0.08509071577139123,400,36,6v,go_all,paired_obstruents_LOO
P,voiceless,0.009746999919194914,0.0003801465826745002,0.09872689562219059,400,36,6v,go_all,paired_obstruents_LOO
S,voiceless,0.0019626640687641704,0.00027330263220027895,0.044301964615174466,400,36,6v,go_all,paired_obstruents_LOO
SH,voiceless,0.002542322725068774,0.00025765390385862466,0.050421451040889076,400,36,6v,go_all,paired_obstruents_LOO
T,voiceless,0.0021955605880986657,0.00032161449652995096,0.04685680941014513,400,36,6v,go_all,paired_obstruents_LOO
TH,voiceless,0.003364209308045128,0.0003437077877179129,0.05800180435163313,400,36,6v,go_all,paired_obstruents_LOO
V,voiced,0.009371189785462405,0.0005022578125814929,0.09680490579233268,400,36,6v,go_all,paired_obstruents_LOO
Z,voiced,0.0011400377947300671,0.0004444972633260099,0.033764445719277954,400,36,6v,go_all,paired_obstruents_LOO
ZH,voiced,0.004584914185483884,0.0005235939766527051,0.06771199439895331,400,36,6v,go_all,paired_obstruents_LOO
B,voiced,-0.00021212504453771831,0.0005960124773362956,-0.01456451319261026,400,36,44,go_all,paired_obstruents_LOO
CH,voiceless,0.003588464703112132,0.0009327760643355117,0.05990379539822274,400,36,44,go_all,paired_obstruents_LOO
D,voiced,5.994486979601728e-05,0.0007018741161656109,0.007742407235221955,400,36,44,go_all,paired_obstruents_LOO
DH,voiced,0.0006297473184908892,0.0009024984561359841,0.02509476675506049,400,36,44,go_all,paired_obstruents_LOO
F,voiceless,-0.0007830072451352322,0.0006429276902613441,-0.027982266618971956,400,36,44,go_all,paired_obstruents_LOO
G,voiced,0.00022898909097058537,0.000594811968147837,0.015132385501651264,400,36,44,go_all,paired_obstruents_LOO
JH,voiced,0.00046641190568931734,0.000554164707011593,0.021596571618877784,400,36,44,go_all,paired_obstruents_LOO
K,voiceless,0.00017234911428921286,0.0006464288437178859,0.013128180159078138,400,36,44,go_all,paired_obstruents_LOO
P,voiceless,0.002745615384105256,0.0004940471668565163,0.05239862005917003,400,36,44,go_all,paired_obstruents_LOO
S,voiceless,-9.228930512601687e-05,0.0007433001437718604,-0.009606732281375227,400,36,44,go_all,paired_obstruents_LOO
SH,voiceless,-0.00026245012920698377,0.000719672321948116,-0.01620031262682865,400,36,44,go_all,paired_obstruents_LOO
T,voiceless,0.000365055862828806,0.000593982061466132,0.01910643511565687,400,36,44,go_all,paired_obstruents_LOO
TH,voiceless,0.00041086842721538264,0.000677915079360156,0.020269889669541435,400,36,44,go_all,paired_obstruents_LOO
V,voiced,0.002266860743387271,0.0008236198867885733,0.047611561026574954,400,36,44,go_all,paired_obstruents_LOO
Z,voiced,0.0014851657929049681,0.0006155211637766149,0.038537848835981596,400,36,44,go_all,paired_obstruents_LOO
ZH,voiced,0.0015702094657718368,0.0006437341098503252,0.03962586864375135,400,36,44,go_all,paired_obstruents_LOO
B,voiced,0.005235542997500123,0.0003616751579852354,0.0723570521614868,400,36,all,go_all,paired_obstruents_LOO
CH,voiceless,0.002707697965188954,0.0004886735536894352,0.05203554520891421,400,36,all,go_all,paired_obstruents_LOO
D,voiced,0.0006915729049220258,0.0004016778554470462,0.026297773763610213,400,36,all,go_all,paired_obstruents_LOO
DH,voiced,0.004295412215508949,0.0004986422291011345,0.06553939437856403,400,36,all,go_all,paired_obstruents_LOO
F,voiceless,0.0022808074018136116,0.00037640713496629133,0.047757799382023576,400,36,all,go_all,paired_obstruents_LOO
G,voiced,0.0023847672407173674,0.00032159008073821534,0.04883407868197543,400,36,all,go_all,paired_obstruents_LOO
JH,voiced,0.0019046387026183558,0.0003116582492005072,0.043642166566502584,400,36,all,go_all,paired_obstruents_LOO
K,voiceless,0.0037063895123884503,0.0003449818829105018,0.06088012411607298,400,36,all,go_all,paired_obstruents_LOO
P,voiceless,0.006246307651650085,0.0003731061913433589,0.07903358559277243,400,36,all,go_all,paired_obstruents_LOO
S,voiceless,0.0009351873818190769,0.0004014237980141432,0.030580833569722667,400,36,all,go_all,paired_obstruents_LOO
SH,voiceless,0.001139936297930895,0.000387641907575039,0.03376294267286095,400,36,all,go_all,paired_obstruents_LOO
T,voiceless,0.001280308225463736,0.00035556863501402184,0.035781394962518386,400,36,all,go_all,paired_obstruents_LOO
TH,voiceless,0.0018875388676302552,0.00041888283654502653,0.04344581530631293,400,36,all,go_all,paired_obstruents_LOO
V,voiced,0.005819025264424838,0.000577949017066999,0.0762825357760532,400,36,all,go_all,paired_obstruents_LOO
Z,voiced,0.0013126017938175178,0.0004395001602737578,0.036229846726387314,400,36,all,go_all,paired_obstruents_LOO
ZH,voiced,0.0030775618256278603,0.0004892766857739012,0.05547577692676201,400,36,all,go_all,paired_obstruents_LOO
