stage,test,array,position,pair,contrast,manner,partitions,n_per_class,acc,acc_sd,dprime,p_perm,class_a,class_b,n_features_in,n_available_min_class,clf,n_splits,n_repeats,n_perm,chance,n_cv_groups,n_features_used,bacc,n_folds_used,n_test_min,n_test_mean,acc_for_perm,acc_perm_mean,acc_perm_p95,skipped,subpos_mix,n_matched_across_positions,cv_group_col,max_per_word,run
stage2,T1_position,6v,initial,P/B,laryngeal,stop,held_out,80,0.7078396871945258,0.0779199808370666,1.1011030936499082,0.0049751243781094,B,P,256,129,lda,5,10,200,0.5,148,30,0.7075294117647059,50,31,32.0,0.715902981427175,0.4985974767839687,0.5780872739491691,,initial,True,trial,0,main_heldout_trialcv_bal
stage2,T1_position,6v,initial,T/D,laryngeal,stop,held_out,182,0.7531395326833683,0.0486941305348449,1.36813699177481,0.0049751243781094,D,T,256,182,lda,5,10,200,0.5,306,30,0.7531835783151574,50,72,72.8,0.7484686741536056,0.4984145306903266,0.5397316323172487,,initial,True,trial,0,main_heldout_trialcv_bal
stage2,T1_position,6v,initial,K/G,laryngeal,stop,held_out,37,0.6730476190476192,0.1295084374631617,0.9109746880128328,0.0049751243781094,G,K,256,130,lda,5,10,200,0.5,73,30,0.6758928571428571,50,14,14.8,0.6966666666666665,0.4977499999999999,0.6077648809523809,,initial,True,trial,0,main_heldout_trialcv_bal
stage2,T1_position,6v,initial,F/V,laryngeal,fricative,held_out,15,0.6466666666666667,0.1720465053408525,0.7475675121941864,0.0348258706467661,F,V,256,15,lda,5,10,200,0.5,30,23,0.6466666666666666,50,6,6.0,0.6833333333333333,0.49625,0.6666666666666666,,initial,True,trial,0,main_heldout_trialcv_bal
stage2,T1_position,6v,initial,TH/DH,laryngeal,fricative,held_out,30,0.736958041958042,0.1116550049637208,1.2669690067250758,0.0049751243781094,DH,TH,256,60,lda,5,10,200,0.5,57,30,0.7390476190476192,50,11,12.0,0.7431818181818183,0.5035005827505828,0.6110052447552446,,initial,True,trial,0,main_heldout_trialcv_bal
stage2,T1_position,6v,initial,P/T,place,stop,held_out,129,0.7881257292467058,0.0589851880845781,1.602342741799961,0.0049751243781094,P,T,256,129,lda,5,10,200,0.5,235,30,0.7881623931623932,50,51,51.6,0.7890641452517146,0.5041804016904294,0.554485294117647,,initial,True,trial,0,main_heldout_trialcv_bal
stage2,T1_position,6v,initial,T/K,place,stop,held_out,186,0.7655393077287814,0.0442965129829875,1.4507642653404502,0.0049751243781094,K,T,256,186,lda,5,10,200,0.5,319,30,0.7655405405405404,50,74,74.4,0.7634860123281175,0.4977463874653313,0.5416983388218788,,initial,True,trial,0,main_heldout_trialcv_bal
stage2,T1_position,6v,initial,B/D,place,stop,held_out,80,0.6343682795698925,0.0603979419128653,0.6860806983648122,0.0149253731343283,B,D,256,179,lda,5,10,200,0.5,145,30,0.6346029411764706,50,31,32.0,0.6246639784946236,0.5026970460654937,0.5813775354349952,,initial,True,trial,0,main_heldout_trialcv_bal
stage2,T1_position,6v,initial,D/G,place,stop,held_out,37,0.644047619047619,0.0939812906550941,0.7429907700350085,0.0099502487562189,D,G,256,130,lda,5,10,200,0.5,69,30,0.6428571428571429,50,14,14.8,0.6773809523809524,0.496535119047619,0.6017261904761904,,initial,True,trial,0,main_heldout_trialcv_bal
stage2,T1_position,6v,noninitial,P/B,laryngeal,stop,held_out,80,0.6354734848484848,0.0698045133287512,0.690100427309424,0.0049751243781094,B,P,256,80,lda,5,10,200,0.5,149,30,0.6357009803921568,50,31,32.0,0.6483412756598241,0.4978068433385084,0.5600349767839686,,final:3;medial:77,True,trial,0,main_heldout_trialcv_bal
stage2,T1_position,6v,noninitial,T/D,laryngeal,stop,held_out,181,0.5422072072072072,0.0564866062233214,0.2124716931062214,0.1044776119402985,D,T,256,181,lda,5,10,200,0.5,302,30,0.5422072072072072,50,72,72.4,0.5361486486486486,0.5004340475315177,0.5525373651675987,,final:146;medial:35,True,trial,0,main_heldout_trialcv_bal
stage2,T1_position,6v,noninitial,K/G,laryngeal,stop,held_out,37,0.5126666666666666,0.1101003870933033,0.0679749891720296,0.5223880597014925,G,K,256,37,lda,5,10,200,0.5,72,30,0.5144642857142856,50,14,14.8,0.5057142857142857,0.5084619047619047,0.6071071428571427,,final:8;medial:29,True,trial,0,main_heldout_trialcv_bal
stage2,T1_position,6v,noninitial,F/V,laryngeal,fricative,held_out,14,0.4233333333333333,0.1714318782749838,-0.3936964120831245,0.8258706467661692,F,V,256,14,lda,5,10,200,0.5,27,22,0.4266666666666666,50,5,5.6,0.3899999999999999,0.4968738095238095,0.683547619047619,,final:7;medial:7,True,trial,0,main_heldout_trialcv_bal
stage2,T1_position,6v,noninitial,TH/DH,laryngeal,fricative,held_out,30,0.6038111888111888,0.1524458153241062,0.5176148280758894,0.0248756218905472,DH,TH,256,30,lda,5,10,200,0.5,59,30,0.6032857142857142,50,11,12.0,0.6337995337995339,0.5033956876456877,0.6166666666666666,,final:11;medial:19,True,trial,0,main_heldout_trialcv_bal
stage2,T1_position,6v,noninitial,P/T,place,stop,held_out,128,0.6764705882352942,0.0509418893043164,0.921117220033517,0.0049751243781094,P,T,256,128,lda,5,10,200,0.5,219,30,0.6764039886039888,50,51,51.2,0.6756033182503771,0.5028492471328154,0.5605843891402715,,final:34;medial:94,True,trial,0,main_heldout_trialcv_bal
stage2,T1_position,6v,noninitial,T/K,place,stop,held_out,185,0.6310810810810811,0.0529791777943585,0.6705482915208522,0.0049751243781094,K,T,256,185,lda,5,10,200,0.5,303,30,0.6310810810810811,50,74,74.0,0.6337837837837837,0.4994415451717037,0.544924361347649,,final:87;medial:98,True,trial,0,main_heldout_trialcv_bal
stage2,T1_position,6v,noninitial,B/D,place,stop,held_out,80,0.6626893939393941,0.081924353454926,0.8420812097325107,0.0049751243781094,B,D,256,80,lda,5,10,200,0.5,139,30,0.662845588235294,50,31,32.0,0.6653684017595308,0.499674945913116,0.5714801747311828,,final:3;medial:77,True,trial,0,main_heldout_trialcv_bal
stage2,T1_position,6v,noninitial,D/G,place,stop,held_out,37,0.7016190476190477,0.1042745047247931,1.0534631822130422,0.0049751243781094,D,G,256,37,lda,5,10,200,0.5,72,30,0.702857142857143,50,14,14.8,0.7116071428571429,0.4974738095238095,0.6099940476190475,,final:8;medial:29,True,trial,0,main_heldout_trialcv_bal
stage2,T1_position,6v,initial,T/D,laryngeal,stop,held_out,78,0.722125,0.069576958290802,1.1748082098390331,,D,T,256,182,lda,5,10,0,0.5,146,30,0.722125,50,30,31.2,,,,,,True,trial,0,main3_heldout_trialcv
stage2,T1_position,6v,initial,F/V,laryngeal,fricative,held_out,15,0.6466666666666667,0.1720465053408525,0.7475675121941864,,F,V,256,15,lda,5,10,0,0.5,30,23,0.6466666666666666,50,6,6.0,,,,,,True,trial,0,main3_heldout_trialcv
stage2,T1_position,6v,initial,P/T,place,stop,held_out,48,0.8027894736842104,0.0850035195621342,1.7159576000553272,,P,T,256,129,lda,5,10,0,0.5,93,30,0.8023333333333333,50,19,19.2,,,,,,True,trial,0,main3_heldout_trialcv
stage2,T1_position,6v,initial,T/K,place,stop,held_out,158,0.8076718509984641,0.0417484852554681,1.754909188831463,,K,T,256,186,lda,5,10,0,0.5,281,30,0.8077822580645162,50,62,63.2,,,,,,True,trial,0,main3_heldout_trialcv
stage2,T1_position,6v,medial,T/D,laryngeal,stop,held_out,78,0.5245000000000001,0.0808843910913732,0.1220472093533644,,D,T,256,78,lda,5,10,0,0.5,145,30,0.5245000000000001,50,30,31.2,,,,,,True,trial,0,main3_heldout_trialcv
stage2,T1_position,6v,medial,F/V,laryngeal,fricative,held_out,15,0.6633333333333334,0.1649579070887816,0.8372666535963134,,F,V,256,52,lda,5,10,0,0.5,30,23,0.6633333333333333,50,6,6.0,,,,,,True,trial,0,main3_heldout_trialcv
stage2,T1_position,6v,medial,P/T,place,stop,held_out,48,0.689888888888889,0.0940363076715256,0.9915121755584952,,P,T,256,131,lda,5,10,0,0.5,91,30,0.689888888888889,50,18,19.2,,,,,,True,trial,0,main3_heldout_trialcv
stage2,T1_position,6v,medial,T/K,place,stop,held_out,158,0.6197511840757809,0.0569943811560244,0.6087587531730845,,K,T,256,179,lda,5,10,0,0.5,265,30,0.6197803641251222,50,62,63.2,,,,,,True,trial,0,main3_heldout_trialcv
stage2,T1_position,6v,final,T/D,laryngeal,stop,held_out,78,0.5147983870967742,0.0695092289442828,0.0739156932253585,,D,T,256,319,lda,5,10,0,0.5,141,30,0.5147916666666666,50,31,31.2,,,,,,True,trial,0,main3_heldout_trialcv
stage2,T1_position,6v,final,F/V,laryngeal,fricative,held_out,15,0.6234285714285714,0.1914684630313851,0.6348722827892658,,F,V,256,49,lda,5,10,0,0.5,29,23,0.6299999999999999,50,5,6.0,,,,,,True,trial,0,main3_heldout_trialcv
stage2,T1_position,6v,final,P/T,place,stop,held_out,48,0.7258947368421051,0.0898095245089337,1.2053496374826678,,P,T,256,48,lda,5,10,0,0.5,93,30,0.7255555555555557,50,19,19.2,,,,,,True,trial,0,main3_heldout_trialcv
stage2,T1_position,6v,final,T/K,place,stop,held_out,158,0.7056323604710699,0.0535921658852024,1.084156229133888,,K,T,256,158,lda,5,10,0,0.5,270,30,0.7055080034213097,50,62,63.2,,,,,,True,trial,0,main3_heldout_trialcv
stage2,T1_position,6v,initial,P/B,laryngeal,stop,held_out,80,0.7078396871945258,0.0779199808370666,1.1011030936499082,,B,P,256,129,lda,5,10,0,0.5,148,30,0.7075294117647059,50,31,32.0,,,,,,True,trial,0,heldout_trialcv_nobal
stage2,T1_position,6v,initial,T/D,laryngeal,stop,held_out,182,0.7531395326833683,0.0486941305348449,1.36813699177481,,D,T,256,182,lda,5,10,0,0.5,306,30,0.7531835783151574,50,72,72.8,,,,,,True,trial,0,heldout_trialcv_nobal
stage2,T1_position,6v,initial,K/G,laryngeal,stop,held_out,37,0.6730476190476192,0.1295084374631617,0.9109746880128328,,G,K,256,130,lda,5,10,0,0.5,73,30,0.6758928571428571,50,14,14.8,,,,,,True,trial,0,heldout_trialcv_nobal
stage2,T1_position,6v,initial,F/V,laryngeal,fricative,held_out,15,0.6466666666666667,0.1720465053408525,0.7475675121941864,,F,V,256,15,lda,5,10,0,0.5,30,23,0.6466666666666666,50,6,6.0,,,,,,True,trial,0,heldout_trialcv_nobal
stage2,T1_position,6v,initial,TH/DH,laryngeal,fricative,held_out,33,0.7453479853479854,0.0954032872796595,1.3179878489847838,,DH,TH,256,60,lda,5,10,0,0.5,63,30,0.7452380952380954,50,12,13.2,,,,,,True,trial,0,heldout_trialcv_nobal
stage2,T1_position,6v,initial,P/T,place,stop,held_out,129,0.7881257292467058,0.0589851880845781,1.602342741799961,,P,T,256,129,lda,5,10,0,0.5,235,30,0.7881623931623932,50,51,51.6,,,,,,True,trial,0,heldout_trialcv_nobal
stage2,T1_position,6v,initial,T/K,place,stop,held_out,186,0.7655393077287814,0.0442965129829875,1.4507642653404502,,K,T,256,186,lda,5,10,0,0.5,319,30,0.7655405405405404,50,74,74.4,,,,,,True,trial,0,heldout_trialcv_nobal
stage2,T1_position,6v,initial,B/D,place,stop,held_out,80,0.6343682795698925,0.0603979419128653,0.6860806983648122,,B,D,256,179,lda,5,10,0,0.5,145,30,0.6346029411764706,50,31,32.0,,,,,,True,trial,0,heldout_trialcv_nobal
stage2,T1_position,6v,initial,D/G,place,stop,held_out,37,0.644047619047619,0.0939812906550941,0.7429907700350085,,D,G,256,130,lda,5,10,0,0.5,69,30,0.6428571428571429,50,14,14.8,,,,,,True,trial,0,heldout_trialcv_nobal
stage2,T1_position,6v,noninitial,P/B,laryngeal,stop,held_out,80,0.6525965298142719,0.0684381750858729,0.783144846054129,,B,P,256,80,lda,5,10,0,0.5,147,30,0.6525931372549019,50,31,32.0,,,,,,True,trial,0,heldout_trialcv_nobal
stage2,T1_position,6v,noninitial,T/D,laryngeal,stop,held_out,182,0.5381756756756757,0.0547120265530645,0.1925437336165032,,D,T,256,397,lda,5,10,0,0.5,301,30,0.5381756756756757,50,72,72.8,,,,,,True,trial,0,heldout_trialcv_nobal
stage2,T1_position,6v,noninitial,K/G,laryngeal,stop,held_out,37,0.5696428571428571,0.0873906021660154,0.3601967208736307,,G,K,256,37,lda,5,10,0,0.5,71,30,0.5696428571428571,50,14,14.8,,,,,,True,trial,0,heldout_trialcv_nobal
stage2,T1_position,6v,noninitial,F/V,laryngeal,fricative,held_out,15,0.5487380952380951,0.1944458971439093,0.2350323679326157,,F,V,256,101,lda,5,10,0,0.5,28,23,0.5531666666666666,50,5,6.0,,,,,,True,trial,0,heldout_trialcv_nobal
stage2,T1_position,6v,noninitial,TH/DH,laryngeal,fricative,held_out,33,0.6086813186813188,0.1247061029947596,0.5550908871472235,,DH,TH,256,33,lda,5,10,0,0.5,65,30,0.6097619047619047,50,13,13.2,,,,,,True,trial,0,heldout_trialcv_nobal
stage2,T1_position,6v,noninitial,P/T,place,stop,held_out,129,0.7165610859728507,0.0497422337225203,1.14940916699054,,P,T,256,179,lda,5,10,0,0.5,229,30,0.7167538461538463,50,51,51.6,,,,,,True,trial,0,heldout_trialcv_nobal
stage2,T1_position,6v,noninitial,T/K,place,stop,held_out,186,0.6537259780328273,0.0523079612254015,0.7917042465855653,,K,T,256,337,lda,5,10,0,0.5,300,30,0.6538007744586691,50,73,74.4,,,,,,True,trial,0,heldout_trialcv_nobal
stage2,T1_position,6v,noninitial,B/D,place,stop,held_out,80,0.7431555474095798,0.0634599431246907,1.3041392255123712,,B,D,256,80,lda,5,10,0,0.5,143,30,0.7431274509803923,50,31,32.0,,,,,,True,trial,0,heldout_trialcv_nobal
stage2,T1_position,6v,noninitial,D/G,place,stop,held_out,37,0.7601666666666667,0.0952519216154119,1.412268243239624,,D,G,256,37,lda,5,10,0,0.5,71,30,0.7617857142857142,50,14,14.8,,,,,,True,trial,0,heldout_trialcv_nobal
stage2,T1_position,6v,initial,P/B,laryngeal,stop,test,55,0.6154281949934124,0.09494164349721,0.592953541841957,,B,P,256,107,lda,5,10,0,0.5,102,30,0.6161969696969697,50,21,22.0,,,,,initial,True,trial,0,test_trialcv_bal
stage2,T1_position,6v,initial,T/D,laryngeal,stop,test,140,0.751847282783762,0.0549446335106061,1.3592089522864037,,D,T,256,140,lda,5,10,0,0.5,233,30,0.7519459952563399,50,55,56.0,,,,,initial,True,trial,0,test_trialcv_bal
stage2,T1_position,6v,initial,K/G,laryngeal,stop,test,30,0.5607342657342658,0.1285426416594281,0.3127616675652361,,G,K,256,106,lda,5,10,0,0.5,58,30,0.5632857142857143,50,11,12.0,,,,,initial,True,trial,0,test_trialcv_bal
stage2,T1_position,6v,initial,F/V,laryngeal,fricative,test,14,0.6579999999999999,0.1718927314086058,0.8421485294425364,,F,V,256,14,lda,5,10,0,0.5,28,22,0.6649999999999998,50,5,5.6,,,,,initial,True,trial,0,test_trialcv_bal
stage2,T1_position,6v,initial,TH/DH,laryngeal,fricative,test,23,0.6093333333333334,0.1708852766559418,0.5495316195180897,,DH,TH,256,43,lda,5,10,0,0.5,44,30,0.6054999999999999,50,9,9.2,,,,,initial,True,trial,0,test_trialcv_bal
stage2,T1_position,6v,initial,P/T,place,stop,test,107,0.7846413408863778,0.0592049854380297,1.5767447430945667,,P,T,256,107,lda,5,10,0,0.5,194,30,0.7850433841520799,50,41,42.8,,,,,initial,True,trial,0,test_trialcv_bal
stage2,T1_position,6v,initial,T/K,place,stop,test,148,0.7734531463082018,0.0501270371433762,1.502113134756688,,K,T,256,148,lda,5,10,0,0.5,256,30,0.7733793103448277,50,58,59.2,,,,,initial,True,trial,0,test_trialcv_bal
stage2,T1_position,6v,initial,B/D,place,stop,test,55,0.5702616224355355,0.1039699036440407,0.3525163932190021,,B,D,256,140,lda,5,10,0,0.5,103,30,0.5706969696969696,50,21,22.0,,,,,initial,True,trial,0,test_trialcv_bal
stage2,T1_position,6v,initial,D/G,place,stop,test,30,0.5433699633699635,0.131958331663896,0.2086148492157938,,D,G,256,106,lda,5,10,0,0.5,55,30,0.5446190476190477,50,11,12.0,,,,,initial,True,trial,0,test_trialcv_bal
stage2,T1_position,6v,noninitial,P/B,laryngeal,stop,test,55,0.5654545454545454,0.0914348433504011,0.3293066359882048,,B,P,256,55,lda,5,10,0,0.5,103,30,0.5654545454545454,50,22,22.0,,,,,final:3;medial:52,True,trial,0,test_trialcv_bal
stage2,T1_position,6v,noninitial,T/D,laryngeal,stop,test,139,0.5415862383230805,0.0583380210509293,0.2103165772801349,,D,T,256,139,lda,5,10,0,0.5,238,30,0.5415088487502281,50,55,55.6,,,,,final:113;medial:26,True,trial,0,test_trialcv_bal
stage2,T1_position,6v,noninitial,K/G,laryngeal,stop,test,30,0.5583216783216784,0.1198802137214269,0.2941376533807855,,G,K,256,30,lda,5,10,0,0.5,57,30,0.5602380952380952,50,11,12.0,,,,,final:8;medial:22,True,trial,0,test_trialcv_bal
stage2,T1_position,6v,noninitial,F/V,laryngeal,fricative,test,13,0.6506666666666666,0.1791634883439021,0.76940285235308,,F,V,256,13,lda,5,10,0,0.5,26,20,0.6533333333333334,50,5,5.2,,,,,final:6;medial:7,True,trial,0,test_trialcv_bal
stage2,T1_position,6v,noninitial,TH/DH,laryngeal,fricative,test,23,0.672222222222222,0.1438835262835967,0.898939756538272,,DH,TH,256,23,lda,5,10,0,0.5,45,30,0.6764999999999999,50,9,9.2,,,,,final:8;medial:15,True,trial,0,test_trialcv_bal
stage2,T1_position,6v,noninitial,P/T,place,stop,test,106,0.705036076673059,0.0657141054795702,1.0750142623099848,,P,T,256,106,lda,5,10,0,0.5,182,30,0.7050833333333333,50,41,42.4,,,,,final:29;medial:77,True,trial,0,test_trialcv_bal
stage2,T1_position,6v,noninitial,T/K,place,stop,test,147,0.62551392947594,0.0622787115266499,0.6401381755580602,,K,T,256,147,lda,5,10,0,0.5,241,30,0.6256436781609195,50,58,58.8,,,,,final:69;medial:78,True,trial,0,test_trialcv_bal
stage2,T1_position,6v,noninitial,B/D,place,stop,test,55,0.5737831733483908,0.1092914568683167,0.3765354687848553,,B,D,256,55,lda,5,10,0,0.5,95,30,0.5747878787878787,50,21,22.0,,,,,final:3;medial:52,True,trial,0,test_trialcv_bal
stage2,T1_position,6v,noninitial,D/G,place,stop,test,30,0.6683333333333333,0.100678255403593,0.8695990159374818,,D,G,256,30,lda,5,10,0,0.5,57,30,0.6683333333333333,50,12,12.0,,,,,final:8;medial:22,True,trial,0,test_trialcv_bal
stage2,T1_position,6v,initial,P/B,laryngeal,stop,pooled,300,0.6668333333333333,0.0445810747091433,0.8647866104137405,,B,P,256,1497,lda,5,10,0,0.5,569,30,0.6668333333333333,50,120,120.0,,,,,initial,True,trial,0,pooled_trialcv_bal
stage2,T1_position,6v,initial,T/D,laryngeal,stop,pooled,300,0.7051211658217007,0.0313020911197812,1.0782430373049812,,D,T,256,1955,lda,5,10,0,0.5,576,30,0.7051612948041123,50,119,120.0,,,,,initial,True,trial,0,pooled_trialcv_bal
stage2,T1_position,6v,initial,K/G,laryngeal,stop,pooled,300,0.6594999999999999,0.0423284117874087,0.8220648649821929,,G,K,256,1251,lda,5,10,0,0.5,580,30,0.6594999999999999,50,120,120.0,,,,,initial,True,trial,0,pooled_trialcv_bal
stage2,T1_position,6v,initial,F/V,laryngeal,fricative,pooled,300,0.6745805264254463,0.0431085526699779,0.9044518832859868,,F,V,256,388,lda,5,10,0,0.5,572,30,0.6746782439566545,50,119,120.0,,,,,initial,True,trial,0,pooled_trialcv_bal
stage2,T1_position,6v,initial,TH/DH,laryngeal,fricative,pooled,300,0.7908302544158158,0.0321844236581894,1.632428312595729,,DH,TH,256,589,lda,5,10,0,0.5,581,30,0.7908143002685933,50,119,120.0,,,,,initial,True,trial,0,pooled_trialcv_bal
stage2,T1_position,6v,initial,P/T,place,stop,pooled,300,0.7770001736231681,0.0351177821139995,1.5244959648059373,,P,T,256,1497,lda,5,10,0,0.5,578,30,0.7769981476336018,50,119,120.0,,,,,initial,True,trial,0,pooled_trialcv_bal
stage2,T1_position,6v,initial,T/K,place,stop,pooled,300,0.7258291663772947,0.0455569931056647,1.202418171174746,,K,T,256,1883,lda,5,10,0,0.5,581,30,0.7257884597573401,50,119,120.0,,,,,initial,True,trial,0,pooled_trialcv_bal
stage2,T1_position,6v,initial,B/D,place,stop,pooled,300,0.6814546496284464,0.0355174504056127,0.943456894158312,,B,D,256,1865,lda,5,10,0,0.5,580,30,0.6814349356302675,50,119,120.0,,,,,initial,True,trial,0,pooled_trialcv_bal
stage2,T1_position,6v,initial,D/G,place,stop,pooled,300,0.6361666666666668,0.0378083618029427,0.6962566862223165,,D,G,256,1251,lda,5,10,0,0.5,580,30,0.6361666666666668,50,120,120.0,,,,,initial,True,trial,0,pooled_trialcv_bal
stage2,T1_position,6v,noninitial,P/B,laryngeal,stop,pooled,299,0.5869603907678775,0.0411832084690031,0.439397734091411,,B,P,256,299,lda,5,10,0,0.5,564,30,0.5869065944243771,50,119,119.6,,,,,final:19;medial:280,True,trial,0,pooled_trialcv_bal
stage2,T1_position,6v,noninitial,T/D,laryngeal,stop,pooled,299,0.5369453781512605,0.03955914792054,0.185476509051791,,D,T,256,299,lda,5,10,0,0.5,571,30,0.537,50,119,119.6,,,,,final:215;medial:84,True,trial,0,pooled_trialcv_bal
stage2,T1_position,6v,noninitial,K/G,laryngeal,stop,pooled,299,0.5630192837465565,0.0400130960486487,0.3173660175352198,,G,K,256,299,lda,5,10,0,0.5,564,30,0.5630449198851533,50,119,119.6,,,,,final:60;medial:239,True,trial,0,pooled_trialcv_bal
stage2,T1_position,6v,noninitial,F/V,laryngeal,fricative,pooled,299,0.6137036136768758,0.0335143924483807,0.5778175125538019,,F,V,256,299,lda,5,10,0,0.5,582,30,0.6137783180513104,50,119,119.6,,,,,final:123;medial:176,True,trial,0,pooled_trialcv_bal
stage2,T1_position,6v,noninitial,TH/DH,laryngeal,fricative,pooled,299,0.6758472000370395,0.0413336014873467,0.9155217612308028,,DH,TH,256,299,lda,5,10,0,0.5,576,30,0.6759331295730294,50,119,119.6,,,,,final:113;medial:186,True,trial,0,pooled_trialcv_bal
stage2,T1_position,6v,noninitial,P/T,place,stop,pooled,299,0.6835018519804616,0.0372209676304025,0.9559064486029724,,P,T,256,299,lda,5,10,0,0.5,574,30,0.683466379549875,50,119,119.6,,,,,final:70;medial:229,True,trial,0,pooled_trialcv_bal
stage2,T1_position,6v,noninitial,T/K,place,stop,pooled,299,0.6313841807909604,0.0399496854707347,0.6725445947673216,,K,T,256,299,lda,5,10,0,0.5,577,30,0.6313841807909604,50,118,119.6,,,,,final:118;medial:181,True,trial,0,pooled_trialcv_bal
stage2,T1_position,6v,noninitial,B/D,place,stop,pooled,299,0.7232538949464081,0.0356774532551501,1.1852299107622637,,B,D,256,299,lda,5,10,0,0.5,566,30,0.7232494211355006,50,119,119.6,,,,,final:19;medial:280,True,trial,0,pooled_trialcv_bal
stage2,T1_position,6v,noninitial,D/G,place,stop,pooled,299,0.6650235780262519,0.0441809399721877,0.8523080540263828,,D,G,256,299,lda,5,10,0,0.5,575,30,0.6650184773548209,50,119,119.6,,,,,final:60;medial:239,True,trial,0,pooled_trialcv_bal
stage2,T1_position,6v,initial,P/B,laryngeal,stop,pooled,67,0.6357285307285307,0.072543850645992,0.6899688753086768,,B,P,256,1497,lda,5,10,0,0.5,133,30,0.6358241758241757,50,26,26.8,,,,,,True,trial,0,pooled3_trialcv
stage2,T1_position,6v,initial,T/D,laryngeal,stop,pooled,300,0.7051211658217007,0.0313020911197812,1.0782430373049812,,D,T,256,1955,lda,5,10,0,0.5,576,30,0.7051612948041123,50,119,120.0,,,,,,True,trial,0,pooled3_trialcv
stage2,T1_position,6v,initial,K/G,laryngeal,stop,pooled,123,0.592726530612245,0.0624141127154412,0.4686637179688274,,G,K,256,1251,lda,5,10,0,0.5,243,30,0.59255,50,49,49.2,,,,,,True,trial,0,pooled3_trialcv
stage2,T1_position,6v,initial,F/V,laryngeal,fricative,pooled,300,0.6745805264254463,0.0431085526699779,0.9044518832859868,,F,V,256,388,lda,5,10,0,0.5,572,30,0.6746782439566545,50,119,120.0,,,,,,True,trial,0,pooled3_trialcv
stage2,T1_position,6v,initial,TH/DH,laryngeal,fricative,pooled,147,0.786109682446912,0.0433840722098236,1.60257219773586,,DH,TH,256,589,lda,5,10,0,0.5,288,30,0.7861609195402299,50,58,58.8,,,,,,True,trial,0,pooled3_trialcv
stage2,T1_position,6v,initial,P/T,place,stop,pooled,300,0.7770001736231681,0.0351177821139995,1.5244959648059373,,P,T,256,1497,lda,5,10,0,0.5,578,30,0.7769981476336018,50,119,120.0,,,,,,True,trial,0,pooled3_trialcv
stage2,T1_position,6v,initial,T/K,place,stop,pooled,300,0.7258291663772947,0.0455569931056647,1.202418171174746,,K,T,256,1883,lda,5,10,0,0.5,581,30,0.7257884597573401,50,119,120.0,,,,,,True,trial,0,pooled3_trialcv
stage2,T1_position,6v,initial,B/D,place,stop,pooled,67,0.5716910866910867,0.0842308756244688,0.365473179313414,,B,D,256,1865,lda,5,10,0,0.5,133,30,0.571923076923077,50,26,26.8,,,,,,True,trial,0,pooled3_trialcv
stage2,T1_position,6v,initial,D/G,place,stop,pooled,123,0.6236952380952381,0.0536542407164193,0.6303819928639771,,D,G,256,1251,lda,5,10,0,0.5,244,30,0.6237666666666667,50,48,49.2,,,,,,True,trial,0,pooled3_trialcv
stage2,T1_position,6v,medial,P/B,laryngeal,stop,pooled,67,0.6004680504680505,0.1010344736567773,0.5141927693349173,,B,P,256,941,lda,5,10,0,0.5,133,30,0.6003846153846155,50,26,26.8,,,,,,True,trial,0,pooled3_trialcv
stage2,T1_position,6v,medial,T/D,laryngeal,stop,pooled,300,0.5304870824362803,0.0405317531458741,0.1530273032476678,,D,T,256,1312,lda,5,10,0,0.5,578,30,0.5304830045382977,50,119,120.0,,,,,,True,trial,0,pooled3_trialcv
stage2,T1_position,6v,medial,K/G,laryngeal,stop,pooled,123,0.5747591836734695,0.0574020570328581,0.3771236403220555,,G,K,256,484,lda,5,10,0,0.5,239,30,0.5749333333333333,50,49,49.2,,,,,,True,trial,0,pooled3_trialcv
stage2,T1_position,6v,medial,F/V,laryngeal,fricative,pooled,300,0.5964093918559159,0.0469048930550996,0.4877544066474026,,F,V,256,624,lda,5,10,0,0.5,577,30,0.5963791330925257,50,119,120.0,,,,,,True,trial,0,pooled3_trialcv
stage2,T1_position,6v,medial,TH/DH,laryngeal,fricative,pooled,147,0.7683744398986947,0.0540944080572402,1.4698706884360946,,DH,TH,256,242,lda,5,10,0,0.5,292,30,0.7684482758620689,50,58,58.8,,,,,,True,trial,0,pooled3_trialcv
stage2,T1_position,6v,medial,P/T,place,stop,pooled,300,0.6696666666666666,0.0403374653530822,0.8783291761253624,,P,T,256,1343,lda,5,10,0,0.5,580,30,0.6696666666666666,50,120,120.0,,,,,,True,trial,0,pooled3_trialcv
stage2,T1_position,6v,medial,T/K,place,stop,pooled,300,0.6111029122392758,0.0417828950349113,0.5646786824485828,,K,T,256,1973,lda,5,10,0,0.5,582,30,0.6111663888117068,50,119,120.0,,,,,,True,trial,0,pooled3_trialcv
stage2,T1_position,6v,medial,B/D,place,stop,pooled,67,0.6731339031339032,0.0697425248508166,0.904689839633974,,B,D,256,941,lda,5,10,0,0.5,134,30,0.6745054945054946,50,26,26.8,,,,,,True,trial,0,pooled3_trialcv
stage2,T1_position,6v,medial,D/G,place,stop,pooled,123,0.6249683673469386,0.0509143721263759,0.6359789320517739,,D,G,256,484,lda,5,10,0,0.5,242,30,0.6249666666666667,50,48,49.2,,,,,,True,trial,0,pooled3_trialcv
stage2,T1_position,6v,final,P/B,laryngeal,stop,pooled,67,0.5762678062678063,0.0871339517599518,0.3854082472975885,,B,P,256,67,lda,5,10,0,0.5,134,30,0.5764285714285714,50,26,26.8,,,,,,True,trial,0,pooled3_trialcv
stage2,T1_position,6v,final,T/D,laryngeal,stop,pooled,300,0.5717065305461029,0.0399013797481084,0.3617924266660034,,D,T,256,3356,lda,5,10,0,0.5,577,30,0.5717330276928777,50,119,120.0,,,,,,True,trial,0,pooled3_trialcv
stage2,T1_position,6v,final,K/G,laryngeal,stop,pooled,123,0.5921738095238096,0.0631699128752008,0.4669408513918492,,G,K,256,123,lda,5,10,0,0.5,238,30,0.5922166666666667,50,48,49.2,,,,,,True,trial,0,pooled3_trialcv
stage2,T1_position,6v,final,F/V,laryngeal,fricative,pooled,300,0.6418206472671713,0.0363543694373524,0.7269255085153503,,F,V,256,438,lda,5,10,0,0.5,583,30,0.6418159673983515,50,119,120.0,,,,,,True,trial,0,pooled3_trialcv
stage2,T1_position,6v,final,TH/DH,laryngeal,fricative,pooled,147,0.6581248782388468,0.0506911558462363,0.815096977362507,,DH,TH,256,147,lda,5,10,0,0.5,285,30,0.6580459770114944,50,58,58.8,,,,,,True,trial,0,pooled3_trialcv
stage2,T1_position,6v,final,P/T,place,stop,pooled,300,0.7736819455054749,0.035777848892271,1.502475987368693,,P,T,256,414,lda,5,10,0,0.5,575,30,0.7737453459294248,50,119,120.0,,,,,,True,trial,0,pooled3_trialcv
stage2,T1_position,6v,final,T/K,place,stop,pooled,300,0.6993333333333334,0.0334514573673554,1.04693955125575,,K,T,256,1290,lda,5,10,0,0.5,582,30,0.6993333333333334,50,120,120.0,,,,,,True,trial,0,pooled3_trialcv
stage2,T1_position,6v,final,B/D,place,stop,pooled,67,0.7446174196174195,0.0673462524724021,1.3149156412677696,,B,D,256,67,lda,5,10,0,0.5,132,30,0.7451098901098899,50,26,26.8,,,,,,True,trial,0,pooled3_trialcv
stage2,T1_position,6v,final,D/G,place,stop,pooled,123,0.7622530612244899,0.0554434316288879,1.4259277860577186,,D,G,256,123,lda,5,10,0,0.5,241,30,0.7622999999999999,50,49,49.2,,,,,,True,trial,0,pooled3_trialcv
stage2,T1_position,6v,initial,P/B,laryngeal,stop,held_out,80,0.7280496838272634,0.0804626389655082,1.2288259971860729,,B,P,256,129,lda,5,10,0,0.5,25,30,0.7286379962916341,50,26,32.0,,,,,initial,True,block,0,heldout_blockcv_bal
stage2,T1_position,6v,initial,T/D,laryngeal,stop,held_out,182,0.7375456164564613,0.0520997514195612,1.2649038006584168,,D,T,256,182,lda,5,10,0,0.5,25,30,0.7385692845506288,50,60,72.8,,,,,initial,True,block,0,heldout_blockcv_bal
stage2,T1_position,6v,initial,K/G,laryngeal,stop,held_out,37,0.6693974897651367,0.1215556276944597,0.8796858784625281,,G,K,256,130,lda,5,10,0,0.5,23,30,0.6762380952380951,50,12,14.8,,,,,initial,True,block,0,heldout_blockcv_bal
stage2,T1_position,6v,initial,F/V,laryngeal,fricative,held_out,15,0.6728253968253968,0.1608255393879515,0.9492729530317192,,F,V,256,15,lda,5,10,0,0.5,15,23,0.6835000000000001,50,5,6.0,,,,,initial,True,block,0,heldout_blockcv_bal
stage2,T1_position,6v,initial,TH/DH,laryngeal,fricative,held_out,30,0.7633569763569763,0.1245442290726469,1.4325277905170068,,DH,TH,256,60,lda,5,10,0,0.5,22,30,0.7640873015873016,50,10,12.0,,,,,initial,True,block,0,heldout_blockcv_bal
stage2,T1_position,6v,initial,P/T,place,stop,held_out,129,0.7755463505865157,0.0440600791058647,1.516602612711688,,P,T,256,129,lda,5,10,0,0.5,25,30,0.7783545410280778,50,46,51.6,,,,,initial,True,block,0,heldout_blockcv_bal
stage2,T1_position,6v,initial,T/K,place,stop,held_out,186,0.7402197008983782,0.0434327110766256,1.2915357938536798,,K,T,256,186,lda,5,10,0,0.5,25,30,0.7411365108698763,50,67,74.4,,,,,initial,True,block,0,heldout_blockcv_bal
stage2,T1_position,6v,initial,B/D,place,stop,held_out,80,0.6116920688101984,0.0702482346733397,0.5716317672091775,,B,D,256,179,lda,5,10,0,0.5,25,30,0.6118885513781025,50,28,32.0,,,,,initial,True,block,0,heldout_blockcv_bal
stage2,T1_position,6v,initial,D/G,place,stop,held_out,37,0.5968645047762695,0.1010134030060732,0.4914077508549884,,D,G,256,130,lda,5,10,0,0.5,22,30,0.5972777777777778,50,12,14.8,,,,,initial,True,block,0,heldout_blockcv_bal
stage2,T1_position,6v,noninitial,P/B,laryngeal,stop,held_out,80,0.6234114114943469,0.0783282554476708,0.6201587343578094,,B,P,256,80,lda,5,10,0,0.5,24,30,0.6218804179566563,50,28,32.0,,,,,final:3;medial:77,True,block,0,heldout_blockcv_bal
stage2,T1_position,6v,noninitial,T/D,laryngeal,stop,held_out,181,0.5284121072234362,0.055066662536273,0.1401531725812995,,D,T,256,181,lda,5,10,0,0.5,25,30,0.5295453342778916,50,64,72.4,,,,,final:146;medial:35,True,block,0,heldout_blockcv_bal
stage2,T1_position,6v,noninitial,K/G,laryngeal,stop,held_out,37,0.5207314695108812,0.1112114377543832,0.1085131573593406,,G,K,256,37,lda,5,10,0,0.5,25,30,0.5257539682539683,50,13,14.8,,,,,final:8;medial:29,True,block,0,heldout_blockcv_bal
stage2,T1_position,6v,noninitial,F/V,laryngeal,fricative,held_out,14,0.4319999999999999,0.1742867941678748,-0.3232619118683962,,F,V,256,14,lda,5,10,0,0.5,15,22,0.437,50,4,5.6,,,,,final:7;medial:7,True,block,0,heldout_blockcv_bal
stage2,T1_position,6v,noninitial,TH/DH,laryngeal,fricative,held_out,30,0.6177455877455877,0.112458629675547,0.5972459234694454,,DH,TH,256,30,lda,5,10,0,0.5,23,30,0.6172142857142857,50,10,12.0,,,,,final:11;medial:19,True,block,0,heldout_blockcv_bal
stage2,T1_position,6v,noninitial,P/T,place,stop,held_out,128,0.6716432256363671,0.0510691013281265,0.8933068498177703,,P,T,256,128,lda,5,10,0,0.5,25,30,0.6717209646906542,50,45,51.2,,,,,final:34;medial:94,True,block,0,heldout_blockcv_bal
stage2,T1_position,6v,noninitial,T/K,place,stop,held_out,185,0.6286349080421255,0.0514044631056351,0.6622279049329255,,K,T,256,185,lda,5,10,0,0.5,25,30,0.6298781516941729,50,66,74.0,,,,,final:87;medial:98,True,block,0,heldout_blockcv_bal
stage2,T1_position,6v,noninitial,B/D,place,stop,held_out,80,0.662802400497243,0.0824158519772724,0.8344175578164315,,B,D,256,80,lda,5,10,0,0.5,25,30,0.6660326348488113,50,28,32.0,,,,,final:3;medial:77,True,block,0,heldout_blockcv_bal
stage2,T1_position,6v,noninitial,D/G,place,stop,held_out,37,0.7190178122531062,0.0940121844914792,1.1566904290404112,,D,G,256,37,lda,5,10,0,0.5,22,30,0.7253246753246753,50,13,14.8,,,,,final:8;medial:29,True,block,0,heldout_blockcv_bal
stage2,T1_position,6v,initial,P/B,laryngeal,stop,held_out,80,0.7233905258527602,0.0686260448370619,1.1960316721319129,,B,P,256,129,lda,5,10,0,0.5,20,30,0.7234579586220452,50,28,32.0,,,,,initial,True,session,0,heldout_sessioncv_bal
stage2,T1_position,6v,initial,T/D,laryngeal,stop,held_out,182,0.7416655925097011,0.049637814527382,1.2768798390984308,,D,T,256,182,lda,5,10,0,0.5,20,30,0.7437054858783995,50,54,72.8,,,,,initial,True,session,0,heldout_sessioncv_bal
stage2,T1_position,6v,initial,K/G,laryngeal,stop,held_out,37,0.677014798153343,0.1142896689672387,0.9762314040722326,,G,K,256,130,lda,5,10,0,0.5,18,30,0.689481240981241,50,11,14.8,,,,,initial,True,session,0,heldout_sessioncv_bal
stage2,T1_position,6v,initial,F/V,laryngeal,fricative,held_out,15,0.6222222222222222,0.141970262926979,0.689661816776947,,F,V,256,15,lda,5,10,0,0.5,14,23,0.6368333333333333,50,4,6.0,,,,,initial,True,session,0,heldout_sessioncv_bal
stage2,T1_position,6v,initial,TH/DH,laryngeal,fricative,held_out,30,0.6777271010200071,0.1226241030958433,0.978074364474198,,DH,TH,256,60,lda,5,10,0,0.5,18,30,0.6808080808080806,50,8,12.0,,,,,initial,True,session,0,heldout_sessioncv_bal
stage2,T1_position,6v,initial,P/T,place,stop,held_out,129,0.7646359493210056,0.0513353168914703,1.4547751354111569,,P,T,256,129,lda,5,10,0,0.5,20,30,0.7690770115371179,50,43,51.6,,,,,initial,True,session,0,heldout_sessioncv_bal
stage2,T1_position,6v,initial,T/K,place,stop,held_out,186,0.74295359520707,0.0355648309313268,1.3012942298527608,,K,T,256,186,lda,5,10,0,0.5,20,30,0.7445438691036251,50,56,74.4,,,,,initial,True,session,0,heldout_sessioncv_bal
stage2,T1_position,6v,initial,B/D,place,stop,held_out,80,0.6174053646975358,0.0619074034187315,0.5972305490089943,,B,D,256,179,lda,5,10,0,0.5,20,30,0.6181302536472815,50,28,32.0,,,,,initial,True,session,0,heldout_sessioncv_bal
stage2,T1_position,6v,initial,D/G,place,stop,held_out,37,0.5588994001354682,0.1071102566485197,0.2725109982193462,,D,G,256,130,lda,5,10,0,0.5,18,30,0.5710491452991452,50,11,14.8,,,,,initial,True,session,0,heldout_sessioncv_bal
stage2,T1_position,6v,noninitial,P/B,laryngeal,stop,held_out,80,0.6280742046894013,0.0797547719367608,0.6043506005283212,,B,P,256,80,lda,5,10,0,0.5,19,30,0.6319058198232296,50,22,32.0,,,,,final:3;medial:77,True,session,0,heldout_sessioncv_bal
stage2,T1_position,6v,noninitial,T/D,laryngeal,stop,held_out,181,0.5367769294783679,0.0526062377186837,0.1726582573876411,,D,T,256,181,lda,5,10,0,0.5,20,30,0.5392102057058821,50,55,72.4,,,,,final:146;medial:35,True,session,0,heldout_sessioncv_bal
stage2,T1_position,6v,noninitial,K/G,laryngeal,stop,held_out,37,0.5354543745727957,0.1168070460110606,0.1421024636822828,,G,K,256,37,lda,5,10,0,0.5,20,30,0.5482023809523809,50,10,14.8,,,,,final:8;medial:29,True,session,0,heldout_sessioncv_bal
stage2,T1_position,6v,noninitial,F/V,laryngeal,fricative,held_out,14,0.4157142857142857,0.1746580721778147,-0.4146659066769779,,F,V,256,14,lda,5,10,0,0.5,13,22,0.414,50,3,5.6,,,,,final:7;medial:7,True,session,0,heldout_sessioncv_bal
stage2,T1_position,6v,noninitial,TH/DH,laryngeal,fricative,held_out,30,0.5490468142968142,0.1333288559384801,0.2853156922526722,,DH,TH,256,30,lda,5,10,0,0.5,18,30,0.5552792207792208,50,9,12.0,,,,,final:11;medial:19,True,session,0,heldout_sessioncv_bal
stage2,T1_position,6v,noninitial,P/T,place,stop,held_out,128,0.6475980932839464,0.0599440810629246,0.7627279545032801,,P,T,256,128,lda,5,10,0,0.5,20,30,0.649791445212591,50,38,51.2,,,,,final:34;medial:94,True,session,0,heldout_sessioncv_bal
stage2,T1_position,6v,noninitial,T/K,place,stop,held_out,185,0.630632513872986,0.05616841036005,0.6853403444850295,,K,T,256,185,lda,5,10,0,0.5,20,30,0.6309520064272829,50,50,74.0,,,,,final:87;medial:98,True,session,0,heldout_sessioncv_bal
stage2,T1_position,6v,noninitial,B/D,place,stop,held_out,80,0.6201051832815245,0.0956063101873485,0.6143540876852527,,B,D,256,80,lda,5,10,0,0.5,20,30,0.623488523650985,50,23,32.0,,,,,final:3;medial:77,True,session,0,heldout_sessioncv_bal
stage2,T1_position,6v,noninitial,D/G,place,stop,held_out,37,0.710654428904429,0.0980712780093672,1.0794826945003655,,D,G,256,37,lda,5,10,0,0.5,18,30,0.7214498556998556,50,12,14.8,,,,,final:8;medial:29,True,session,0,heldout_sessioncv_bal
stage2,T1_position,6v,initial,P/B,laryngeal,stop,held_out,70,0.6284592227695676,0.0723742395109468,0.6563705003512497,,B,P,256,129,lda,5,10,0,0.5,133,30,0.629003663003663,50,27,28.0,,,,,initial,True,trial,20,heldout_trialcv_bal_wordcap20
stage2,T1_position,6v,initial,T/D,laryngeal,stop,held_out,137,0.7088350168350168,0.0512361698273076,1.1020535420769075,,D,T,256,137,lda,5,10,0,0.5,242,30,0.7091534391534392,50,54,54.8,,,,,initial,True,trial,20,heldout_trialcv_bal_wordcap20
stage2,T1_position,6v,initial,K/G,laryngeal,stop,held_out,37,0.7767261904761905,0.1051945375544401,1.5192513810723762,,G,K,256,129,lda,5,10,0,0.5,71,30,0.7775000000000002,50,14,14.8,,,,,initial,True,trial,20,heldout_trialcv_bal_wordcap20
stage2,T1_position,6v,initial,F/V,laryngeal,fricative,held_out,15,0.49,0.1713022021003946,-0.0504345621287027,,F,V,256,15,lda,5,10,0,0.5,30,23,0.49,50,6,6.0,,,,,initial,True,trial,20,heldout_trialcv_bal_wordcap20
stage2,T1_position,6v,initial,TH/DH,laryngeal,fricative,held_out,30,0.7391608391608392,0.1143374464336498,1.3424309135333958,,DH,TH,256,48,lda,5,10,0,0.5,56,30,0.7402857142857142,50,11,12.0,,,,,initial,True,trial,20,heldout_trialcv_bal_wordcap20
stage2,T1_position,6v,initial,P/T,place,stop,held_out,129,0.6976971342383108,0.0578587785798223,1.0350693338525951,,P,T,256,129,lda,5,10,0,0.5,234,30,0.6976461538461539,50,50,51.6,,,,,initial,True,trial,20,heldout_trialcv_bal_wordcap20
stage2,T1_position,6v,initial,T/K,place,stop,held_out,137,0.6648619528619528,0.0510630792439681,0.8519883628692596,,K,T,256,137,lda,5,10,0,0.5,241,30,0.6651455026455027,50,54,54.8,,,,,initial,True,trial,20,heldout_trialcv_bal_wordcap20
stage2,T1_position,6v,initial,B/D,place,stop,held_out,70,0.6436371100164204,0.0795076198970608,0.7354303431301314,,B,D,256,144,lda,5,10,0,0.5,132,30,0.6433809523809524,50,27,28.0,,,,,initial,True,trial,20,heldout_trialcv_bal_wordcap20
stage2,T1_position,6v,initial,D/G,place,stop,held_out,37,0.6456428571428572,0.1227526110302311,0.7402609322857807,,D,G,256,129,lda,5,10,0,0.5,71,30,0.6455357142857143,50,14,14.8,,,,,initial,True,trial,20,heldout_trialcv_bal_wordcap20
stage2,T1_position,6v,noninitial,P/B,laryngeal,stop,held_out,70,0.6354734537493157,0.0825437827088391,0.6893765855662757,,B,P,256,70,lda,5,10,0,0.5,128,30,0.6352893772893772,50,27,28.0,,,,,final:3;medial:67,True,trial,20,heldout_trialcv_bal_wordcap20
stage2,T1_position,6v,noninitial,T/D,laryngeal,stop,held_out,136,0.4979842449653771,0.0509080212508129,-0.009212091716736,,D,T,256,136,lda,5,10,0,0.5,239,30,0.4978785103785103,50,53,54.4,,,,,final:106;medial:30,True,trial,20,heldout_trialcv_bal_wordcap20
stage2,T1_position,6v,noninitial,K/G,laryngeal,stop,held_out,37,0.5456190476190476,0.0925334529199956,0.2315981602169386,,G,K,256,37,lda,5,10,0,0.5,74,30,0.5476785714285715,50,14,14.8,,,,,final:8;medial:29,True,trial,20,heldout_trialcv_bal_wordcap20
stage2,T1_position,6v,noninitial,F/V,laryngeal,fricative,held_out,14,0.534,0.1685875967495171,0.1642683551001388,,F,V,256,14,lda,5,10,0,0.5,28,22,0.5366666666666666,50,5,5.6,,,,,final:7;medial:7,True,trial,20,heldout_trialcv_bal_wordcap20
stage2,T1_position,6v,noninitial,TH/DH,laryngeal,fricative,held_out,30,0.5833333333333333,0.1404358295529393,0.4201841827632611,,DH,TH,256,30,lda,5,10,0,0.5,60,30,0.5833333333333333,50,12,12.0,,,,,final:11;medial:19,True,trial,20,heldout_trialcv_bal_wordcap20
stage2,T1_position,6v,noninitial,P/T,place,stop,held_out,128,0.6956841628959276,0.0615101702046765,1.0298411781434256,,P,T,256,128,lda,5,10,0,0.5,218,30,0.6957846153846154,50,50,51.2,,,,,final:34;medial:94,True,trial,20,heldout_trialcv_bal_wordcap20
stage2,T1_position,6v,noninitial,T/K,place,stop,held_out,136,0.6367474747474748,0.0525569709117675,0.6995474413027866,,K,T,256,136,lda,5,10,0,0.5,240,30,0.636957671957672,50,54,54.4,,,,,final:57;medial:79,True,trial,20,heldout_trialcv_bal_wordcap20
stage2,T1_position,6v,noninitial,B/D,place,stop,held_out,70,0.6028571428571428,0.0838000535774998,0.5215410745864006,,B,D,256,70,lda,5,10,0,0.5,122,30,0.6028571428571428,50,28,28.0,,,,,final:3;medial:67,True,trial,20,heldout_trialcv_bal_wordcap20
stage2,T1_position,6v,noninitial,D/G,place,stop,held_out,37,0.6945952380952382,0.1014962355344492,1.0199413573489189,,D,G,256,37,lda,5,10,0,0.5,72,30,0.6958928571428572,50,14,14.8,,,,,final:8;medial:29,True,trial,20,heldout_trialcv_bal_wordcap20
stage2,T1_position,6v,initial,P/B,laryngeal,stop,pooled,300,0.6341490960020372,0.036679483485518,0.6862144211641785,,B,P,256,1098,lda,5,10,0,0.5,575,30,0.6341334629989812,50,119,120.0,,,,,initial,True,trial,20,pooled_trialcv_bal_wordcap20
stage2,T1_position,6v,initial,T/D,laryngeal,stop,pooled,300,0.598197485443168,0.0398951571347391,0.4973135780833508,,D,T,256,970,lda,5,10,0,0.5,570,30,0.5981752801704177,50,119,120.0,,,,,initial,True,trial,20,pooled_trialcv_bal_wordcap20
stage2,T1_position,6v,initial,K/G,laryngeal,stop,pooled,300,0.62932158483228,0.0404898850690373,0.660468541734623,,G,K,256,621,lda,5,10,0,0.5,571,30,0.62938455126424,50,119,120.0,,,,,initial,True,trial,20,pooled_trialcv_bal_wordcap20
stage2,T1_position,6v,initial,F/V,laryngeal,fricative,pooled,295,0.608177457858415,0.0397068924172881,0.54887962970289,,F,V,256,295,lda,5,10,0,0.5,559,30,0.608170563023573,50,117,118.0,,,,,initial,True,trial,20,pooled_trialcv_bal_wordcap20
stage2,T1_position,6v,initial,TH/DH,laryngeal,fricative,pooled,175,0.7156876330446448,0.0487839359752289,1.146157335641051,,DH,TH,256,233,lda,5,10,0,0.5,338,30,0.7156699346405228,50,69,70.0,,,,,initial,True,trial,20,pooled_trialcv_bal_wordcap20
stage2,T1_position,6v,initial,P/T,place,stop,pooled,300,0.6749763872491147,0.0318047999074788,0.9108026798357434,,P,T,256,970,lda,5,10,0,0.5,577,30,0.6749752709085857,50,119,120.0,,,,,initial,True,trial,20,pooled_trialcv_bal_wordcap20
stage2,T1_position,6v,initial,T/K,place,stop,pooled,300,0.5671837859110586,0.0443454693894939,0.3382203411163316,,K,T,256,970,lda,5,10,0,0.5,585,30,0.5671526813003612,50,119,120.0,,,,,initial,True,trial,20,pooled_trialcv_bal_wordcap20
stage2,T1_position,6v,initial,B/D,place,stop,pooled,300,0.656820994513508,0.0448256385414368,0.8074063704071415,,B,D,256,981,lda,5,10,0,0.5,574,30,0.6568638973789015,50,119,120.0,,,,,initial,True,trial,20,pooled_trialcv_bal_wordcap20
stage2,T1_position,6v,initial,D/G,place,stop,pooled,300,0.6721432043891938,0.0339693242083072,0.8918432028803432,,D,G,256,621,lda,5,10,0,0.5,572,30,0.672081596739835,50,119,120.0,,,,,initial,True,trial,20,pooled_trialcv_bal_wordcap20
stage2,T1_position,6v,noninitial,P/B,laryngeal,stop,pooled,299,0.6174064634118112,0.0372259813508191,0.5970709927993527,,B,P,256,299,lda,5,10,0,0.5,564,30,0.6174445216263776,50,119,119.6,,,,,final:23;medial:276,True,trial,20,pooled_trialcv_bal_wordcap20
stage2,T1_position,6v,noninitial,T/D,laryngeal,stop,pooled,299,0.5261361784383175,0.0478196193651377,0.1308303121592658,,D,T,256,299,lda,5,10,0,0.5,569,30,0.5262177919792534,50,119,119.6,,,,,final:183;medial:116,True,trial,20,pooled_trialcv_bal_wordcap20
stage2,T1_position,6v,noninitial,K/G,laryngeal,stop,pooled,299,0.5283095238095238,0.0384830187484656,0.1418206011041863,,G,K,256,299,lda,5,10,0,0.5,563,30,0.5283276836158193,50,119,119.6,,,,,final:47;medial:252,True,trial,20,pooled_trialcv_bal_wordcap20
stage2,T1_position,6v,noninitial,F/V,laryngeal,fricative,pooled,294,0.5677235534774986,0.0444367411622714,0.3410255304055096,,F,V,256,294,lda,5,10,0,0.5,573,30,0.5677235534774985,50,116,117.6,,,,,final:84;medial:210,True,trial,20,pooled_trialcv_bal_wordcap20
stage2,T1_position,6v,noninitial,TH/DH,laryngeal,fricative,pooled,175,0.6960000000000001,0.0519842990424875,1.0282515131102967,,DH,TH,256,175,lda,5,10,0,0.5,343,30,0.6960000000000001,50,70,70.0,,,,,final:23;medial:152,True,trial,20,pooled_trialcv_bal_wordcap20
stage2,T1_position,6v,noninitial,P/T,place,stop,pooled,299,0.6747703081232492,0.0453040600137529,0.9080397449956978,,P,T,256,299,lda,5,10,0,0.5,560,30,0.674771186440678,50,119,119.6,,,,,final:47;medial:252,True,trial,20,pooled_trialcv_bal_wordcap20
stage2,T1_position,6v,noninitial,T/K,place,stop,pooled,299,0.6256693404634581,0.0353899912722369,0.6413328515314479,,K,T,256,299,lda,5,10,0,0.5,576,30,0.6257898953412985,50,119,119.6,,,,,final:73;medial:226,True,trial,20,pooled_trialcv_bal_wordcap20
stage2,T1_position,6v,noninitial,B/D,place,stop,pooled,299,0.6956564829321559,0.0320130074792528,1.0251280097276243,,B,D,256,299,lda,5,10,0,0.5,561,30,0.6956599534353413,50,118,119.6,,,,,final:23;medial:276,True,trial,20,pooled_trialcv_bal_wordcap20
stage2,T1_position,6v,noninitial,D/G,place,stop,pooled,299,0.6615350140056023,0.0407322260842093,0.8330527918032637,,D,G,256,299,lda,5,10,0,0.5,571,30,0.6615960451977401,50,119,119.6,,,,,final:47;medial:252,True,trial,20,pooled_trialcv_bal_wordcap20
stage2,T1_position,6v,initial,P/B,laryngeal,stop,held_out,80,0.664375,0.0861072187740377,0.8515201199757297,,B,P,256,129,lda,5,10,0,0.5,82,30,0.664375,50,32,32.0,,,,,initial,True,word,0,heldout_wordcv_bal
stage2,T1_position,6v,initial,T/D,laryngeal,stop,held_out,182,0.5956845310765284,0.2126059177278397,0.2177721163851794,,D,T,256,182,lda,5,10,0,0.5,87,30,0.6240020840462371,50,53,72.8,,,,,initial,True,word,0,heldout_wordcv_bal
stage2,T1_position,6v,initial,K/G,laryngeal,stop,held_out,37,0.7276190476190476,0.0876914814469874,1.225473297592283,,G,K,256,129,lda,5,10,0,0.5,38,30,0.7316071428571428,50,14,14.8,,,,,initial,True,word,0,heldout_wordcv_bal
stage2,T1_position,6v,initial,F/V,laryngeal,fricative,held_out,15,0.5106666666666666,0.190627909813857,-0.0170981523998612,,F,V,256,15,lda,5,10,0,0.5,18,23,0.5341666666666667,50,5,6.0,,,,,initial,True,word,0,heldout_wordcv_bal
stage2,T1_position,6v,initial,TH/DH,laryngeal,fricative,held_out,30,0.6255555555555555,0.1118589723181413,0.6334115451264154,,DH,TH,256,59,lda,5,10,0,0.5,21,30,0.6493412698412699,50,8,12.0,,,,,initial,True,word,0,heldout_wordcv_bal
stage2,T1_position,6v,initial,P/T,place,stop,held_out,129,0.6652108800754687,0.0734776846946569,0.8245796280498814,,P,T,256,129,lda,5,10,0,0.5,102,30,0.6437307692307692,50,38,51.6,,,,,initial,True,word,0,heldout_wordcv_bal
stage2,T1_position,6v,initial,T/K,place,stop,held_out,185,0.6576006918705214,0.085698392234071,0.7680063427789124,,K,T,256,185,lda,5,10,0,0.5,136,30,0.6313140283140284,50,57,74.0,,,,,initial,True,word,0,heldout_wordcv_bal
stage2,T1_position,6v,initial,B/D,place,stop,held_out,80,0.564375,0.094870388557231,0.3253579241050189,,B,D,256,179,lda,5,10,0,0.5,65,30,0.564375,50,32,32.0,,,,,initial,True,word,0,heldout_wordcv_bal
stage2,T1_position,6v,initial,D/G,place,stop,held_out,37,0.4507051282051282,0.1602459740191594,-0.3670322824135617,,D,G,256,129,lda,5,10,0,0.5,30,30,0.4768168498168499,50,12,14.8,,,,,initial,True,word,0,heldout_wordcv_bal
stage2,T1_position,6v,noninitial,P/B,laryngeal,stop,held_out,80,0.6023966588134504,0.1082914973481354,0.4475839174844073,,B,P,256,80,lda,5,10,0,0.5,97,30,0.621301282051282,50,28,32.0,,,,,final:3;medial:77,True,word,0,heldout_wordcv_bal
stage2,T1_position,6v,noninitial,T/D,laryngeal,stop,held_out,181,0.4605327245053272,0.0705732793459796,-0.198317984598438,,D,T,256,181,lda,5,10,0,0.5,162,30,0.4607132132132132,50,72,72.4,,,,,final:146;medial:35,True,word,0,heldout_wordcv_bal
stage2,T1_position,6v,noninitial,K/G,laryngeal,stop,held_out,37,0.5220952380952381,0.1120485803289871,0.1081775464621268,,G,K,256,37,lda,5,10,0,0.5,59,30,0.5246428571428572,50,14,14.8,,,,,final:8;medial:29,True,word,0,heldout_wordcv_bal
stage2,T1_position,6v,noninitial,F/V,laryngeal,fricative,held_out,14,0.3779047619047618,0.1588500626491161,-0.6517801668647452,,F,V,256,14,lda,5,10,0,0.5,20,22,0.4533333333333333,50,5,5.6,,,,,final:7;medial:7,True,word,0,heldout_wordcv_bal
stage2,T1_position,6v,noninitial,TH/DH,laryngeal,fricative,held_out,30,0.5810833333333334,0.1363772596309386,0.3561744664554239,,DH,TH,256,30,lda,5,10,0,0.5,28,30,0.6188831168831169,50,10,12.0,,,,,final:11;medial:19,True,word,0,heldout_wordcv_bal
stage2,T1_position,6v,noninitial,P/T,place,stop,held_out,128,0.6439064856711916,0.0670938015733522,0.7431697334654888,,P,T,256,128,lda,5,10,0,0.5,164,30,0.6437692307692308,50,50,51.2,,,,,final:34;medial:94,True,word,0,heldout_wordcv_bal
stage2,T1_position,6v,noninitial,T/K,place,stop,held_out,184,0.5862956929532271,0.0553676816745834,0.4364725234430878,,K,T,256,184,lda,5,10,0,0.5,203,30,0.5862438754544017,50,73,73.6,,,,,final:86;medial:98,True,word,0,heldout_wordcv_bal
stage2,T1_position,6v,noninitial,B/D,place,stop,held_out,80,0.5774855130038667,0.1055964368078798,0.3378570807208525,,B,D,256,80,lda,5,10,0,0.5,92,30,0.5949427386339151,50,28,32.0,,,,,final:3;medial:77,True,word,0,heldout_wordcv_bal
stage2,T1_position,6v,noninitial,D/G,place,stop,held_out,37,0.7297142857142858,0.0923198619805065,1.2204117784091788,,D,G,256,37,lda,5,10,0,0.5,60,30,0.7296428571428569,50,14,14.8,,,,,final:8;medial:29,True,word,0,heldout_wordcv_bal
stage2,T1_position,6v,initial,P/B,laryngeal,stop,pooled,300,0.6575,0.075888258497463,0.8111045538320023,,B,P,256,1490,lda,5,10,0,0.5,254,30,0.6575,50,120,120.0,,,,,initial,True,word,0,pooled_wordcv_bal
stage2,T1_position,6v,initial,T/D,laryngeal,stop,pooled,300,0.48888995215311,0.1620283916411229,-0.2752690970451938,,D,T,256,1943,lda,5,10,0,0.5,167,30,0.5051696428571428,50,95,120.0,,,,,initial,True,word,0,pooled_wordcv_bal
stage2,T1_position,6v,initial,K/G,laryngeal,stop,pooled,300,0.6579999999999999,0.0519871779063517,0.814863916884129,,G,K,256,1239,lda,5,10,0,0.5,248,30,0.6579999999999999,50,120,120.0,,,,,initial,True,word,0,pooled_wordcv_bal
stage2,T1_position,6v,initial,F/V,laryngeal,fricative,pooled,300,0.5471068922185484,0.0883025581264382,0.2268545850154614,,F,V,256,388,lda,5,10,0,0.5,207,30,0.5487499793299672,50,117,120.0,,,,,initial,True,word,0,pooled_wordcv_bal
stage2,T1_position,6v,initial,TH/DH,laryngeal,fricative,pooled,300,0.7031715795030143,0.095524716034464,1.0800033045005757,,DH,TH,256,586,lda,5,10,0,0.5,60,30,0.6989898778314495,50,89,120.0,,,,,initial,True,word,0,pooled_wordcv_bal
stage2,T1_position,6v,initial,P/T,place,stop,pooled,300,0.6049808612440192,0.0779607289260906,0.4598881153577156,,P,T,256,1490,lda,5,10,0,0.5,219,30,0.6007857142857143,50,95,120.0,,,,,initial,True,word,0,pooled_wordcv_bal
stage2,T1_position,6v,initial,T/K,place,stop,pooled,300,0.584377990430622,0.0781824806856728,0.3308789913967147,,K,T,256,1869,lda,5,10,0,0.5,238,30,0.5725446428571428,50,95,120.0,,,,,initial,True,word,0,pooled_wordcv_bal
stage2,T1_position,6v,initial,B/D,place,stop,pooled,300,0.5621666666666666,0.0637314243089266,0.3131947075458755,,B,D,256,1856,lda,5,10,0,0.5,194,30,0.5621666666666666,50,120,120.0,,,,,initial,True,word,0,pooled_wordcv_bal
stage2,T1_position,6v,initial,D/G,place,stop,pooled,300,0.5790000000000001,0.0702622073221285,0.3985655318030806,,D,G,256,1239,lda,5,10,0,0.5,173,30,0.5790000000000001,50,120,120.0,,,,,initial,True,word,0,pooled_wordcv_bal
stage2,T1_position,6v,noninitial,P/B,laryngeal,stop,pooled,299,0.512859943977591,0.068223847142302,0.065827709516549,,B,P,256,299,lda,5,10,0,0.5,347,30,0.5129745762711865,50,119,119.6,,,,,final:20;medial:279,True,word,0,pooled_wordcv_bal
stage2,T1_position,6v,noninitial,T/D,laryngeal,stop,pooled,299,0.5001403338194781,0.0339828682662018,0.000838407415319,,D,T,256,299,lda,5,10,0,0.5,328,30,0.5002320088913588,50,119,119.6,,,,,final:215;medial:84,True,word,0,pooled_wordcv_bal
stage2,T1_position,6v,noninitial,K/G,laryngeal,stop,pooled,299,0.5384657685738534,0.0687499674424142,0.1923844305668164,,G,K,256,299,lda,5,10,0,0.5,356,30,0.5386243400944707,50,118,119.6,,,,,final:60;medial:239,True,word,0,pooled_wordcv_bal
stage2,T1_position,6v,noninitial,F/V,laryngeal,fricative,pooled,299,0.564356848154723,0.0336401472537597,0.3232209788532508,,F,V,256,299,lda,5,10,0,0.5,255,30,0.5655529478375219,50,118,119.6,,,,,final:123;medial:176,True,word,0,pooled_wordcv_bal
stage2,T1_position,6v,noninitial,TH/DH,laryngeal,fricative,pooled,299,0.6253887624259425,0.0851031330725969,0.5688686101515565,,DH,TH,256,299,lda,5,10,0,0.5,119,30,0.6418566208723725,50,105,119.6,,,,,final:114;medial:185,True,word,0,pooled_wordcv_bal
stage2,T1_position,6v,noninitial,P/T,place,stop,pooled,299,0.6537942015174855,0.0460202543863703,0.7912042253941243,,P,T,256,299,lda,5,10,0,0.5,379,30,0.6538494026118365,50,119,119.6,,,,,final:70;medial:229,True,word,0,pooled_wordcv_bal
stage2,T1_position,6v,noninitial,T/K,place,stop,pooled,299,0.6193961501956154,0.049646875542667,0.6067439074989195,,K,T,256,299,lda,5,10,0,0.5,374,30,0.6194487820690933,50,119,119.6,,,,,final:118;medial:181,True,word,0,pooled_wordcv_bal
stage2,T1_position,6v,noninitial,B/D,place,stop,pooled,299,0.6901857997436264,0.0433441917762464,0.9942576788003572,,B,D,256,299,lda,5,10,0,0.5,334,30,0.6901977401129943,50,118,119.6,,,,,final:20;medial:279,True,word,0,pooled_wordcv_bal
stage2,T1_position,6v,noninitial,D/G,place,stop,pooled,299,0.6263887075491354,0.0451159902796434,0.6438639875327844,,D,G,256,299,lda,5,10,0,0.5,365,30,0.6264653144391962,50,119,119.6,,,,,final:60;medial:239,True,word,0,pooled_wordcv_bal
stage2,T1_position,6v,initial,P/B,laryngeal,stop,held_out,80,0.6699389051808408,0.0808246025567954,0.8786596147168333,,B,P,256,129,lda,5,10,0,0.5,148,30,0.6699656862745097,50,31,32.0,,,,,initial,True,trial,0,heldout_trialcv_bal_center80
stage2,T1_position,6v,initial,T/D,laryngeal,stop,held_out,182,0.735201217656012,0.0521669882308756,1.256484345188151,,D,T,256,182,lda,5,10,0,0.5,306,30,0.7352702702702701,50,72,72.8,,,,,initial,True,trial,0,heldout_trialcv_bal_center80
stage2,T1_position,6v,initial,K/G,laryngeal,stop,held_out,37,0.6313333333333333,0.1020519186703924,0.6850309371925908,,G,K,256,130,lda,5,10,0,0.5,73,30,0.6351785714285714,50,14,14.8,,,,,initial,True,trial,0,heldout_trialcv_bal_center80
stage2,T1_position,6v,initial,F/V,laryngeal,fricative,held_out,15,0.5533333333333332,0.1746106780494506,0.2664259253482578,,F,V,256,15,lda,5,10,0,0.5,30,23,0.5533333333333332,50,6,6.0,,,,,initial,True,trial,0,heldout_trialcv_bal_center80
stage2,T1_position,6v,initial,TH/DH,laryngeal,fricative,held_out,30,0.7092890442890445,0.1059208465939391,1.0958986707892395,,DH,TH,256,60,lda,5,10,0,0.5,57,30,0.7129523809523809,50,11,12.0,,,,,initial,True,trial,0,heldout_trialcv_bal_center80
stage2,T1_position,6v,initial,P/T,place,stop,held_out,129,0.7723142377415406,0.0557096369979193,1.4976273423583968,,P,T,256,129,lda,5,10,0,0.5,235,30,0.7725179487179488,50,51,51.6,,,,,initial,True,trial,0,heldout_trialcv_bal_center80
stage2,T1_position,6v,initial,T/K,place,stop,held_out,186,0.7445655761024181,0.0391241514255316,1.3145436904337813,,K,T,256,186,lda,5,10,0,0.5,319,30,0.7445732574679943,50,74,74.4,,,,,initial,True,trial,0,heldout_trialcv_bal_center80
stage2,T1_position,6v,initial,B/D,place,stop,held_out,80,0.6696945259042033,0.0789344282451365,0.8755013420393807,,B,D,256,179,lda,5,10,0,0.5,145,30,0.6700563725490195,50,31,32.0,,,,,initial,True,trial,0,heldout_trialcv_bal_center80
stage2,T1_position,6v,initial,D/G,place,stop,held_out,37,0.5818095238095238,0.0911291569292198,0.4155205633281693,,D,G,256,130,lda,5,10,0,0.5,69,30,0.5814285714285713,50,14,14.8,,,,,initial,True,trial,0,heldout_trialcv_bal_center80
stage2,T1_position,6v,noninitial,P/B,laryngeal,stop,held_out,80,0.6141080156402736,0.0815744212111808,0.577621056002259,,B,P,256,80,lda,5,10,0,0.5,149,30,0.6147549019607843,50,31,32.0,,,,,final:3;medial:77,True,trial,0,heldout_trialcv_bal_center80
stage2,T1_position,6v,noninitial,T/D,laryngeal,stop,held_out,181,0.5412312312312313,0.0517099089193378,0.2066037023009099,,D,T,256,181,lda,5,10,0,0.5,302,30,0.5412312312312313,50,72,72.4,,,,,final:146;medial:35,True,trial,0,heldout_trialcv_bal_center80
stage2,T1_position,6v,noninitial,K/G,laryngeal,stop,held_out,37,0.5752380952380952,0.1019714957281841,0.3824201184631059,,G,K,256,37,lda,5,10,0,0.5,72,30,0.5775,50,14,14.8,,,,,final:8;medial:29,True,trial,0,heldout_trialcv_bal_center80
stage2,T1_position,6v,noninitial,F/V,laryngeal,fricative,held_out,14,0.5326666666666666,0.1774498364170687,0.1782654100556872,,F,V,256,14,lda,5,10,0,0.5,27,22,0.5416666666666666,50,5,5.6,,,,,final:7;medial:7,True,trial,0,heldout_trialcv_bal_center80
stage2,T1_position,6v,noninitial,TH/DH,laryngeal,fricative,held_out,30,0.5404312354312355,0.1403632118810285,0.1922085973546444,,DH,TH,256,30,lda,5,10,0,0.5,59,30,0.5425238095238095,50,11,12.0,,,,,final:11;medial:19,True,trial,0,heldout_trialcv_bal_center80
stage2,T1_position,6v,noninitial,P/T,place,stop,held_out,128,0.6886651583710407,0.0525667322777472,0.9846716693814164,,P,T,256,128,lda,5,10,0,0.5,219,30,0.688556695156695,50,51,51.2,,,,,final:34;medial:94,True,trial,0,heldout_trialcv_bal_center80
stage2,T1_position,6v,noninitial,T/K,place,stop,held_out,185,0.6383783783783784,0.050458815265362,0.7082456653495472,,K,T,256,185,lda,5,10,0,0.5,303,30,0.6383783783783784,50,74,74.0,,,,,final:87;medial:98,True,trial,0,heldout_trialcv_bal_center80
stage2,T1_position,6v,noninitial,B/D,place,stop,held_out,80,0.6661052052785925,0.0971434088877143,0.8628400836091156,,B,D,256,80,lda,5,10,0,0.5,139,30,0.6662524509803922,50,31,32.0,,,,,final:3;medial:77,True,trial,0,heldout_trialcv_bal_center80
stage2,T1_position,6v,noninitial,D/G,place,stop,held_out,37,0.7716428571428571,0.1233192421624798,1.4973119629024856,,D,G,256,37,lda,5,10,0,0.5,72,30,0.7732142857142859,50,14,14.8,,,,,final:8;medial:29,True,trial,0,heldout_trialcv_bal_center80
stage2,T1_position,6v,initial,P/B,laryngeal,stop,held_out,80,0.7078396871945258,0.0779199808370666,1.1011030936499082,,B,P,256,129,lda,5,10,0,0.5,148,30,0.7075294117647059,50,31,32.0,,,,,initial,True,trial,0,lar6_heldout_trialcv_bal
stage2,T1_position,6v,initial,T/D,laryngeal,stop,held_out,182,0.7531395326833683,0.0486941305348449,1.36813699177481,,D,T,256,182,lda,5,10,0,0.5,306,30,0.7531835783151574,50,72,72.8,,,,,initial,True,trial,0,lar6_heldout_trialcv_bal
stage2,T1_position,6v,initial,K/G,laryngeal,stop,held_out,37,0.6730476190476192,0.1295084374631617,0.9109746880128328,,G,K,256,130,lda,5,10,0,0.5,73,30,0.6758928571428571,50,14,14.8,,,,,initial,True,trial,0,lar6_heldout_trialcv_bal
stage2,T1_position,6v,initial,F/V,laryngeal,fricative,held_out,15,0.6466666666666667,0.1720465053408525,0.7475675121941864,,F,V,256,15,lda,5,10,0,0.5,30,23,0.6466666666666666,50,6,6.0,,,,,initial,True,trial,0,lar6_heldout_trialcv_bal
stage2,T1_position,6v,initial,CH/JH,laryngeal,affricate,held_out,15,0.8033333333333332,0.1622412469818394,1.8251247700012212,,CH,JH,256,15,lda,5,10,0,0.5,30,23,0.8033333333333332,50,6,6.0,,,,,initial,True,trial,0,lar6_heldout_trialcv_bal
stage2,T1_position,6v,initial,TH/DH,laryngeal,fricative,held_out,30,0.736958041958042,0.1116550049637208,1.2669690067250758,,DH,TH,256,60,lda,5,10,0,0.5,57,30,0.7390476190476192,50,11,12.0,,,,,initial,True,trial,0,lar6_heldout_trialcv_bal
stage2,T1_position,6v,initial,P/T,place,stop,held_out,129,0.7881257292467058,0.0589851880845781,1.602342741799961,,P,T,256,129,lda,5,10,0,0.5,235,30,0.7881623931623932,50,51,51.6,,,,,initial,True,trial,0,lar6_heldout_trialcv_bal
stage2,T1_position,6v,initial,T/K,place,stop,held_out,186,0.7655393077287814,0.0442965129829875,1.4507642653404502,,K,T,256,186,lda,5,10,0,0.5,319,30,0.7655405405405404,50,74,74.4,,,,,initial,True,trial,0,lar6_heldout_trialcv_bal
stage2,T1_position,6v,initial,B/D,place,stop,held_out,80,0.6343682795698925,0.0603979419128653,0.6860806983648122,,B,D,256,179,lda,5,10,0,0.5,145,30,0.6346029411764706,50,31,32.0,,,,,initial,True,trial,0,lar6_heldout_trialcv_bal
stage2,T1_position,6v,initial,D/G,place,stop,held_out,37,0.644047619047619,0.0939812906550941,0.7429907700350085,,D,G,256,130,lda,5,10,0,0.5,69,30,0.6428571428571429,50,14,14.8,,,,,initial,True,trial,0,lar6_heldout_trialcv_bal
stage2,T1_position,6v,initial,F/S,place,fricative,held_out,101,0.6136666666666666,0.0636250175413952,0.581013114036569,,F,S,256,155,lda,5,10,0,0.5,183,30,0.6136666666666666,50,40,40.4,,,,,initial,True,trial,0,lar6_heldout_trialcv_bal
stage2,T1_position,6v,initial,F/TH,place,fricative,held_out,33,0.7990109890109889,0.0876926519588934,1.6679791149967709,,F,TH,256,60,lda,5,10,0,0.5,65,30,0.7983333333333333,50,13,13.2,,,,,initial,True,trial,0,lar6_heldout_trialcv_bal
stage2,T1_position,6v,initial,S/SH,place,fricative,held_out,18,0.5842857142857143,0.1460378061199446,0.4191694271045806,,S,SH,256,18,lda,5,10,0,0.5,36,28,0.5791666666666666,50,7,7.2,,,,,initial,True,trial,0,lar6_heldout_trialcv_bal
stage2,T1_position,6v,initial,M/N,place,nasal,held_out,118,0.7303731113166821,0.0549116890394889,1.230255062654708,,M,N,256,118,lda,5,10,0,0.5,214,30,0.7303079710144929,50,46,47.2,,,,,initial,True,trial,0,lar6_heldout_trialcv_bal
stage2,T1_position,6v,noninitial,P/B,laryngeal,stop,held_out,80,0.6354734848484848,0.0698045133287512,0.690100427309424,,B,P,256,80,lda,5,10,0,0.5,149,30,0.6357009803921568,50,31,32.0,,,,,final:3;medial:77,True,trial,0,lar6_heldout_trialcv_bal
stage2,T1_position,6v,noninitial,T/D,laryngeal,stop,held_out,181,0.5422072072072072,0.0564866062233214,0.2124716931062214,,D,T,256,181,lda,5,10,0,0.5,302,30,0.5422072072072072,50,72,72.4,,,,,final:146;medial:35,True,trial,0,lar6_heldout_trialcv_bal
stage2,T1_position,6v,noninitial,K/G,laryngeal,stop,held_out,37,0.5126666666666666,0.1101003870933033,0.0679749891720296,,G,K,256,37,lda,5,10,0,0.5,72,30,0.5144642857142856,50,14,14.8,,,,,final:8;medial:29,True,trial,0,lar6_heldout_trialcv_bal
stage2,T1_position,6v,noninitial,F/V,laryngeal,fricative,held_out,14,0.4233333333333333,0.1714318782749838,-0.3936964120831245,,F,V,256,14,lda,5,10,0,0.5,27,22,0.4266666666666666,50,5,5.6,,,,,final:7;medial:7,True,trial,0,lar6_heldout_trialcv_bal
stage2,T1_position,6v,noninitial,CH/JH,laryngeal,affricate,held_out,14,0.6326666666666667,0.1901449739307119,0.65143647154986,,CH,JH,256,14,lda,5,10,0,0.5,28,22,0.6366666666666666,50,5,5.6,,,,,final:5;medial:9,True,trial,0,lar6_heldout_trialcv_bal
stage2,T1_position,6v,noninitial,TH/DH,laryngeal,fricative,held_out,30,0.6556993006993007,0.1282059594166739,0.7962825710789835,,DH,TH,256,30,lda,5,10,0,0.5,59,30,0.6569047619047619,50,11,12.0,,,,,final:11;medial:19,True,trial,0,lar6_heldout_trialcv_bal
stage2,T1_position,6v,noninitial,P/T,place,stop,held_out,128,0.7606669057172942,0.0474706519276491,1.417083595166169,,P,T,256,128,lda,5,10,0,0.5,222,30,0.7606666666666668,50,50,51.2,,,,,final:34;medial:94,True,trial,0,lar6_heldout_trialcv_bal
stage2,T1_position,6v,noninitial,T/K,place,stop,held_out,185,0.6193542078075605,0.0425976375851198,0.6078040344495532,,K,T,256,185,lda,5,10,0,0.5,311,30,0.6192817716501927,50,73,74.0,,,,,final:87;medial:98,True,trial,0,lar6_heldout_trialcv_bal
stage2,T1_position,6v,noninitial,B/D,place,stop,held_out,80,0.6385068426197458,0.0613681451221679,0.712882207472944,,B,D,256,80,lda,5,10,0,0.5,140,30,0.6380759803921567,50,31,32.0,,,,,final:3;medial:77,True,trial,0,lar6_heldout_trialcv_bal
stage2,T1_position,6v,noninitial,D/G,place,stop,held_out,37,0.708952380952381,0.1247496904235476,1.092600802463619,,D,G,256,37,lda,5,10,0,0.5,73,30,0.7103571428571428,50,14,14.8,,,,,final:8;medial:29,True,trial,0,lar6_heldout_trialcv_bal
stage2,T1_position,6v,noninitial,F/S,place,fricative,held_out,101,0.6011951219512195,0.0721743089643363,0.5113190414800385,,F,S,256,101,lda,5,10,0,0.5,186,30,0.6012857142857143,50,40,40.4,,,,,final:49;medial:52,True,trial,0,lar6_heldout_trialcv_bal
stage2,T1_position,6v,noninitial,F/TH,place,fricative,held_out,33,0.6272527472527473,0.1177638530344175,0.6609894899645723,,F,TH,256,33,lda,5,10,0,0.5,65,30,0.6264285714285713,50,13,13.2,,,,,final:11;medial:22,True,trial,0,lar6_heldout_trialcv_bal
stage2,T1_position,6v,noninitial,S/SH,place,fricative,held_out,17,0.6552380952380952,0.1688456204271078,0.8164370686652924,,S,SH,256,17,lda,5,10,0,0.5,34,27,0.6633333333333333,50,6,6.8,,,,,final:1;medial:16,True,trial,0,lar6_heldout_trialcv_bal
stage2,T1_position,6v,noninitial,M/N,place,nasal,held_out,117,0.6693617021276596,0.0639356618555371,0.8751932399382993,,M,N,256,117,lda,5,10,0,0.5,211,30,0.6693840579710144,50,46,46.8,,,,,final:60;medial:57,True,trial,0,lar6_heldout_trialcv_bal
stage2,T1_position,6v,initial,P/B,laryngeal,stop,pooled,300,0.6668333333333333,0.0445810747091433,0.8647866104137405,,B,P,256,1497,lda,5,10,0,0.5,569,30,0.6668333333333333,50,120,120.0,,,,,initial,True,trial,0,lar6_pooled_trialcv_bal
stage2,T1_position,6v,initial,T/D,laryngeal,stop,pooled,300,0.7051211658217007,0.0313020911197812,1.0782430373049812,,D,T,256,1955,lda,5,10,0,0.5,576,30,0.7051612948041123,50,119,120.0,,,,,initial,True,trial,0,lar6_pooled_trialcv_bal
stage2,T1_position,6v,initial,K/G,laryngeal,stop,pooled,300,0.6594999999999999,0.0423284117874087,0.8220648649821929,,G,K,256,1251,lda,5,10,0,0.5,580,30,0.6594999999999999,50,120,120.0,,,,,initial,True,trial,0,lar6_pooled_trialcv_bal
stage2,T1_position,6v,initial,F/V,laryngeal,fricative,pooled,300,0.6745805264254463,0.0431085526699779,0.9044518832859868,,F,V,256,388,lda,5,10,0,0.5,572,30,0.6746782439566545,50,119,120.0,,,,,initial,True,trial,0,lar6_pooled_trialcv_bal
stage2,T1_position,6v,initial,CH/JH,laryngeal,affricate,pooled,237,0.7122777155655097,0.0414659280699147,1.1194037287980954,,CH,JH,256,237,lda,5,10,0,0.5,465,30,0.712340425531915,50,94,94.8,,,,,initial,True,trial,0,lar6_pooled_trialcv_bal
stage2,T1_position,6v,initial,TH/DH,laryngeal,fricative,pooled,300,0.7908302544158158,0.0321844236581894,1.632428312595729,,DH,TH,256,589,lda,5,10,0,0.5,581,30,0.7908143002685933,50,119,120.0,,,,,initial,True,trial,0,lar6_pooled_trialcv_bal
stage2,T1_position,6v,initial,P/T,place,stop,pooled,300,0.7770001736231681,0.0351177821139995,1.5244959648059373,,P,T,256,1497,lda,5,10,0,0.5,578,30,0.7769981476336018,50,119,120.0,,,,,initial,True,trial,0,lar6_pooled_trialcv_bal
stage2,T1_position,6v,initial,T/K,place,stop,pooled,300,0.7258291663772947,0.0455569931056647,1.202418171174746,,K,T,256,1883,lda,5,10,0,0.5,581,30,0.7257884597573401,50,119,120.0,,,,,initial,True,trial,0,lar6_pooled_trialcv_bal
stage2,T1_position,6v,initial,B/D,place,stop,pooled,300,0.6814546496284464,0.0355174504056127,0.943456894158312,,B,D,256,1865,lda,5,10,0,0.5,580,30,0.6814349356302675,50,119,120.0,,,,,initial,True,trial,0,lar6_pooled_trialcv_bal
stage2,T1_position,6v,initial,D/G,place,stop,pooled,300,0.6361666666666668,0.0378083618029427,0.6962566862223165,,D,G,256,1251,lda,5,10,0,0.5,580,30,0.6361666666666668,50,120,120.0,,,,,initial,True,trial,0,lar6_pooled_trialcv_bal
stage2,T1_position,6v,initial,F/S,place,fricative,pooled,300,0.6263154385721231,0.0404448444946631,0.6441087933174283,,F,S,256,1438,lda,5,10,0,0.5,582,30,0.6263230063906641,50,119,120.0,,,,,initial,True,trial,0,lar6_pooled_trialcv_bal
stage2,T1_position,6v,initial,F/TH,place,fricative,pooled,300,0.7776662731208185,0.0295347137340391,1.5507073604715675,,F,TH,256,589,lda,5,10,0,0.5,587,30,0.7776473557469669,50,119,120.0,,,,,initial,True,trial,0,lar6_pooled_trialcv_bal
stage2,T1_position,6v,initial,S/SH,place,fricative,pooled,300,0.6693233789383523,0.0312285918990146,0.876457485107952,,S,SH,256,397,lda,5,10,0,0.5,584,30,0.6692834583680652,50,119,120.0,,,,,initial,True,trial,0,lar6_pooled_trialcv_bal
stage2,T1_position,6v,initial,M/N,place,nasal,pooled,300,0.7119655415885363,0.0358598095111917,1.1181243927800537,,M,N,256,1253,lda,5,10,0,0.5,576,30,0.7119974529962024,50,119,120.0,,,,,initial,True,trial,0,lar6_pooled_trialcv_bal
stage2,T1_position,6v,noninitial,P/B,laryngeal,stop,pooled,299,0.5869603907678775,0.0411832084690031,0.439397734091411,,B,P,256,299,lda,5,10,0,0.5,564,30,0.5869065944243771,50,119,119.6,,,,,final:19;medial:280,True,trial,0,lar6_pooled_trialcv_bal
stage2,T1_position,6v,noninitial,T/D,laryngeal,stop,pooled,299,0.5369453781512605,0.03955914792054,0.185476509051791,,D,T,256,299,lda,5,10,0,0.5,571,30,0.537,50,119,119.6,,,,,final:215;medial:84,True,trial,0,lar6_pooled_trialcv_bal
stage2,T1_position,6v,noninitial,K/G,laryngeal,stop,pooled,299,0.5630192837465565,0.0400130960486487,0.3173660175352198,,G,K,256,299,lda,5,10,0,0.5,564,30,0.5630449198851533,50,119,119.6,,,,,final:60;medial:239,True,trial,0,lar6_pooled_trialcv_bal
stage2,T1_position,6v,noninitial,F/V,laryngeal,fricative,pooled,299,0.6137036136768758,0.0335143924483807,0.5778175125538019,,F,V,256,299,lda,5,10,0,0.5,582,30,0.6137783180513104,50,119,119.6,,,,,final:123;medial:176,True,trial,0,lar6_pooled_trialcv_bal
stage2,T1_position,6v,noninitial,CH/JH,laryngeal,affricate,pooled,236,0.6286248600223965,0.0400673074911076,0.6563747183687356,,CH,JH,256,236,lda,5,10,0,0.5,455,30,0.6285638297872341,50,94,94.4,,,,,final:97;medial:139,True,trial,0,lar6_pooled_trialcv_bal
stage2,T1_position,6v,noninitial,TH/DH,laryngeal,fricative,pooled,299,0.6788002407574599,0.0352978021418053,0.929351698941044,,DH,TH,256,299,lda,5,10,0,0.5,576,30,0.6787467352042234,50,119,119.6,,,,,final:113;medial:186,True,trial,0,lar6_pooled_trialcv_bal
stage2,T1_position,6v,noninitial,P/T,place,stop,pooled,299,0.6755819209039547,0.0459461660767485,0.9115582406793928,,P,T,256,299,lda,5,10,0,0.5,571,30,0.6755819209039547,50,118,119.6,,,,,final:70;medial:229,True,trial,0,lar6_pooled_trialcv_bal
stage2,T1_position,6v,noninitial,T/K,place,stop,pooled,299,0.6325423177535477,0.0447327264456096,0.6770325279808165,,K,T,256,299,lda,5,10,0,0.5,575,30,0.6325716402704455,50,119,119.6,,,,,final:118;medial:181,True,trial,0,lar6_pooled_trialcv_bal
stage2,T1_position,6v,noninitial,B/D,place,stop,pooled,299,0.6938574669537237,0.0355614293539478,1.0130099366702316,,B,D,256,299,lda,5,10,0,0.5,561,30,0.6938619523941837,50,119,119.6,,,,,final:19;medial:280,True,trial,0,lar6_pooled_trialcv_bal
stage2,T1_position,6v,noninitial,D/G,place,stop,pooled,299,0.6215734463276835,0.036397697356857,0.6190113116777237,,D,G,256,299,lda,5,10,0,0.5,574,30,0.6215734463276835,50,118,119.6,,,,,final:60;medial:239,True,trial,0,lar6_pooled_trialcv_bal
stage2,T1_position,6v,noninitial,F/S,place,fricative,pooled,299,0.6316115702479339,0.0319877857625015,0.6720384909879854,,F,S,256,299,lda,5,10,0,0.5,571,30,0.631625960915069,50,119,119.6,,,,,final:123;medial:176,True,trial,0,lar6_pooled_trialcv_bal
stage2,T1_position,6v,noninitial,F/TH,place,fricative,pooled,299,0.6585208184968903,0.0362111982962856,0.8171274326484285,,F,TH,256,299,lda,5,10,0,0.5,576,30,0.6585056497175141,50,118,119.6,,,,,final:113;medial:186,True,trial,0,lar6_pooled_trialcv_bal
stage2,T1_position,6v,noninitial,S/SH,place,fricative,pooled,299,0.640172268907563,0.0425584984038792,0.7176402937926589,,S,SH,256,299,lda,5,10,0,0.5,564,30,0.6402146892655367,50,119,119.6,,,,,final:35;medial:264,True,trial,0,lar6_pooled_trialcv_bal
stage2,T1_position,6v,noninitial,M/N,place,nasal,pooled,299,0.6913193277310925,0.0304948019460253,0.9988268744740812,,M,N,256,299,lda,5,10,0,0.5,575,30,0.6912627118644069,50,119,119.6,,,,,final:145;medial:154,True,trial,0,lar6_pooled_trialcv_bal
stage2,T1_position,6v,initial,P/B,laryngeal,stop,pooled,300,0.6686666666666666,0.0417851648315523,0.8748284989085644,,B,P,256,1705,lda,5,10,0,0.5,0,30,0.6686666666666666,50,120,120.0,,,,,,True,none,0,ref_allmod_pooled_randomcv_nobal
stage2,T1_position,6v,initial,T/D,laryngeal,stop,pooled,300,0.6713333333333334,0.0290191507648158,0.8874830971141537,,D,T,256,2260,lda,5,10,0,0.5,0,30,0.6713333333333334,50,120,120.0,,,,,,True,none,0,ref_allmod_pooled_randomcv_nobal
stage2,T1_position,6v,initial,K/G,laryngeal,stop,pooled,300,0.6505,0.0466491038380041,0.7731050290360102,,G,K,256,1517,lda,5,10,0,0.5,0,30,0.6505,50,120,120.0,,,,,,True,none,0,ref_allmod_pooled_randomcv_nobal
stage2,T1_position,6v,initial,F/V,laryngeal,fricative,pooled,300,0.6851666666666667,0.0364116129216429,0.9640448042486092,,F,V,256,417,lda,5,10,0,0.5,0,30,0.6851666666666667,50,120,120.0,,,,,,True,none,0,ref_allmod_pooled_randomcv_nobal
stage2,T1_position,6v,initial,TH/DH,laryngeal,fricative,pooled,300,0.796,0.0331344064212547,1.6717853754629666,,DH,TH,256,715,lda,5,10,0,0.5,0,30,0.796,50,120,120.0,,,,,,True,none,0,ref_allmod_pooled_randomcv_nobal
stage2,T1_position,6v,initial,P/T,place,stop,pooled,300,0.7325,0.0418413007021106,1.240396485134467,,P,T,256,1705,lda,5,10,0,0.5,0,30,0.7325,50,120,120.0,,,,,,True,none,0,ref_allmod_pooled_randomcv_nobal
stage2,T1_position,6v,initial,T/K,place,stop,pooled,300,0.7123333333333334,0.0349300889078615,1.123114063871005,,K,T,256,2228,lda,5,10,0,0.5,0,30,0.7123333333333334,50,120,120.0,,,,,,True,none,0,ref_allmod_pooled_randomcv_nobal
stage2,T1_position,6v,initial,B/D,place,stop,pooled,300,0.6396666666666667,0.0452634264917911,0.7149427309532213,,B,D,256,2144,lda,5,10,0,0.5,0,30,0.6396666666666667,50,120,120.0,,,,,,True,none,0,ref_allmod_pooled_randomcv_nobal
stage2,T1_position,6v,initial,D/G,place,stop,pooled,300,0.6343333333333334,0.0341418609139377,0.6871144736148677,,D,G,256,1517,lda,5,10,0,0.5,0,30,0.6343333333333334,50,120,120.0,,,,,,True,none,0,ref_allmod_pooled_randomcv_nobal
stage2,T1_position,6v,noninitial,P/B,laryngeal,stop,pooled,300,0.6545000000000001,0.042137671190199,0.7947272225304205,,B,P,256,1168,lda,5,10,0,0.5,0,30,0.6545000000000001,50,120,120.0,,,,,,True,none,0,ref_allmod_pooled_randomcv_nobal
stage2,T1_position,6v,noninitial,T/D,laryngeal,stop,pooled,300,0.5414999999999999,0.0435408492746243,0.208471809946638,,D,T,256,5311,lda,5,10,0,0.5,0,30,0.5415000000000001,50,120,120.0,,,,,,True,none,0,ref_allmod_pooled_randomcv_nobal
stage2,T1_position,6v,noninitial,K/G,laryngeal,stop,pooled,300,0.6024999999999999,0.0446047456369087,0.5196272122280047,,G,K,256,662,lda,5,10,0,0.5,0,30,0.6025,50,120,120.0,,,,,,True,none,0,ref_allmod_pooled_randomcv_nobal
stage2,T1_position,6v,noninitial,F/V,laryngeal,fricative,pooled,300,0.5903333333333334,0.0388858728989219,0.4567725221650106,,F,V,256,1206,lda,5,10,0,0.5,0,30,0.5903333333333334,50,120,120.0,,,,,,True,none,0,ref_allmod_pooled_randomcv_nobal
stage2,T1_position,6v,noninitial,TH/DH,laryngeal,fricative,pooled,300,0.6868333333333334,0.0342819194328438,0.9800633795197904,,DH,TH,256,453,lda,5,10,0,0.5,0,30,0.6868333333333334,50,120,120.0,,,,,,True,none,0,ref_allmod_pooled_randomcv_nobal
stage2,T1_position,6v,noninitial,P/T,place,stop,pooled,300,0.7258333333333333,0.0434053888103513,1.2091763415444716,,P,T,256,2052,lda,5,10,0,0.5,0,30,0.7258333333333333,50,120,120.0,,,,,,True,none,0,ref_allmod_pooled_randomcv_nobal
stage2,T1_position,6v,noninitial,T/K,place,stop,pooled,300,0.6766666666666667,0.0370060055186241,0.920515480667933,,K,T,256,3886,lda,5,10,0,0.5,0,30,0.6766666666666667,50,120,120.0,,,,,,True,none,0,ref_allmod_pooled_randomcv_nobal
stage2,T1_position,6v,noninitial,B/D,place,stop,pooled,300,0.7445,0.0292313568317008,1.3144798005039338,,B,D,256,1168,lda,5,10,0,0.5,0,30,0.7445,50,120,120.0,,,,,,True,none,0,ref_allmod_pooled_randomcv_nobal
stage2,T1_position,6v,noninitial,D/G,place,stop,pooled,300,0.752,0.037064508330447,1.36157344167263,,D,G,256,662,lda,5,10,0,0.5,0,30,0.752,50,120,120.0,,,,,,True,none,0,ref_allmod_pooled_randomcv_nobal
stage2,T1_position,6v,initial,P/B,laryngeal,stop,pooled,300,0.6738038173947264,0.0330327180035303,0.9027538465874472,,B,P,256,1705,lda,5,10,0,0.5,577,30,0.6737533111049366,50,119,120.0,,,,,,True,trial,0,ref_allmod_pooled_trialcv_nobal
stage2,T1_position,6v,initial,T/D,laryngeal,stop,pooled,300,0.6752469963191889,0.0345494639468086,0.9094033533455051,,D,T,256,2260,lda,5,10,0,0.5,588,30,0.6752625729369269,50,119,120.0,,,,,,True,trial,0,ref_allmod_pooled_trialcv_nobal
stage2,T1_position,6v,initial,K/G,laryngeal,stop,pooled,300,0.6488662291362826,0.0461585711619994,0.7641518765107691,,G,K,256,1517,lda,5,10,0,0.5,583,30,0.6489045568213392,50,119,120.0,,,,,,True,trial,0,ref_allmod_pooled_trialcv_nobal
stage2,T1_position,6v,initial,F/V,laryngeal,fricative,pooled,300,0.6859879505521218,0.041062791820553,0.9689450252884356,,F,V,256,417,lda,5,10,0,0.5,576,30,0.6859560989163659,50,119,120.0,,,,,,True,trial,0,ref_allmod_pooled_trialcv_nobal
stage2,T1_position,6v,initial,TH/DH,laryngeal,fricative,pooled,300,0.7994970599810174,0.0296378765878252,1.6962109010270736,,DH,TH,256,715,lda,5,10,0,0.5,580,30,0.7994594331758822,50,119,120.0,,,,,,True,trial,0,ref_allmod_pooled_trialcv_nobal
stage2,T1_position,6v,initial,P/T,place,stop,pooled,300,0.7343115378382759,0.0376314774371557,1.251613096890114,,P,T,256,1705,lda,5,10,0,0.5,578,30,0.7343003149022878,50,119,120.0,,,,,,True,trial,0,ref_allmod_pooled_trialcv_nobal
stage2,T1_position,6v,initial,T/K,place,stop,pooled,300,0.7110060883857675,0.0275586617052169,1.1145150313803882,,K,T,256,2228,lda,5,10,0,0.5,589,30,0.7110131518014264,50,119,120.0,,,,,,True,trial,0,ref_allmod_pooled_trialcv_nobal
stage2,T1_position,6v,initial,B/D,place,stop,pooled,300,0.6526779753223603,0.0310093407371866,0.784784502501483,,B,D,256,2144,lda,5,10,0,0.5,583,30,0.6526647216819487,50,119,120.0,,,,,,True,trial,0,ref_allmod_pooled_trialcv_nobal
stage2,T1_position,6v,initial,D/G,place,stop,pooled,300,0.6322308262147834,0.0406991133427185,0.6756616276774923,,D,G,256,1517,lda,5,10,0,0.5,588,30,0.6320914605909048,50,119,120.0,,,,,,True,trial,0,ref_allmod_pooled_trialcv_nobal
stage2,T1_position,6v,noninitial,P/B,laryngeal,stop,pooled,300,0.6539999999999999,0.0474119066152046,0.7920077878606948,,B,P,256,1168,lda,5,10,0,0.5,584,30,0.6539999999999999,50,120,120.0,,,,,,True,trial,0,ref_allmod_pooled_trialcv_nobal
stage2,T1_position,6v,noninitial,T/D,laryngeal,stop,pooled,300,0.5483455911290136,0.0289050534078351,0.2430546033872388,,D,T,256,5311,lda,5,10,0,0.5,577,30,0.548315272760952,50,119,120.0,,,,,,True,trial,0,ref_allmod_pooled_trialcv_nobal
stage2,T1_position,6v,noninitial,K/G,laryngeal,stop,pooled,300,0.6097820450494248,0.0306155274954014,0.5575790605948058,,G,K,256,662,lda,5,10,0,0.5,583,30,0.6097814207650274,50,119,120.0,,,,,,True,trial,0,ref_allmod_pooled_trialcv_nobal
stage2,T1_position,6v,noninitial,F/V,laryngeal,fricative,pooled,300,0.5906666666666667,0.0358096821171779,0.4585485585694518,,F,V,256,1206,lda,5,10,0,0.5,584,30,0.5906666666666667,50,120,120.0,,,,,,True,trial,0,ref_allmod_pooled_trialcv_nobal
stage2,T1_position,6v,noninitial,TH/DH,laryngeal,fricative,pooled,300,0.6869978123480799,0.0395029675194138,0.9788901511547676,,DH,TH,256,453,lda,5,10,0,0.5,583,30,0.6870129202556265,50,119,120.0,,,,,,True,trial,0,ref_allmod_pooled_trialcv_nobal
stage2,T1_position,6v,noninitial,P/T,place,stop,pooled,300,0.7283020232886542,0.0404828013105639,1.2209125751746246,,P,T,256,2052,lda,5,10,0,0.5,580,30,0.7283457441882004,50,119,120.0,,,,,,True,trial,0,ref_allmod_pooled_trialcv_nobal
stage2,T1_position,6v,noninitial,T/K,place,stop,pooled,300,0.6808770400722272,0.0379194968595964,0.9425171374402116,,K,T,256,3886,lda,5,10,0,0.5,582,30,0.6808507918866353,50,119,120.0,,,,,,True,trial,0,ref_allmod_pooled_trialcv_nobal
stage2,T1_position,6v,noninitial,B/D,place,stop,pooled,300,0.7498604069727064,0.030993904535261,1.3478158759388512,,B,D,256,1168,lda,5,10,0,0.5,576,30,0.7499209039548022,50,119,120.0,,,,,,True,trial,0,ref_allmod_pooled_trialcv_nobal
stage2,T1_position,6v,noninitial,D/G,place,stop,pooled,300,0.7508243280783387,0.0263898094131645,1.3546439876592968,,D,G,256,662,lda,5,10,0,0.5,573,30,0.7508266648143003,50,119,120.0,,,,,,True,trial,0,ref_allmod_pooled_trialcv_nobal
