perm,stops_lar|place_all,stops_lar|place_vl,stops_lar|place_vd,fric_lar|place_all,delta_P/B,delta_T/D,delta_K/G,delta_F/V,delta_TH/DH,delta_P/T,delta_T/K,delta_B/D,delta_D/G
100,0.0008286836521964359,-0.023215738300595184,0.024873105604988056,-0.004763753024945229,0.005677236070381231,-0.005432401579661877,-0.03252976190476185,-0.01154761904761907,0.001209207459207412,-0.040299606957764605,-0.02765515458612075,0.03471102150537639,-0.006488095238095265
101,-0.017410694018541464,0.010318263333765686,-0.045139651370848626,0.07241600921173805,-0.01899285190615832,-0.027151414027378723,0.026428571428571385,-0.12749999999999997,-0.06529720279720283,-0.011734774751700455,0.019227505082588053,-0.06732190860215054,-0.03610119047619048
102,-0.013126128985766006,-0.023184522528825295,-0.0030677354427067136,-0.022162485687474018,-0.04494745845552295,0.002000476262486811,0.06544642857142854,0.10214285714285715,-0.06907051282051285,-0.005727325763396768,-0.025642088375325556,-0.012400720918866043,0.021264880952380882
103,-0.03529794535537,-0.023722038197981497,-0.0468738525127585,-0.034518281702455036,0.045003971163245365,0.01701544353842349,0.018139880952380866,-0.06107142857142853,0.11295163170163175,0.005990196078431459,5.257961638693853e-06,-0.011007579351388685,-0.029300595238095167
104,0.034541291078714696,0.03051228544218489,0.038570296715244506,0.01838241778547829,-0.04963724951124143,0.009194991103393613,-0.07438988095238092,-0.06904761904761904,0.024810606060606033,0.019009028429949643,-0.034539217119065685,-0.0383576185239492,0.0389434523809524
105,-0.004473522739171089,0.007213861925353417,-0.016160907403695596,-0.03536029044262639,0.0541964503910069,0.03611974916262978,-0.07052083333333334,0.07428571428571426,0.000684731934731897,0.005669909344160173,0.02195472532008222,-0.023723118279569938,0.004598214285714303
106,-0.01489129206152001,-0.013273189002543045,-0.016509395120496977,-0.002792585378929277,0.03942677785923754,0.009771648215840728,0.00654761904761908,-0.024285714285714258,0.037252331002331024,0.0018384345029739402,0.008779217573738202,0.0025232160312805008,0.0016220238095237816
107,-0.0053026853657210824,-0.0033559699080863946,-0.00724940082335577,0.016354304676211837,0.027113206902995873,0.004490713605753122,-0.02282738095238092,0.0677380952380952,-0.10520104895104898,-0.01722252577857461,0.016361612333313874,-0.020359084799609017,0.011711309523809527
108,0.003931301811580452,0.005676909423915624,0.002185694199245282,0.022508467064710797,-0.007567357038123196,0.0006488985850600371,0.0040029761904762096,0.012023809523809575,-0.051121794871794884,0.013494393693616769,-0.004084229687510155,-0.008539528347996095,0.010967261904762021
109,-0.002243341837657807,0.011198090758896483,-0.015684774434212095,-0.07550506741671521,-0.027721010508308885,0.006114113824416761,-0.038363095238095266,0.12023809523809524,-0.013694638694638689,-0.03083789616475513,0.013254083067889832,0.00122486127882232,-0.07257440476190477
110,-0.0039020660314587133,0.0022151378701001367,-0.010019269933017563,-0.08178556033689093,-0.010338007086998974,0.007714518010196236,-0.031443452380952336,0.11583333333333339,0.01722236097236099,-0.012932133811434626,-0.005348884753535149,-0.02539864369501471,-0.017351190476190465
111,-0.0024961344009148045,-0.009016543797217131,0.004024274995387526,0.05952385715703687,-0.00484100073313784,0.01599182206033936,-0.009330357142857154,-0.04500000000000007,-0.07782634032634037,-0.023468944762229993,0.00664949995735864,0.0053931451612903025,0.003869047619047661
112,0.05306808900170473,0.015044395598652328,0.09109178240475713,0.06101726899476485,0.0020307738197918312,-0.0024122340071115467,-0.029389880952380903,-0.04833333333333337,0.012587412587412694,0.01264693787529525,-0.002405707437791005,0.05322886119257092,0.10910714285714292
113,-0.028292336229808136,0.005028506975891415,-0.06161317943550768,-0.03323874052374299,-0.008715939638318682,0.01927330934059665,0.036979166666666674,0.03702380952380946,0.004560023310023337,0.014894184524317733,0.026853853673428185,-0.010835929863147548,-0.08069940476190474
114,-0.020802089487152012,-0.01650582018022107,-0.02509835879408295,-0.0049417129728860296,-0.05303066241159224,0.02073635489145323,0.03665178571428569,-0.06869047619047619,0.03987470862470868,-0.04638836477987418,0.016281709882196488,-0.020401851173020458,-0.026889880952380985
115,5.327966061811993e-05,-0.02168175504217979,0.021788314363416033,0.03579008822139994,-0.0014082355816226466,0.01382283209313892,0.03142857142857147,0.016190476190476186,-0.058435314685314654,0.0116951677623153,-0.025829899219949715,-0.004411854551204575,0.0772172619047618
116,-0.01804629308206401,-0.0022467761749354644,-0.03384580998919256,0.0633096051052207,-0.0168026026392962,0.006361160504513769,0.040282738095238024,-0.14999999999999997,0.0071824009324009674,0.038062032214917885,-0.02266138725781841,-0.039315279814271825,-0.008482142857142883
117,-0.01156810959674633,-0.015235879715292926,-0.007900339478199733,-0.07301580447666162,0.036037542766373526,-0.018541008691500716,-0.04470238095238094,0.09,0.014758158508158509,-0.05372475027746959,0.005115759595211655,0.01173173264907132,-0.04566964285714287
118,0.033242049542604915,0.017343987744739782,0.049140111340470055,0.06412889673537898,-0.020524804496578647,-0.017808347731292973,0.013616071428571436,-0.05499999999999999,-0.02325174825174825,0.002751522524829908,0.015458399098449538,-0.008391283566212299,0.09019345238095229
119,-0.036770224346215165,-0.03416525146232205,-0.03937519723010828,-0.06786601614052329,0.029269764173998097,0.00850804525826232,0.07812500000000006,0.0885714285714286,0.05088869463869461,0.01015090782321637,-0.0012128711263534875,-0.020648521505376327,0.01916666666666675
120,-0.014157705495539494,-0.017681425264104097,-0.010633985726974889,0.008294526718503038,0.028772380469783254,0.017307051770079962,-0.006130952380952348,-0.03416666666666662,0.01589452214452214,0.011992131250177868,-0.02072266187244548,0.0033405389281812026,0.0020238095238095943
121,-0.0038412515701046375,-0.004335120456393889,-0.0033473826838153857,0.03598394597358213,0.0637952101661779,-0.04695375423175441,0.008407738095238121,-0.07416666666666671,0.011349067599067592,0.013386500754147768,-0.005223945647161138,0.013411840175953121,-0.0032738095238094844
122,-0.03055968428443244,-4.6348749848912005e-05,-0.06107301981901595,-0.07686344595006087,-0.0005888013196480857,0.00010440193714839063,0.013169642857142783,-0.019404761904761883,0.12046911421911416,-0.0025984684633408306,0.0109625999467384,-0.06337671065493644,-0.050312500000000066
123,-0.0029211333210143586,0.008637904647217743,-0.014480171289246464,0.005256855607581993,-0.02576444892473123,0.006252773852378352,-0.0018303571428571197,-0.07797619047619052,0.04739219114219115,0.005388834343606791,-0.002341046525977969,0.0056955645161290425,-0.048883928571428634
124,-0.008006540337534729,-0.0134065993169678,-0.00260648135810166,-0.0011269748726795703,0.0635661045943304,-0.031501334273691006,-0.01223214285714283,-0.0013095238095237743,0.0007721445221444967,-0.02415046671789184,0.010559019726287283,-0.05446144916911039,0.062470238095238106
