session,partition,modality,input_layer_from,trial_idx,sentence,n_bins_trial,n_rnn_steps,n_phonemes_true,n_phonemes_decoded,edit_distance,per,aligned,align_logprob
t12.2022.08.18,train,nonvocal,t12.2022.08.13,0,there's probably some of each,224,49,24,24,3,0.125,True,-14.303772981815575
t12.2022.08.18,train,nonvocal,t12.2022.08.13,1,they're doing a lot of research here,292,66,28,28,7,0.25,True,-46.6587757817258
t12.2022.08.18,train,nonvocal,t12.2022.08.13,2,it seems absurd that people will pay,275,61,31,34,9,0.2903225806451613,True,-40.49957043727907
t12.2022.08.18,train,nonvocal,t12.2022.08.13,3,the wind normally blows,258,57,21,20,4,0.19047619047619047,True,-21.575743762859414
t12.2022.08.18,train,nonvocal,t12.2022.08.13,4,regular gas engine,203,43,18,17,8,0.4444444444444444,True,-26.739725743276068
t12.2022.08.18,train,nonvocal,t12.2022.08.13,5,blizzards now have a new visual effect,378,87,34,33,8,0.23529411764705882,True,-32.7477555996899
t12.2022.08.18,train,nonvocal,t12.2022.08.13,6,i know that one of the day cares,383,88,27,29,5,0.18518518518518517,True,-28.936056582201683
t12.2022.08.18,train,nonvocal,t12.2022.08.13,7,what work are you in,219,47,17,16,1,0.058823529411764705,True,-6.263432578675299
t12.2022.08.18,train,nonvocal,t12.2022.08.13,8,just the regular channel,212,46,22,20,3,0.13636363636363635,True,-18.245686062293196
t12.2022.08.18,train,nonvocal,t12.2022.08.13,9,it's nothing like what it used to be,310,70,32,31,5,0.15625,True,-31.868072293585385
t12.2022.08.18,train,nonvocal,t12.2022.08.13,10,they're very comfortable,223,48,20,21,2,0.1,True,-8.215242889822182
t12.2022.08.18,train,nonvocal,t12.2022.08.13,11,in this equation there are two variables,333,76,35,32,5,0.14285714285714285,True,-17.550010992257008
t12.2022.08.18,train,nonvocal,t12.2022.08.13,12,how did you make a quilt,258,57,22,19,3,0.13636363636363635,True,-17.603289860879727
t12.2022.08.18,train,nonvocal,t12.2022.08.13,13,but i'm sure i'm just being paranoid,313,71,32,31,9,0.28125,True,-56.09464698231867
t12.2022.08.18,train,nonvocal,t12.2022.08.13,14,raised in this area,178,37,17,16,7,0.4117647058823529,True,-24.560985463924137
t12.2022.08.18,train,nonvocal,t12.2022.08.13,15,they turn them loose,197,42,15,19,7,0.4666666666666667,True,-27.948382069242644
t12.2022.08.18,train,nonvocal,t12.2022.08.13,16,i think we usually have a frost in october,408,95,41,40,6,0.14634146341463414,True,-32.44462286218901
t12.2022.08.18,train,nonvocal,t12.2022.08.13,17,what was the actual starting point for the story,394,91,45,36,13,0.28888888888888886,True,-62.10496078407948
t12.2022.08.18,train,nonvocal,t12.2022.08.13,18,i bet you it is a dutch iris,415,96,26,28,6,0.23076923076923078,True,-38.481342221946825
t12.2022.08.18,train,nonvocal,t12.2022.08.13,19,a lot of people choose to,299,67,22,20,3,0.13636363636363635,True,-24.54826148785971
t12.2022.08.18,train,nonvocal,t12.2022.08.13,20,well i know about it,225,49,17,18,4,0.23529411764705882,True,-12.786718419129025
t12.2022.08.18,train,nonvocal,t12.2022.08.13,21,i just wanted more news,276,62,22,23,5,0.22727272727272727,True,-23.385467992242784
t12.2022.08.18,train,nonvocal,t12.2022.08.13,22,she wanted her voice to be heard,303,68,27,27,4,0.14814814814814814,True,-25.780139467394775
t12.2022.08.18,train,nonvocal,t12.2022.08.13,23,what do you usually do as far as budgeting,367,84,40,33,11,0.275,True,-69.81656256315226
t12.2022.08.18,train,nonvocal,t12.2022.08.13,24,it looked like something out of africa,340,78,32,30,11,0.34375,True,-57.71840198370986
t12.2022.08.18,train,nonvocal,t12.2022.08.13,25,where was that at,150,30,15,14,7,0.4666666666666667,True,-47.26908410358099
t12.2022.08.18,train,nonvocal,t12.2022.08.13,26,your going to have to expect that to happen,339,77,40,37,11,0.275,True,-75.27284211425828
t12.2022.08.18,train,nonvocal,t12.2022.08.13,27,so we don't have to have quite as strict,371,85,37,34,7,0.1891891891891892,True,-40.918355834975394
t12.2022.08.18,train,nonvocal,t12.2022.08.13,28,what was going on there,231,50,20,20,0,0.0,True,-2.173200983918584
t12.2022.08.18,train,nonvocal,t12.2022.08.13,29,you consider how much,234,51,18,18,3,0.16666666666666666,True,-11.697074703997227
t12.2022.08.18,train,nonvocal,t12.2022.08.13,30,regardless whether it's north dallas or whatnot,382,88,40,35,19,0.475,True,-106.98736388294738
t12.2022.08.18,train,nonvocal,t12.2022.08.13,31,there was no point in dealing with him,350,80,33,33,5,0.15151515151515152,True,-25.00608842245483
t12.2022.08.18,train,nonvocal,t12.2022.08.13,32,like that girl in new york that got beat up,446,104,38,39,8,0.21052631578947367,True,-52.41859497783404
t12.2022.08.18,train,nonvocal,t12.2022.08.13,33,i would probably pick sam huff,295,66,27,28,7,0.25925925925925924,True,-33.929238880863565
t12.2022.08.18,train,nonvocal,t12.2022.08.13,34,my voice has always been right in front of you,399,92,40,38,7,0.175,True,-41.027499031924506
t12.2022.08.18,train,nonvocal,t12.2022.08.13,35,last year or the year before,268,60,25,23,2,0.08,True,-10.221846597792611
t12.2022.08.18,train,nonvocal,t12.2022.08.13,36,attorneys care about justice,281,63,23,23,11,0.4782608695652174,True,-45.87797011555549
t12.2022.08.18,train,nonvocal,t12.2022.08.13,37,i got a twelve year old,277,62,22,21,4,0.18181818181818182,True,-18.505473081063812
t12.2022.08.18,train,nonvocal,t12.2022.08.13,38,tv's a surrogate parent,271,60,21,23,6,0.2857142857142857,True,-42.63161336960064
t12.2022.08.18,train,nonvocal,t12.2022.08.13,39,your decisions are bad and you should feel bad,399,92,39,37,7,0.1794871794871795,True,-26.652883012200284
t12.2022.08.18,train,nonvocal,t12.2022.08.13,40,i can't remember offhand what time,309,70,30,29,5,0.16666666666666666,True,-22.0328066641297
t12.2022.08.18,train,nonvocal,t12.2022.08.13,41,to me it's amazing,204,44,17,16,6,0.35294117647058826,True,-25.999216195444223
t12.2022.08.18,train,nonvocal,t12.2022.08.13,42,this is a turning point he said,284,64,27,27,1,0.037037037037037035,True,-6.246238699259591
t12.2022.08.18,train,nonvocal,t12.2022.08.13,43,then it's random and that's not necessarily fair,373,86,43,43,12,0.27906976744186046,True,-65.6156721271102
t12.2022.08.18,train,nonvocal,t12.2022.08.13,44,i have enough of that in my own life,364,84,31,30,8,0.25806451612903225,True,-44.87087569060773
t12.2022.08.18,train,nonvocal,t12.2022.08.13,45,i'm trying to,156,32,12,11,3,0.25,True,-12.182271758994679
t12.2022.08.18,train,nonvocal,t12.2022.08.13,46,i've nailed the problem down,252,56,23,26,7,0.30434782608695654,True,-43.951121375621966
t12.2022.08.18,train,nonvocal,t12.2022.08.13,47,it's not david is it,214,46,20,21,5,0.25,True,-25.13923198046591
t12.2022.08.18,train,nonvocal,t12.2022.08.13,48,and that gets me to my point,291,65,27,27,0,0.0,True,-2.6772055059010476
t12.2022.08.18,train,nonvocal,t12.2022.08.13,49,a certain kind of sound,277,62,21,25,10,0.47619047619047616,True,-37.49232463166397
t12.2022.08.18,train,nonvocal,t12.2022.08.13,50,inside the jail there,194,41,17,18,5,0.29411764705882354,True,-18.137726850329138
t12.2022.08.18,train,nonvocal,t12.2022.08.13,51,you are in new york right now,278,62,24,23,6,0.25,True,-30.415636066540735
t12.2022.08.18,train,nonvocal,t12.2022.08.13,52,i've seen a lot of people that do that,373,86,33,33,1,0.030303030303030304,True,-8.712931520934143
t12.2022.08.18,train,nonvocal,t12.2022.08.13,53,i don't have a real love for miami anyway,416,97,37,38,5,0.13513513513513514,True,-27.604718206472896
t12.2022.08.18,train,nonvocal,t12.2022.08.13,54,vision for the future,231,50,19,19,7,0.3684210526315789,True,-32.32242411851042
t12.2022.08.18,train,nonvocal,t12.2022.08.13,55,raise my children,187,39,15,16,3,0.2,True,-9.687262018159942
t12.2022.08.18,train,nonvocal,t12.2022.08.13,56,i don't know what the solution is,332,76,28,34,9,0.32142857142857145,True,-48.27032778750416
t12.2022.08.18,train,nonvocal,t12.2022.08.13,57,cia spokesman dean boyd declined to comment,462,108,40,42,22,0.55,True,-133.67289744032337
t12.2022.08.18,train,nonvocal,t12.2022.08.13,58,what area of the country do you live in,335,76,35,33,7,0.2,True,-52.21496161910761
t12.2022.08.18,train,nonvocal,t12.2022.08.13,59,they want the fun part,259,57,20,19,3,0.15,True,-10.398168556765464
t12.2022.08.18,train,nonvocal,t12.2022.08.13,60,i saw city slickers,254,56,17,19,9,0.5294117647058824,True,-38.69329803454649
t12.2022.08.18,train,nonvocal,t12.2022.08.13,61,i think that a majority of the places in the united states,516,122,55,49,11,0.2,True,-67.50495563635813
t12.2022.08.18,train,nonvocal,t12.2022.08.13,62,your feedback is welcome as usual,311,70,32,27,13,0.40625,True,-100.51787585108319
t12.2022.08.18,train,nonvocal,t12.2022.08.13,63,thank you for participating,249,55,25,24,12,0.48,True,-49.845483987141876
t12.2022.08.18,train,nonvocal,t12.2022.08.13,64,there's a couple of things that really bother me,379,87,38,39,2,0.05263157894736842,True,-7.266835383243559
t12.2022.08.18,train,nonvocal,t12.2022.08.13,65,you can do graphs,192,41,16,16,2,0.125,True,-12.032485499818414
t12.2022.08.18,train,nonvocal,t12.2022.08.13,66,any sports or anything like that,288,65,29,30,5,0.1724137931034483,True,-17.379761142730146
t12.2022.08.18,train,nonvocal,t12.2022.08.13,67,magazines and bills,220,48,18,19,4,0.2222222222222222,True,-37.66347935488288
t12.2022.08.18,train,nonvocal,t12.2022.08.13,68,left here in seventy six,239,52,25,24,4,0.16,True,-14.533271642129641
t12.2022.08.18,train,nonvocal,t12.2022.08.13,69,your voice needs to be heard,299,67,23,22,6,0.2608695652173913,True,-55.89299165750415
t12.2022.08.18,train,nonvocal,t12.2022.08.13,70,i bet it had a pretty coat too,353,81,28,27,5,0.17857142857142858,True,-31.01370430765873
t12.2022.08.18,train,nonvocal,t12.2022.08.13,71,that when you say everybody get out of it,358,82,36,34,8,0.2222222222222222,True,-38.58004992520499
t12.2022.08.18,train,nonvocal,t12.2022.08.13,72,have a half bath downstairs,282,63,23,20,8,0.34782608695652173,True,-33.68233250220557
t12.2022.08.18,train,nonvocal,t12.2022.08.13,73,and hey that leads us to our next point,388,90,36,36,9,0.25,True,-59.7564903038997
t12.2022.08.18,train,nonvocal,t12.2022.08.13,74,do you go see a lot of musicals,368,85,31,30,7,0.22580645161290322,True,-36.67064969612379
t12.2022.08.18,train,nonvocal,t12.2022.08.13,75,hope you enjoyed this tutorial,270,60,26,22,8,0.3076923076923077,True,-47.446148332014886
t12.2022.08.18,train,nonvocal,t12.2022.08.13,76,more areas where they would pick it up,345,79,31,30,8,0.25806451612903225,True,-49.86074558379614
t12.2022.08.18,train,nonvocal,t12.2022.08.13,77,out in the soviet union right now,352,81,30,27,7,0.23333333333333334,True,-39.40895789238721
t12.2022.08.18,train,nonvocal,t12.2022.08.13,78,that wasn't a standard,238,52,21,17,6,0.2857142857142857,True,-21.788630317392066
t12.2022.08.18,train,nonvocal,t12.2022.08.13,79,cream sauce with it and you pour it over rice,384,89,38,35,14,0.3684210526315789,True,-51.4408525780079
t12.2022.08.18,train,nonvocal,t12.2022.08.13,80,we stand with all those who share this vision,358,82,37,36,12,0.32432432432432434,True,-69.0053404459889
t12.2022.08.18,train,nonvocal,t12.2022.08.13,81,what changes do we see,221,48,20,18,6,0.3,True,-37.365659813506475
t12.2022.08.18,train,nonvocal,t12.2022.08.13,82,they're going to have to go to the source,354,81,33,32,1,0.030303030303030304,True,-10.061917057680773
t12.2022.08.18,train,nonvocal,t12.2022.08.13,83,it's just brilliant,171,35,18,15,4,0.2222222222222222,True,-22.6544295935617
t12.2022.08.18,train,nonvocal,t12.2022.08.13,84,i enjoyed some of those stories so much,375,86,33,33,10,0.30303030303030304,True,-53.6869740146161
t12.2022.08.18,train,nonvocal,t12.2022.08.13,85,their own power structure,260,58,19,17,3,0.15789473684210525,True,-20.0805001039733
t12.2022.08.18,train,nonvocal,t12.2022.08.13,86,it slices great,159,32,15,14,5,0.3333333333333333,True,-35.76562117265933
t12.2022.08.18,train,nonvocal,t12.2022.08.13,87,i was the one that did the least poorly,364,84,35,35,4,0.11428571428571428,True,-22.59238185580996
t12.2022.08.18,train,nonvocal,t12.2022.08.13,88,i had one cat for eighteen years,336,77,28,33,11,0.39285714285714285,True,-40.91168235910391
t12.2022.08.18,train,nonvocal,t12.2022.08.13,89,they have your identification,284,64,25,25,9,0.36,True,-65.32775584986038
t12.2022.08.18,train,nonvocal,t12.2022.08.13,90,all those european countries,304,69,24,23,10,0.4166666666666667,True,-54.254411236928405
t12.2022.08.18,train,nonvocal,t12.2022.08.13,91,it was just wonderful,206,44,21,20,4,0.19047619047619047,True,-15.655763298691111
t12.2022.08.18,train,nonvocal,t12.2022.08.13,92,mostly it dealt with,234,51,19,21,7,0.3684210526315789,True,-30.057192822711027
t12.2022.08.18,train,nonvocal,t12.2022.08.13,93,a lot of those are really violent type movies,449,105,39,37,7,0.1794871794871795,True,-24.72679047513891
t12.2022.08.18,train,nonvocal,t12.2022.08.13,94,there's life in there,207,44,16,17,3,0.1875,True,-6.816604528045937
t12.2022.08.18,train,nonvocal,t12.2022.08.13,95,it had real good tips,274,61,20,19,6,0.3,True,-28.786193338469108
t12.2022.08.18,train,nonvocal,t12.2022.08.13,96,i see him out there,216,47,16,17,5,0.3125,True,-18.788866699602462
t12.2022.08.18,train,nonvocal,t12.2022.08.13,97,i don't know what per month,253,56,22,24,5,0.22727272727272727,True,-45.768103788900014
t12.2022.08.18,train,nonvocal,t12.2022.08.13,98,they can just dip it,205,44,19,19,4,0.21052631578947367,True,-18.44923347192416
t12.2022.08.18,train,nonvocal,t12.2022.08.13,99,my whole family's home,228,50,19,17,6,0.3157894736842105,True,-26.08423211951272
t12.2022.08.18,train,nonvocal,t12.2022.08.13,100,i do feel it is,213,46,15,16,4,0.26666666666666666,True,-15.29486715756392
t12.2022.08.18,train,nonvocal,t12.2022.08.13,101,one of those interests,268,60,20,22,3,0.15,True,-22.270257253908934
t12.2022.08.18,train,nonvocal,t12.2022.08.13,102,well i really did not know,270,60,22,23,3,0.13636363636363635,True,-25.70921088258538
t12.2022.08.18,train,nonvocal,t12.2022.08.13,103,field of dreams was good,239,52,22,28,16,0.7272727272727273,True,-80.5035104827123
t12.2022.08.18,train,nonvocal,t12.2022.08.13,104,side dishes and appetizers,297,67,23,24,12,0.5217391304347826,True,-52.11696494652515
t12.2022.08.18,train,nonvocal,t12.2022.08.13,105,that was our last tour,242,53,20,19,5,0.25,True,-28.01152799713589
t12.2022.08.18,train,nonvocal,t12.2022.08.13,106,exactly what things are,249,55,21,23,9,0.42857142857142855,True,-48.360031495565224
t12.2022.08.18,train,nonvocal,t12.2022.08.13,107,it was very nice talking to you,324,74,28,28,1,0.03571428571428571,True,-8.649638868521851
t12.2022.08.18,train,nonvocal,t12.2022.08.13,108,when i changed those over,240,53,20,18,5,0.25,True,-24.488815817754524
t12.2022.08.18,train,nonvocal,t12.2022.08.13,109,you come out positive,232,51,18,20,7,0.3888888888888889,True,-29.166225910061662
t12.2022.08.18,train,nonvocal,t12.2022.08.13,110,here in texas they don't have snow,347,79,30,29,2,0.06666666666666667,True,-14.274100144134078
t12.2022.08.18,train,nonvocal,t12.2022.08.13,111,it tastes differently,266,59,19,22,7,0.3684210526315789,True,-33.557970570899364
t12.2022.08.18,train,nonvocal,t12.2022.08.13,112,he's really affectionate,272,61,19,18,8,0.42105263157894735,True,-35.62346153994549
t12.2022.08.18,train,nonvocal,t12.2022.08.13,113,i love cheese cake,263,58,14,15,5,0.35714285714285715,True,-31.011685894101525
t12.2022.08.18,train,nonvocal,t12.2022.08.13,114,i did peace corps training there,319,72,25,29,7,0.28,True,-31.575115391094187
t12.2022.08.18,train,nonvocal,t12.2022.08.13,115,then we came back and ate,295,66,22,23,3,0.13636363636363635,True,-11.748825897736314
t12.2022.08.18,train,nonvocal,t12.2022.08.13,116,she feels that way,190,40,15,15,3,0.2,True,-6.277793237701136
t12.2022.08.18,train,nonvocal,t12.2022.08.13,117,now that's another one i wanted to see,386,89,33,33,5,0.15151515151515152,True,-26.816350981720447
t12.2022.08.18,train,nonvocal,t12.2022.08.13,118,i would have more problem,310,70,22,23,3,0.13636363636363635,True,-15.29946409684176
t12.2022.08.18,train,nonvocal,t12.2022.08.13,119,one in the morning and one in the evening,350,80,37,39,9,0.24324324324324326,True,-38.20705676293361
t12.2022.08.18,train,nonvocal,t12.2022.08.13,120,we enjoyed having her here,325,74,22,22,7,0.3181818181818182,True,-44.14624823136739
t12.2022.08.18,train,nonvocal,t12.2022.08.13,121,have you had any experience with it at all,389,90,39,39,3,0.07692307692307693,True,-12.140830875278224
t12.2022.08.18,train,nonvocal,t12.2022.08.13,122,i really dislike those,214,46,18,19,4,0.2222222222222222,True,-12.127927751244863
t12.2022.08.18,train,nonvocal,t12.2022.08.13,123,you don't look at it,209,45,18,18,2,0.1111111111111111,True,-7.471701184998703
t12.2022.08.18,train,nonvocal,t12.2022.08.13,124,i've got a two year old and a four year old,437,102,38,38,9,0.23684210526315788,True,-30.429255552754302
t12.2022.08.18,train,nonvocal,t12.2022.08.13,125,i wouldn't see it,233,51,15,15,2,0.13333333333333333,True,-4.360567543438837
t12.2022.08.18,train,nonvocal,t12.2022.08.13,126,that was kind of funny,235,51,21,21,1,0.047619047619047616,True,-7.292533843729921
t12.2022.08.18,train,nonvocal,t12.2022.08.13,127,i have heard that's real good,323,73,23,24,8,0.34782608695652173,True,-37.7797008681395
t12.2022.08.18,train,nonvocal,t12.2022.08.13,128,why not have the whole service,258,57,24,23,4,0.16666666666666666,True,-17.584946409304518
t12.2022.08.18,train,nonvocal,t12.2022.08.13,129,on top of the federal tax on gasoline,390,90,36,37,11,0.3055555555555556,True,-67.90731953073306
t12.2022.08.18,train,nonvocal,t12.2022.08.13,130,they're not really cabins,252,56,20,22,5,0.25,True,-19.562684996598808
t12.2022.08.18,train,nonvocal,t12.2022.08.13,131,it's kind of pricey,258,57,18,19,4,0.2222222222222222,True,-8.171993290978845
t12.2022.08.18,train,nonvocal,t12.2022.08.13,132,something like that they call it,314,71,25,27,3,0.12,True,-20.420355317974277
t12.2022.08.18,train,nonvocal,t12.2022.08.13,133,i know you would,224,49,12,14,3,0.25,True,-11.032475605945292
t12.2022.08.18,train,nonvocal,t12.2022.08.13,134,up in minnesota where i am now,340,78,27,28,7,0.25925925925925924,True,-33.48078734700485
t12.2022.08.18,train,nonvocal,t12.2022.08.13,135,i've been cut off twice,263,58,19,21,9,0.47368421052631576,True,-58.17694116475699
t12.2022.08.18,train,nonvocal,t12.2022.08.13,136,to make it more homelike,291,65,21,23,6,0.2857142857142857,True,-26.915702022767334
t12.2022.08.18,train,nonvocal,t12.2022.08.13,137,ours is not a working farm,287,64,24,25,7,0.2916666666666667,True,-43.74257552174557
t12.2022.08.18,train,nonvocal,t12.2022.08.13,138,we're going to go vote,238,52,19,20,3,0.15789473684210525,True,-17.665390959496406
t12.2022.08.18,train,nonvocal,t12.2022.08.13,139,with the nice lids,242,53,16,17,8,0.5,True,-34.391843364011955
t12.2022.08.18,train,nonvocal,t12.2022.08.13,140,tried to break that off,261,58,20,22,7,0.35,True,-24.432002394759717
t12.2022.08.18,train,nonvocal,t12.2022.08.13,141,i work at the applied research lab here,406,94,32,33,13,0.40625,True,-101.08819489885863
t12.2022.08.18,train,nonvocal,t12.2022.08.13,142,a whole lot to do with it,334,76,23,23,5,0.21739130434782608,True,-22.371427312803686
t12.2022.08.18,train,nonvocal,t12.2022.08.13,143,you've got to work for a living,316,72,27,28,5,0.18518518518518517,True,-21.86527955325943
t12.2022.08.18,train,nonvocal,t12.2022.08.13,144,i live right near white rock lake,356,82,26,28,7,0.2692307692307692,True,-31.19178516836792
t12.2022.08.18,train,nonvocal,t12.2022.08.13,145,that is horrible,167,34,15,14,4,0.26666666666666666,True,-16.121261740173527
t12.2022.08.18,train,nonvocal,t12.2022.08.13,146,i was just real curious when you said middle east,455,106,44,42,14,0.3181818181818182,True,-48.191885653605326
t12.2022.08.18,train,nonvocal,t12.2022.08.13,147,rather than just quitting where we did,360,83,32,35,12,0.375,True,-66.329732439908
t12.2022.08.18,train,nonvocal,t12.2022.08.13,148,i'll have a friend next to me or i see somebody,513,121,43,41,9,0.20930232558139536,True,-36.073795334755
t12.2022.08.18,train,nonvocal,t12.2022.08.13,149,life of a person,199,42,15,16,2,0.13333333333333333,True,-14.101861811499196
t12.2022.08.18,train,nonvocal,t12.2022.08.13,150,that's pleasurable for all of us,278,62,28,26,5,0.17857142857142858,True,-24.06981159299705
t12.2022.08.18,train,nonvocal,t12.2022.08.13,151,one on every hook,247,54,16,18,6,0.375,True,-37.647849861814464
t12.2022.08.18,train,nonvocal,t12.2022.08.13,152,in terms of colorado,266,59,19,21,6,0.3157894736842105,True,-36.20140077573982
t12.2022.08.18,train,nonvocal,t12.2022.08.13,153,did a lot of growing up,280,63,22,22,3,0.13636363636363635,True,-12.750711899833522
t12.2022.08.18,train,nonvocal,t12.2022.08.13,154,he just quit a perfectly good job,369,85,32,30,9,0.28125,True,-49.88646631910122
t12.2022.08.18,train,nonvocal,t12.2022.08.13,155,biscuits and gravy,192,41,18,19,8,0.4444444444444444,True,-36.596457485777925
t12.2022.08.18,train,nonvocal,t12.2022.08.13,156,just channel eight,204,44,14,13,6,0.42857142857142855,True,-28.64264886346078
t12.2022.08.18,train,nonvocal,t12.2022.08.13,157,personal computers and level of interest,363,83,39,38,11,0.28205128205128205,True,-39.37929643331726
t12.2022.08.18,train,nonvocal,t12.2022.08.13,158,you can tell when you go around cities,352,81,32,31,6,0.1875,True,-29.978261093591062
t12.2022.08.18,train,nonvocal,t12.2022.08.13,159,the training bit,167,34,14,16,6,0.42857142857142855,True,-28.173035729416217
t12.2022.08.18,train,nonvocal,t12.2022.08.13,160,can ask for delays and extensions,334,76,33,31,13,0.3939393939393939,True,-61.77246435733044
t12.2022.08.18,train,nonvocal,t12.2022.08.13,161,a good appearance to do a good job where you work,458,107,41,39,12,0.2926829268292683,True,-61.33766959557123
t12.2022.08.18,train,nonvocal,t12.2022.08.13,162,my dad is a big blue grass fan,362,83,29,30,7,0.2413793103448276,True,-39.92864276768737
t12.2022.08.18,train,nonvocal,t12.2022.08.13,163,the man who was doing the separating,363,83,31,31,4,0.12903225806451613,True,-34.71481535615053
t12.2022.08.18,train,nonvocal,t12.2022.08.13,164,taking care of them and maybe putting flowers in,371,85,41,37,10,0.24390243902439024,True,-51.72812340377126
t12.2022.08.18,train,nonvocal,t12.2022.08.13,165,that is pretty much like my husband,338,77,32,30,7,0.21875,True,-27.04328438509651
t12.2022.08.18,train,nonvocal,t12.2022.08.13,166,i think it's four cups of flour,328,75,28,28,5,0.17857142857142858,True,-36.11520592685443
t12.2022.08.18,train,nonvocal,t12.2022.08.13,167,then by all means they should have the right to,403,93,36,36,10,0.2777777777777778,True,-52.23154611299173
t12.2022.08.18,train,nonvocal,t12.2022.08.13,168,i usually put garlic powder in mine,397,92,34,35,10,0.29411764705882354,True,-72.06122289352197
t12.2022.08.18,train,nonvocal,t12.2022.08.13,169,the type of music,218,47,17,16,4,0.23529411764705882,True,-21.32903875668238
t12.2022.08.18,train,nonvocal,t12.2022.08.13,170,on the space frontier,242,53,19,16,3,0.15789473684210525,True,-21.37917996869023
t12.2022.08.18,train,nonvocal,t12.2022.08.13,171,we figure we'll get the kids,304,69,25,25,8,0.32,True,-52.82917074140112
t12.2022.08.18,train,nonvocal,t12.2022.08.13,172,they had been going to it for years,344,79,31,32,2,0.06451612903225806,True,-10.169598901514073
t12.2022.08.18,train,nonvocal,t12.2022.08.13,173,sort of like an exchange program,324,74,31,33,11,0.3548387096774194,True,-35.65199639324991
t12.2022.08.18,train,nonvocal,t12.2022.08.13,174,because it's not next day they have,410,95,30,32,8,0.26666666666666666,True,-61.12305874323328
t12.2022.08.18,train,nonvocal,t12.2022.08.13,175,not to go the same time all the time,372,86,31,32,7,0.22580645161290322,True,-35.019350169927726
t12.2022.08.18,train,nonvocal,t12.2022.08.13,176,what you're describing is actually a conflict,385,89,41,39,14,0.34146341463414637,True,-93.82828773414603
t12.2022.08.18,train,nonvocal,t12.2022.08.13,177,that i think should change,257,57,20,23,7,0.35,True,-47.49693721020474
t12.2022.08.18,train,nonvocal,t12.2022.08.13,178,civil things that clog the courts,338,77,29,32,14,0.4827586206896552,True,-60.92327097994307
t12.2022.08.18,train,nonvocal,t12.2022.08.13,179,i wouldn't want them to be on drugs,384,89,33,31,3,0.09090909090909091,True,-11.815999676677949
t12.2022.08.18,train,nonvocal,t12.2022.08.13,180,and it's a real turn off to see,375,86,27,28,5,0.18518518518518517,True,-20.40947439473916
t12.2022.08.18,train,nonvocal,t12.2022.08.13,181,i couldn't understand,221,48,19,18,7,0.3684210526315789,True,-19.1110733609173
t12.2022.08.18,train,nonvocal,t12.2022.08.13,182,it was like i was sitting on the edge of my chair,535,126,42,43,8,0.19047619047619047,True,-44.018548584522705
t12.2022.08.18,train,nonvocal,t12.2022.08.13,183,a software engineer and i work in the software,449,105,42,39,14,0.3333333333333333,True,-88.01110893978574
t12.2022.08.18,train,nonvocal,t12.2022.08.13,184,i think that'd be neat,257,57,20,18,5,0.25,True,-31.517762985647256
t12.2022.08.18,train,nonvocal,t12.2022.08.13,185,i come from florida,238,52,19,19,8,0.42105263157894735,True,-44.548827987621195
t12.2022.08.18,train,nonvocal,t12.2022.08.13,186,if i'm lucky,199,42,11,11,2,0.18181818181818182,True,-18.261125368756264
t12.2022.08.18,train,nonvocal,t12.2022.08.13,187,having to do more with the size of the school,438,102,38,38,4,0.10526315789473684,True,-16.239993820125147
t12.2022.08.18,train,nonvocal,t12.2022.08.13,188,i love to run in the rain,274,61,23,24,2,0.08695652173913043,True,-14.169797833014295
t12.2022.08.18,train,nonvocal,t12.2022.08.13,189,you keep up on it all the time,323,73,26,25,2,0.07692307692307693,True,-11.595294377607743
t12.2022.08.18,train,nonvocal,t12.2022.08.13,190,i have five in the kitchen at the moment,385,89,35,37,5,0.14285714285714285,True,-31.580273365769038
t12.2022.08.18,train,nonvocal,t12.2022.08.13,191,i think he'd like that one,299,67,23,23,2,0.08695652173913043,True,-14.879116810941825
t12.2022.08.18,train,nonvocal,t12.2022.08.13,192,our baby's quilt,241,53,15,13,5,0.3333333333333333,True,-14.92267348846066
t12.2022.08.18,train,nonvocal,t12.2022.08.13,193,if you happened to close it on him or something,416,97,41,40,9,0.21951219512195122,True,-41.9460869586875
t12.2022.08.18,train,nonvocal,t12.2022.08.13,194,i'd be tried by a jury,283,63,21,19,7,0.3333333333333333,True,-20.90267642694728
t12.2022.08.18,train,nonvocal,t12.2022.08.13,195,some days it just rings off the wall,338,77,31,33,11,0.3548387096774194,True,-36.81820343148234
t12.2022.08.18,train,nonvocal,t12.2022.08.13,196,lose your job and everything,264,59,24,24,3,0.125,True,-15.836821743568578
t12.2022.08.18,train,nonvocal,t12.2022.08.13,197,friction between us,256,57,18,15,8,0.4444444444444444,True,-40.162264561349865
t12.2022.08.18,train,nonvocal,t12.2022.08.13,198,i don't know what to do if you can't afford it,457,107,40,48,11,0.275,True,-51.326594882027905
t12.2022.08.18,train,nonvocal,t12.2022.08.13,199,i try to make sure,241,53,17,17,3,0.17647058823529413,True,-15.848264365974025
t12.2022.08.18,train,nonvocal,t12.2022.08.13,200,that sounds nice,176,37,14,15,6,0.42857142857142855,True,-18.00442993708611
t12.2022.08.18,train,nonvocal,t12.2022.08.13,201,that is really upsetting,228,50,20,19,3,0.15,True,-19.164906756506003
t12.2022.08.18,train,nonvocal,t12.2022.08.13,202,is this some sort of a disease,320,73,27,28,6,0.2222222222222222,True,-31.901473809322884
t12.2022.08.18,train,nonvocal,t12.2022.08.13,203,my wife kind of laughs,236,52,20,20,4,0.2,True,-19.51091558055952
t12.2022.08.18,train,nonvocal,t12.2022.08.13,204,all of the stations seem to be pretty good,409,95,37,39,9,0.24324324324324326,True,-52.41498874229138
t12.2022.08.18,train,nonvocal,t12.2022.08.13,205,it's the taxes here,193,41,18,17,2,0.1111111111111111,True,-5.412129445280792
t12.2022.08.18,train,nonvocal,t12.2022.08.13,206,orthodontic care,215,46,15,16,6,0.4,True,-59.590266761957224
t12.2022.08.18,train,nonvocal,t12.2022.08.13,207,they didn't go to vote against,339,77,27,25,11,0.4074074074074074,True,-77.85741891972046
t12.2022.08.18,train,nonvocal,t12.2022.08.13,208,it doesn't matter if you want to be a nurse,444,104,38,38,6,0.15789473684210525,True,-31.37542252704054
t12.2022.08.18,train,nonvocal,t12.2022.08.13,209,well that's a neat idea,239,52,20,24,9,0.45,True,-33.199635253996256
t12.2022.08.18,train,nonvocal,t12.2022.08.13,210,maybe if they ever get to the point,331,75,30,35,8,0.26666666666666666,True,-39.14037634238465
t12.2022.08.18,train,nonvocal,t12.2022.08.13,211,handle and perform better,278,62,23,20,11,0.4782608695652174,True,-47.59803290229934
t12.2022.08.18,train,nonvocal,t12.2022.08.13,212,that's because i'm allergic to the grass,374,86,32,33,10,0.3125,True,-38.50397392601945
t12.2022.08.18,train,nonvocal,t12.2022.08.13,213,should he be for this and on and on and on,422,98,39,39,6,0.15384615384615385,True,-29.354139340594987
t12.2022.08.18,train,nonvocal,t12.2022.08.13,214,as far as this country is concerned,353,81,32,31,5,0.15625,True,-20.755460318948362
t12.2022.08.18,train,nonvocal,t12.2022.08.13,215,he would get all upset,279,62,20,22,5,0.25,True,-18.067171572086995
t12.2022.08.18,train,nonvocal,t12.2022.08.13,216,at least we hope it will,252,56,22,21,3,0.13636363636363635,True,-27.821337187667666
t12.2022.08.18,train,nonvocal,t12.2022.08.13,217,i have a garden,192,41,15,15,1,0.06666666666666667,True,-3.3452222684099766
t12.2022.08.18,train,nonvocal,t12.2022.08.13,218,that helps a lot,205,44,16,16,5,0.3125,True,-17.207451073928517
t12.2022.08.18,train,nonvocal,t12.2022.08.13,219,you just have to pick something,261,58,26,25,5,0.19230769230769232,True,-27.346053803416083
t12.2022.08.18,train,nonvocal,t12.2022.08.13,220,how many cats do you have,260,58,23,23,4,0.17391304347826086,True,-29.432432762048624
t12.2022.08.18,train,nonvocal,t12.2022.08.13,221,i've had the same experiences,283,63,27,26,4,0.14814814814814814,True,-13.917506932484986
t12.2022.08.18,train,nonvocal,t12.2022.08.13,222,you don't have quite as much money,372,86,29,30,2,0.06896551724137931,True,-6.483199043016234
t12.2022.08.18,train,nonvocal,t12.2022.08.13,223,what did he teach,194,41,15,15,8,0.5333333333333333,True,-27.79537638832737
t12.2022.08.18,train,nonvocal,t12.2022.08.13,224,a little over five thousand miles,384,89,28,29,8,0.2857142857142857,True,-30.863913508610285
t12.2022.08.18,train,nonvocal,t12.2022.08.13,225,no that's really when i grew up,338,77,26,23,5,0.19230769230769232,True,-26.326498611367867
t12.2022.08.18,train,nonvocal,t12.2022.08.13,226,i wanted to get to the silence of the lambs,492,116,40,40,8,0.2,True,-52.79820854199667
t12.2022.08.18,train,nonvocal,t12.2022.08.13,227,twelve or fifteen thousand miles,323,73,28,28,13,0.4642857142857143,True,-60.77013485642746
t12.2022.08.18,train,nonvocal,t12.2022.08.13,228,i guess i'm like a lot of other people,452,106,32,33,3,0.09375,True,-8.879299314176711
t12.2022.08.18,train,nonvocal,t12.2022.08.13,229,i think the majority are in that,321,73,29,28,6,0.20689655172413793,True,-60.98591029562289
t12.2022.08.18,train,nonvocal,t12.2022.08.13,230,that's always good,194,41,15,16,2,0.13333333333333333,True,-7.490231700240745
t12.2022.08.18,train,nonvocal,t12.2022.08.13,231,it's going to be hard to,237,52,23,25,8,0.34782608695652173,True,-41.200592111616764
t12.2022.08.18,train,nonvocal,t12.2022.08.13,232,i don't understand,194,41,17,17,0,0.0,True,-4.175591216914983
t12.2022.08.18,train,nonvocal,t12.2022.08.13,233,a lot of days i'll get two and three calls,496,117,36,37,6,0.16666666666666666,True,-32.82067364201199
t12.2022.08.18,train,nonvocal,t12.2022.08.13,234,on our closest neighbors like mexico and canada,460,108,43,46,15,0.3488372093023256,True,-55.21145394435598
t12.2022.08.18,train,nonvocal,t12.2022.08.13,235,i would love to,189,40,13,13,1,0.07692307692307693,True,-2.3584811430708434
t12.2022.08.18,train,nonvocal,t12.2022.08.13,236,you do have government money to fund,368,85,32,37,10,0.3125,True,-39.07146170467673
t12.2022.08.18,train,nonvocal,t12.2022.08.13,237,that was pretty heart rending for her,382,88,33,34,6,0.18181818181818182,True,-35.41302607158767
t12.2022.08.18,train,nonvocal,t12.2022.08.13,238,they don't have a disk drive,297,67,24,26,6,0.25,True,-18.05710680650231
t12.2022.08.18,train,nonvocal,t12.2022.08.13,239,boy i'd sure like to,197,42,17,17,3,0.17647058823529413,True,-21.09816622389371
t12.2022.08.18,train,nonvocal,t12.2022.08.13,240,it does a lot for you i think,287,64,27,28,2,0.07407407407407407,True,-10.269726037539407
t12.2022.08.18,train,nonvocal,t12.2022.08.13,241,when the earthquake hit,204,44,18,19,8,0.4444444444444444,True,-40.09649074543456
t12.2022.08.18,train,nonvocal,t12.2022.08.13,242,that can't be good for los angeles either,352,81,36,41,13,0.3611111111111111,True,-51.32828151338802
t12.2022.08.18,train,nonvocal,t12.2022.08.13,243,i don't know what it's like,264,59,22,20,3,0.13636363636363635,True,-10.686251630924504
t12.2022.08.18,train,nonvocal,t12.2022.08.13,244,i like to visit with my company,301,68,30,31,4,0.13333333333333333,True,-15.78574805010307
t12.2022.08.18,train,nonvocal,t12.2022.08.13,245,do you belong to that,227,49,19,22,7,0.3684210526315789,True,-40.05280716323385
t12.2022.08.18,train,nonvocal,t12.2022.08.13,246,then don't pay it,185,39,15,16,5,0.3333333333333333,True,-24.318625929833903
t12.2022.08.18,train,nonvocal,t12.2022.08.13,247,i'm sure it creates a large amount,298,67,30,28,8,0.26666666666666666,True,-22.70225073166623
t12.2022.08.18,train,nonvocal,t12.2022.08.13,248,really major job,188,40,14,15,6,0.42857142857142855,True,-31.2650999833488
t12.2022.08.18,train,nonvocal,t12.2022.08.13,249,if it's going to make any effect,314,71,29,31,5,0.1724137931034483,True,-23.461071296996053
t12.2022.08.18,train,nonvocal,t12.2022.08.13,250,i just pushed that in,236,52,19,18,4,0.21052631578947367,True,-29.79017315090063
t12.2022.08.18,train,nonvocal,t12.2022.08.13,251,i seem to feel the same way,290,65,23,24,2,0.08695652173913043,True,-11.183682589716145
t12.2022.08.18,train,nonvocal,t12.2022.08.13,252,i've got about twelve tickets in the mail,368,85,35,35,8,0.22857142857142856,True,-31.28981595380489
t12.2022.08.18,train,nonvocal,t12.2022.08.13,253,about three years ago,242,53,18,17,8,0.4444444444444444,True,-37.2899324451313
t12.2022.08.18,train,nonvocal,t12.2022.08.13,254,you would like it,207,44,14,14,2,0.14285714285714285,True,-9.845659985792446
t12.2022.08.18,train,nonvocal,t12.2022.08.13,255,in the operating room a lot,301,68,24,24,6,0.25,True,-22.060689662902085
t12.2022.08.18,train,nonvocal,t12.2022.08.13,256,it got to be pretty big,243,53,23,23,2,0.08695652173913043,True,-5.529831628388171
t12.2022.08.18,train,nonvocal,t12.2022.08.13,257,that's why i don't do as much as i'd like,358,82,35,32,9,0.2571428571428571,True,-58.762083965371836
t12.2022.08.18,train,nonvocal,t12.2022.08.13,258,we camped at the degray state park in arkansas,426,99,42,42,11,0.2619047619047619,True,-78.56260724858957
t12.2022.08.18,train,nonvocal,t12.2022.08.13,259,it seems to be validated by the press,347,79,35,35,7,0.2,True,-41.25181668081777
t12.2022.08.18,train,nonvocal,t12.2022.08.13,260,i do not know what,253,56,16,15,2,0.125,True,-26.58324213260496
t12.2022.08.18,train,nonvocal,t12.2022.08.13,261,when you make that point,188,40,20,20,0,0.0,True,-2.4807295199470856
t12.2022.08.18,train,nonvocal,t12.2022.08.13,262,this was in louisiana,214,46,20,17,6,0.3,True,-45.354186755190824
t12.2022.08.18,train,nonvocal,t12.2022.08.13,263,she was in there first,202,43,19,18,4,0.21052631578947367,True,-26.977112458013117
t12.2022.08.18,train,nonvocal,t12.2022.08.13,264,i think that would be a wonderful way to do it,419,97,41,40,7,0.17073170731707318,True,-38.15313872360557
t12.2022.08.18,train,nonvocal,t12.2022.08.13,265,why don't you go ahead and start,330,75,29,31,6,0.20689655172413793,True,-31.066216480420337
t12.2022.08.18,train,nonvocal,t12.2022.08.13,266,last week we got a lot,259,57,22,22,1,0.045454545454545456,True,-5.3078838344157715
t12.2022.08.18,train,nonvocal,t12.2022.08.13,267,everybody hopes that,185,39,18,15,7,0.3888888888888889,True,-22.990648490637856
t12.2022.08.18,train,nonvocal,t12.2022.08.13,268,where you live now,189,40,14,14,2,0.14285714285714285,True,-9.167469592026867
t12.2022.08.18,train,nonvocal,t12.2022.08.13,269,i don't really like the pirates,298,67,26,27,3,0.11538461538461539,True,-16.25631938495657
t12.2022.08.18,train,nonvocal,t12.2022.08.13,270,we'll have we reached our limit,252,56,25,21,14,0.56,True,-86.47473687504998
t12.2022.08.18,train,nonvocal,t12.2022.08.13,271,i don't know why it's so hard to find,364,84,33,31,7,0.21212121212121213,True,-25.6916595504347
t12.2022.08.18,train,nonvocal,t12.2022.08.13,272,preparing is a real problem,282,63,26,23,10,0.38461538461538464,True,-54.013110897182244
t12.2022.08.18,train,nonvocal,t12.2022.08.13,273,what are the ages of your kids then,368,85,31,31,9,0.2903225806451613,True,-49.57741927155047
t12.2022.08.18,train,nonvocal,t12.2022.08.13,274,i don't really particularly like but,340,78,33,28,12,0.36363636363636365,True,-108.8837570819769
t12.2022.08.18,train,nonvocal,t12.2022.08.13,275,i don't remember which other one it was,415,96,34,34,9,0.2647058823529412,True,-41.02670476200546
t12.2022.08.18,train,nonvocal,t12.2022.08.13,276,six weeks later they're back to work,330,75,30,28,7,0.23333333333333334,True,-24.096579113987204
t12.2022.08.18,train,nonvocal,t12.2022.08.13,277,some of the time,170,35,14,14,1,0.07142857142857142,True,-5.739248943957951
t12.2022.08.18,train,nonvocal,t12.2022.08.13,278,sign papers that say this is yours,332,76,29,28,7,0.2413793103448276,True,-29.895042602194426
t12.2022.08.18,train,nonvocal,t12.2022.08.13,279,they've come from so far down,249,55,24,23,8,0.3333333333333333,True,-37.941890450959704
t12.2022.08.18,train,nonvocal,t12.2022.08.13,280,come down about halfway,263,58,19,19,1,0.05263157894736842,True,-4.403997366772424
t12.2022.08.18,train,nonvocal,t12.2022.08.13,281,what the kid was doing,233,51,20,21,2,0.1,True,-7.792169140534164
t12.2022.08.18,train,nonvocal,t12.2022.08.13,282,its got a lot of bedrooms and bathrooms,361,83,37,37,6,0.16216216216216217,True,-28.496124981947332
t12.2022.08.18,train,nonvocal,t12.2022.08.13,283,we've kind of driven these people out,320,73,32,31,5,0.15625,True,-54.97716416973952
t12.2022.08.18,train,nonvocal,t12.2022.08.13,284,you can still get a good idea,332,76,27,26,4,0.14814814814814814,True,-20.383539429430794
t12.2022.08.18,train,nonvocal,t12.2022.08.13,285,go to anything that's real expensive,345,79,32,33,1,0.03125,True,-7.573761737742326
t12.2022.08.18,train,nonvocal,t12.2022.08.13,286,everything's geared towards young,264,59,26,21,11,0.4230769230769231,True,-70.3340554078351
t12.2022.08.18,train,nonvocal,t12.2022.08.13,287,much more to contribute to the topic,322,73,34,35,12,0.35294117647058826,True,-68.97817300474091
t12.2022.08.18,train,nonvocal,t12.2022.08.13,288,the lenses for cameras,305,69,21,21,7,0.3333333333333333,True,-28.42456160584767
t12.2022.08.18,train,nonvocal,t12.2022.08.13,289,our band practice is on monday night,368,85,32,31,9,0.28125,True,-36.7038990000446
t12.2022.08.18,train,nonvocal,t12.2022.08.13,290,two and a half hours to get there,308,70,28,29,7,0.25,True,-39.98067796881455
t12.2022.08.18,train,nonvocal,t12.2022.08.13,291,a vegetable garden,211,45,18,18,4,0.2222222222222222,True,-18.97251237075263
t12.2022.08.18,train,nonvocal,t12.2022.08.13,292,we decided to stay,228,50,18,15,4,0.2222222222222222,True,-23.961352039366318
t12.2022.08.18,train,nonvocal,t12.2022.08.13,293,up a couple of feet,252,56,18,21,7,0.3888888888888889,True,-27.53235128308397
t12.2022.08.18,train,nonvocal,t12.2022.08.13,294,if it's paper it will probably shred,354,81,33,34,6,0.18181818181818182,True,-36.12581284593951
t12.2022.08.18,train,nonvocal,t12.2022.08.13,295,we're just more or less at american express,393,91,40,34,15,0.375,True,-98.62817478460477
t12.2022.08.18,train,nonvocal,t12.2022.08.13,296,i don't know how familiar you are with maryland,465,109,40,38,8,0.2,True,-27.79110108043381
t12.2022.08.18,train,nonvocal,t12.2022.08.13,297,you really aren't isolated,335,76,23,24,8,0.34782608695652173,True,-21.685663469315628
t12.2022.08.18,train,nonvocal,t12.2022.08.13,298,everybody just loves it,268,60,22,20,10,0.45454545454545453,True,-46.39507945715401
t12.2022.08.18,train,nonvocal,t12.2022.08.13,299,now that the grandkids are here,331,75,27,27,5,0.18518518518518517,True,-19.083526650421703
t12.2022.08.18,train,nonvocal,t12.2022.08.13,300,within two days of each other,269,60,23,25,8,0.34782608695652173,True,-45.797461520443235
t12.2022.08.18,train,nonvocal,t12.2022.08.13,301,we had an occasion,239,52,17,18,2,0.11764705882352941,True,-7.029861706290272
t12.2022.08.18,train,nonvocal,t12.2022.08.13,302,i don't even know,226,49,15,15,0,0.0,True,-3.1653647538745737
t12.2022.08.18,train,nonvocal,t12.2022.08.13,303,i bought a lincoln and i like it,381,88,28,30,5,0.17857142857142858,True,-26.238456705774816
t12.2022.08.18,train,nonvocal,t12.2022.08.13,304,this is their compensation,300,68,23,23,6,0.2608695652173913,True,-26.18064430947873
t12.2022.08.18,train,nonvocal,t12.2022.08.13,305,i don't know that anybody knows the answers,378,87,35,34,4,0.11428571428571428,True,-23.035588872623062
t12.2022.08.18,train,nonvocal,t12.2022.08.13,306,you take it easy,179,37,14,14,2,0.14285714285714285,True,-14.127651579178357
t12.2022.08.18,train,nonvocal,t12.2022.08.13,307,which is a good thing,209,45,17,18,4,0.23529411764705882,True,-19.019904085421597
t12.2022.08.18,train,nonvocal,t12.2022.08.13,308,we have an investment plan,299,67,26,27,4,0.15384615384615385,True,-16.81759591376601
t12.2022.08.18,train,nonvocal,t12.2022.08.13,309,happy to go hiking,232,51,17,17,3,0.17647058823529413,True,-13.604402908656343
t12.2022.08.18,train,nonvocal,t12.2022.08.13,310,i can never quite stay current with that,372,86,34,33,7,0.20588235294117646,True,-48.353106135291306
t12.2022.08.18,train,nonvocal,t12.2022.08.13,311,the end of the civil war,259,57,23,24,3,0.13043478260869565,True,-8.236210498629953
t12.2022.08.18,train,nonvocal,t12.2022.08.13,312,worked most of my life,226,49,20,21,6,0.3,True,-31.981665898133755
t12.2022.08.18,train,nonvocal,t12.2022.08.13,313,the creek overflows,199,42,16,16,5,0.3125,True,-17.638950479375193
t12.2022.08.18,train,nonvocal,t12.2022.08.13,314,you got some lakes around you can do that,372,86,35,35,5,0.14285714285714285,True,-26.98871492701871
t12.2022.08.18,train,nonvocal,t12.2022.08.13,315,you probably get this,212,46,20,21,2,0.1,True,-8.20673399188233
t12.2022.08.18,train,nonvocal,t12.2022.08.13,316,they're both very good,270,60,17,18,9,0.5294117647058824,True,-56.89995584993441
t12.2022.08.18,train,nonvocal,t12.2022.08.13,317,working in that condo,205,44,19,20,4,0.21052631578947367,True,-12.594001455762518
t12.2022.08.18,train,nonvocal,t12.2022.08.13,318,in the case that you brought up,302,68,25,27,5,0.2,True,-22.47618324252382
t12.2022.08.18,train,nonvocal,t12.2022.08.13,319,we do get an awful lot of music,403,93,32,33,12,0.375,True,-60.17354509922992
t12.2022.08.18,train,nonvocal,t12.2022.08.13,320,i probably have one of every credit card there is,440,103,46,44,10,0.21739130434782608,True,-52.12882573431982
t12.2022.08.18,train,nonvocal,t12.2022.08.13,321,i feel really bad that it's turned so much,402,93,35,35,9,0.2571428571428571,True,-57.734347166382896
t12.2022.08.18,train,nonvocal,t12.2022.08.13,322,i have a friend who is working,335,76,26,25,4,0.15384615384615385,True,-34.396592138756745
t12.2022.08.18,train,nonvocal,t12.2022.08.13,323,if you could include that in benefits,392,91,33,32,9,0.2727272727272727,True,-47.16940627380886
t12.2022.08.18,train,nonvocal,t12.2022.08.13,324,let's say typical,188,40,16,14,7,0.4375,True,-45.16643774827344
t12.2022.08.18,train,nonvocal,t12.2022.08.13,325,we've had our way of life,280,63,21,23,4,0.19047619047619047,True,-32.0507539507128
t12.2022.08.18,train,nonvocal,t12.2022.08.13,326,we go out with friends,234,51,20,23,4,0.2,True,-17.625394324568262
t12.2022.08.18,train,nonvocal,t12.2022.08.13,327,well i'm definitely for it,238,52,24,22,7,0.2916666666666667,True,-28.519206536660537
t12.2022.08.18,train,nonvocal,t12.2022.08.13,328,i mean i guess you could take those off too,469,110,33,33,10,0.30303030303030304,True,-83.48077815155327
t12.2022.08.18,train,nonvocal,t12.2022.08.13,329,to compensate for some of the benefits,333,76,36,35,4,0.1111111111111111,True,-17.454270263224362
t12.2022.08.18,train,nonvocal,t12.2022.08.13,330,i absorbed all of that movie in one sitting,378,87,38,37,13,0.34210526315789475,True,-65.98552974634079
t12.2022.08.18,train,nonvocal,t12.2022.08.13,331,oklahoma's nothing like it,273,61,23,23,8,0.34782608695652173,True,-40.676934023048915
t12.2022.08.18,train,nonvocal,t12.2022.08.13,332,how strong is it,174,36,15,13,3,0.2,True,-23.746930884921287
t12.2022.08.18,train,nonvocal,t12.2022.08.13,333,i've just been called,265,59,17,18,2,0.11764705882352941,True,-4.162009516134341
t12.2022.08.18,train,nonvocal,t12.2022.08.13,334,i know my daughter saw that and she liked it,449,105,35,35,10,0.2857142857142857,True,-38.6928793400327
t12.2022.08.18,train,nonvocal,t12.2022.08.13,335,our kids might be in a great school,435,101,30,31,11,0.36666666666666664,True,-55.961964411004146
t12.2022.08.18,train,nonvocal,t12.2022.08.13,336,i used to have a chevy,287,64,21,22,7,0.3333333333333333,True,-34.827633360547104
t12.2022.08.18,train,nonvocal,t12.2022.08.13,337,just being around young people,351,80,25,25,14,0.56,True,-85.08229229677792
t12.2022.08.18,train,nonvocal,t12.2022.08.13,338,her last sister died,221,48,18,15,4,0.2222222222222222,True,-24.795699311581625
t12.2022.08.18,train,nonvocal,t12.2022.08.13,339,practice makes perfect,224,49,20,20,7,0.35,True,-28.313866568849416
t12.2022.08.18,train,nonvocal,t12.2022.08.13,340,i do remember demonstrations,355,81,27,21,9,0.3333333333333333,True,-54.41396876211382
t12.2022.08.18,train,nonvocal,t12.2022.08.13,341,eighty years or so,210,45,15,15,5,0.3333333333333333,True,-14.516427025723614
t12.2022.08.18,train,nonvocal,t12.2022.08.13,342,we went to carmel,226,49,18,17,3,0.16666666666666666,True,-9.535035967592984
t12.2022.08.18,train,nonvocal,t12.2022.08.13,343,i don't know if you've tried it,295,66,25,23,4,0.16,True,-15.666408675141774
t12.2022.08.18,train,nonvocal,t12.2022.08.13,344,is in good standing in america and china,440,103,38,34,16,0.42105263157894735,True,-80.94035276881439
t12.2022.08.18,train,nonvocal,t12.2022.08.13,345,perhaps not in dallas,261,58,20,19,5,0.25,True,-35.28245867850138
t12.2022.08.18,train,nonvocal,t12.2022.08.13,346,we got ripped off buying our new car,342,78,30,27,14,0.4666666666666667,True,-82.67708551072323
t12.2022.08.18,train,nonvocal,t12.2022.08.13,347,even when he's sad,214,46,17,18,4,0.23529411764705882,True,-11.46502881911781
t12.2022.08.18,train,nonvocal,t12.2022.08.13,348,sometimes it gets to be excessive,285,64,30,30,7,0.23333333333333334,True,-39.20770373073228
t12.2022.08.18,train,nonvocal,t12.2022.08.13,349,my next trip is going to be to texas,346,79,38,39,8,0.21052631578947367,True,-30.869390979011254
t12.2022.08.18,train,nonvocal,t12.2022.08.13,350,you can do it as long as you want,339,77,31,31,5,0.16129032258064516,True,-19.016910434557232
t12.2022.08.18,train,nonvocal,t12.2022.08.13,351,they can provide for society,279,62,26,23,9,0.34615384615384615,True,-62.01592747556972
t12.2022.08.18,train,nonvocal,t12.2022.08.13,352,i came in backwards,252,56,17,17,6,0.35294117647058826,True,-33.582251662339054
t12.2022.08.18,train,nonvocal,t12.2022.08.13,353,it was not necessarily local,274,61,28,24,9,0.32142857142857145,True,-63.42977239099637
t12.2022.08.18,train,nonvocal,t12.2022.08.13,354,it's interesting we got this topic,306,69,31,30,5,0.16129032258064516,True,-14.606676158229781
t12.2022.08.18,train,nonvocal,t12.2022.08.13,355,you can't stop people,249,55,19,19,7,0.3684210526315789,True,-32.45476312364404
t12.2022.08.18,train,nonvocal,t12.2022.08.13,356,you're from where,204,44,13,12,2,0.15384615384615385,True,-18.83446383622798
t12.2022.08.18,train,nonvocal,t12.2022.08.13,357,evidently was elected president,289,65,32,31,12,0.375,True,-47.72168212335186
t12.2022.08.18,train,nonvocal,t12.2022.08.13,358,maybe they will come through,275,61,20,18,4,0.2,True,-10.989618574725311
t12.2022.08.18,train,nonvocal,t12.2022.08.13,359,that's mostly my son's,183,38,20,17,5,0.25,True,-30.559503661633823
t12.2022.08.18,train,nonvocal,t12.2022.08.13,360,from business people,213,46,18,18,12,0.6666666666666666,True,-44.33800769204145
t12.2022.08.18,train,nonvocal,t12.2022.08.13,361,we have a huge chemical data base,345,79,31,30,10,0.3225806451612903,True,-32.66356202365543
t12.2022.08.18,train,nonvocal,t12.2022.08.13,362,in some of the more crowded states,343,78,30,31,7,0.23333333333333334,True,-26.271559177210086
t12.2022.08.18,train,nonvocal,t12.2022.08.13,363,they love violent leaders,241,53,21,21,6,0.2857142857142857,True,-34.04480343186419
t12.2022.08.18,train,nonvocal,t12.2022.08.13,364,the same city or county,258,57,21,25,7,0.3333333333333333,True,-23.25788862303345
t12.2022.08.18,train,nonvocal,t12.2022.08.13,365,i wore suits,158,32,11,9,4,0.36363636363636365,True,-21.711000269007855
t12.2022.08.18,train,nonvocal,t12.2022.08.13,366,just get rid of them,220,48,20,21,8,0.4,True,-18.835216860994194
t12.2022.08.18,train,nonvocal,t12.2022.08.13,367,lo and behold,202,43,14,14,1,0.07142857142857142,True,-4.812935010127426
t12.2022.08.18,train,nonvocal,t12.2022.08.13,368,they had to abide by the rules,310,70,26,25,3,0.11538461538461539,True,-22.481982535016076
t12.2022.08.18,train,nonvocal,t12.2022.08.13,369,tomatoes grow like crazy at our house,341,78,32,31,13,0.40625,True,-58.109437014364545
t12.2022.08.18,train,nonvocal,t12.2022.08.13,370,i tend to agree with you,260,58,22,24,5,0.22727272727272727,True,-38.18071567283569
t12.2022.08.18,train,nonvocal,t12.2022.08.13,371,if you don't pay it off within that month,364,84,35,37,7,0.2,True,-32.668856367038245
t12.2022.08.18,train,nonvocal,t12.2022.08.13,372,i'm not the one who writes the orders,319,72,31,28,10,0.3225806451612903,True,-73.75530447765155
t12.2022.08.18,train,nonvocal,t12.2022.08.13,373,not going from side to side,284,64,25,25,4,0.16,True,-27.01481043967802
t12.2022.08.18,train,nonvocal,t12.2022.08.13,374,what are you thinking about buying,288,65,27,29,8,0.2962962962962963,True,-42.830547671397525
t12.2022.08.18,train,nonvocal,t12.2022.08.13,375,there needs to be a line drawn somewhere,375,86,33,32,5,0.15151515151515152,True,-21.38469166072163
t12.2022.08.18,train,nonvocal,t12.2022.08.13,376,some people seem fairly well suited,299,67,30,30,9,0.3,True,-43.9071020852991
t12.2022.08.18,train,nonvocal,t12.2022.08.13,377,what did he say about it,253,56,22,21,3,0.13636363636363635,True,-16.709071649769417
t12.2022.08.18,train,nonvocal,t12.2022.08.13,378,he didn't make it,196,42,17,17,0,0.0,True,-1.9487395639918523
t12.2022.08.18,train,nonvocal,t12.2022.08.13,379,this is before i was born,238,52,24,24,1,0.041666666666666664,True,-5.340981835391947
t12.2022.08.18,train,nonvocal,t12.2022.08.13,380,get around to it,243,53,15,15,3,0.2,True,-10.006496609851467
t12.2022.08.18,train,nonvocal,t12.2022.08.13,381,cars passing their emission tests,285,64,28,25,8,0.2857142857142857,True,-41.659334773938895
t12.2022.08.18,train,nonvocal,t12.2022.08.13,382,i doubt if zucchini is in there,348,80,26,29,9,0.34615384615384615,True,-55.584420646697225
t12.2022.08.18,train,nonvocal,t12.2022.08.13,383,they have to be in charge,256,57,21,20,3,0.14285714285714285,True,-11.590609725813229
t12.2022.08.18,train,nonvocal,t12.2022.08.13,384,i like the classics too,216,47,20,19,2,0.1,True,-7.545572144042129
t12.2022.08.18,train,nonvocal,t12.2022.08.13,385,this is ridiculous,200,43,18,17,5,0.2777777777777778,True,-17.758087869958786
t12.2022.08.18,train,nonvocal,t12.2022.08.13,386,some more than others,174,36,17,17,0,0.0,True,-2.2995751349516986
t12.2022.08.18,train,nonvocal,t12.2022.08.13,387,there is kind of a set pattern to it,334,76,33,32,10,0.30303030303030304,True,-42.539375674950094
t12.2022.08.18,train,nonvocal,t12.2022.08.13,388,my kids were born,237,52,16,16,2,0.125,True,-10.661317200416615
t12.2022.08.18,train,nonvocal,t12.2022.08.13,389,did you have training in singing,275,61,27,26,7,0.25925925925925924,True,-46.642811456239095
t12.2022.08.18,train,nonvocal,t12.2022.08.13,390,just pocket change to a lot of people,316,72,34,33,10,0.29411764705882354,True,-71.98346519201482
t12.2022.08.18,train,nonvocal,t12.2022.08.13,391,we're living longer and people are less trusting,381,88,41,40,15,0.36585365853658536,True,-69.73211318757978
t12.2022.08.18,train,nonvocal,t12.2022.08.13,392,most dogs do that,195,41,17,16,2,0.11764705882352941,True,-3.004603471056835
t12.2022.08.18,train,nonvocal,t12.2022.08.13,393,it helps you hang onto your roots,268,60,30,26,9,0.3,True,-36.015501856910554
t12.2022.08.18,train,nonvocal,t12.2022.08.13,394,we have incredible property taxes down here,394,91,41,37,12,0.2926829268292683,True,-65.52540207982983
t12.2022.08.18,train,nonvocal,t12.2022.08.13,395,well i'm going to,171,35,15,15,0,0.0,True,-1.5167762586720503
t12.2022.08.18,train,nonvocal,t12.2022.08.13,396,we're not quite up to that sort of thing,343,78,35,34,2,0.05714285714285714,True,-16.61557473489665
t12.2022.08.18,train,nonvocal,t12.2022.08.13,397,she enjoys that kind of stuff,247,54,26,27,3,0.11538461538461539,True,-15.899288286100967
t12.2022.08.18,train,nonvocal,t12.2022.08.13,398,they just had this jewelry account,296,67,29,21,16,0.5517241379310345,True,-97.73524138257542
t12.2022.08.18,train,nonvocal,t12.2022.08.13,399,they seem to be,200,43,13,14,2,0.15384615384615385,True,-12.663855663951187
t12.2022.08.18,train,nonvocal,t12.2022.08.13,400,you have one floor all to yourself,281,63,29,25,6,0.20689655172413793,True,-37.56082000432784
t12.2022.08.18,train,nonvocal,t12.2022.08.13,401,i think they only have four boys,276,62,27,27,2,0.07407407407407407,True,-12.732436265891222
t12.2022.08.18,train,nonvocal,t12.2022.08.13,402,it's easy to say,202,43,14,16,4,0.2857142857142857,True,-12.660944798074967
t12.2022.08.18,train,nonvocal,t12.2022.08.13,403,seventy nine degrees,217,47,19,16,7,0.3684210526315789,True,-34.35687508423182
t12.2022.08.18,train,nonvocal,t12.2022.08.13,404,with other things going on,230,50,21,21,0,0.0,True,-2.8671044518242996
t12.2022.08.18,train,nonvocal,t12.2022.08.13,405,some more jewelry,192,41,15,15,7,0.4666666666666667,True,-45.44602726606809
t12.2022.08.18,train,nonvocal,t12.2022.08.13,406,is it legend,202,43,13,14,6,0.46153846153846156,True,-30.84028563580598
t12.2022.08.18,train,nonvocal,t12.2022.08.13,407,did you see any of those,258,57,21,21,3,0.14285714285714285,True,-11.132489692169981
t12.2022.08.18,train,nonvocal,t12.2022.08.13,408,i didn't feel like she was mature enough socially,435,101,42,42,14,0.3333333333333333,True,-59.28129354979114
t12.2022.08.18,train,nonvocal,t12.2022.08.13,409,it's not as severe,261,58,17,17,3,0.17647058823529413,True,-8.41395570112007
t12.2022.08.18,train,nonvocal,t12.2022.08.13,410,tell them some of the things we're doing,324,74,32,31,8,0.25,True,-38.953719792683295
t12.2022.08.18,train,nonvocal,t12.2022.08.13,411,you don't want to do that,252,56,23,23,0,0.0,True,-2.9923140141779543
t12.2022.08.18,train,nonvocal,t12.2022.08.13,412,even what you recycle,433,101,20,20,5,0.25,True,-22.218712747479398
t12.2022.08.18,train,nonvocal,t12.2022.08.13,413,they were very flexible,237,52,21,19,5,0.23809523809523808,True,-16.83752946509047
t12.2022.08.18,train,nonvocal,t12.2022.08.13,414,i never did get into them,278,62,24,24,0,0.0,True,-4.484042291269707
t12.2022.08.18,train,nonvocal,t12.2022.08.13,415,i've always had a big interest,274,61,27,28,10,0.37037037037037035,True,-35.12791133853604
t12.2022.08.18,train,nonvocal,t12.2022.08.13,416,it gets a little aggravating,265,59,26,28,7,0.2692307692307692,True,-23.802227085092884
t12.2022.08.18,train,nonvocal,t12.2022.08.13,417,they've got a nice one,215,46,18,19,4,0.2222222222222222,True,-21.718194531276655
t12.2022.08.18,train,nonvocal,t12.2022.08.13,418,i wonder what the next generation will be like,425,99,41,42,9,0.21951219512195122,True,-53.952507126984564
t12.2022.08.18,train,nonvocal,t12.2022.08.13,419,there was no structure,240,53,19,15,7,0.3684210526315789,True,-47.57856149548859
t12.2022.08.18,train,nonvocal,t12.2022.08.13,420,we tried to do it every other month,317,72,31,31,2,0.06451612903225806,True,-10.664677231324424
t12.2022.08.18,train,nonvocal,t12.2022.08.13,421,for a while i was doing it every day,356,82,32,32,5,0.15625,True,-21.158997964128964
t12.2022.08.18,train,nonvocal,t12.2022.08.13,422,would you like me to go first,276,62,25,25,5,0.2,True,-26.86454070010249
t12.2022.08.18,train,nonvocal,t12.2022.08.13,423,i'm not good enough for that,263,58,24,25,3,0.125,True,-10.59243198696861
t12.2022.08.18,train,nonvocal,t12.2022.08.13,424,they got some interaction with someone,331,75,32,32,9,0.28125,True,-33.691915133247605
t12.2022.08.18,train,nonvocal,t12.2022.08.13,425,my son has a cat,258,57,17,18,6,0.35294117647058826,True,-26.722207115465846
t12.2022.08.18,train,nonvocal,t12.2022.08.13,426,she went through three housekeepers,298,67,25,24,12,0.48,True,-70.81442879065503
t12.2022.08.18,train,nonvocal,t12.2022.08.13,427,they were very good,194,41,15,14,3,0.2,True,-7.255601581535318
t12.2022.08.18,train,nonvocal,t12.2022.08.13,428,just moved here,143,28,14,15,2,0.14285714285714285,True,-4.7092348156471635
t12.2022.08.18,train,nonvocal,t12.2022.08.13,429,i mailed off a check but then it was too late,429,100,38,38,10,0.2631578947368421,True,-68.5149799494814
t12.2022.08.18,train,nonvocal,t12.2022.08.13,430,that would be great,186,39,16,15,3,0.1875,True,-17.01726180974604
t12.2022.08.18,train,nonvocal,t12.2022.08.13,431,i noticed those dogs,213,46,18,17,6,0.3333333333333333,True,-23.718607291513127
t12.2022.08.18,train,nonvocal,t12.2022.08.13,432,in my married life,240,53,16,16,4,0.25,True,-21.576090984806147
t12.2022.08.18,train,nonvocal,t12.2022.08.13,433,eligible for a fine,275,61,19,19,4,0.21052631578947367,True,-23.701444802662166
t12.2022.08.18,train,nonvocal,t12.2022.08.13,434,i mean you can just sit,267,59,22,20,5,0.22727272727272727,True,-21.378865141219848
t12.2022.08.18,train,nonvocal,t12.2022.08.13,435,the worst quality of food,260,58,23,24,6,0.2608695652173913,True,-29.96099700443316
t12.2022.08.18,train,nonvocal,t12.2022.08.13,436,go to the dining room,219,47,19,18,2,0.10526315789473684,True,-14.889946323999698
t12.2022.08.18,train,nonvocal,t12.2022.08.13,437,i produce quite a bit of trash,282,63,28,24,10,0.35714285714285715,True,-66.96340922685273
t12.2022.08.18,train,nonvocal,t12.2022.08.13,438,jeans aren't exactly professional,333,76,31,28,12,0.3870967741935484,True,-46.486620059456186
t12.2022.08.18,train,nonvocal,t12.2022.08.13,439,he always got this,204,44,17,17,0,0.0,True,-2.061889669642892
